Data,Chuva_Media_Thiessen,N_estacoes
1990-01-01,0.0,4
1990-01-02,0.0,4
1990-01-03,0.13785883474764118,4
1990-01-04,0.0,4
1990-01-05,0.0,4
1990-01-06,0.07306893589583859,4
1990-01-07,0.0,4
1990-01-08,0.0,4
1990-01-09,0.0,4
1990-01-10,0.0,4
1990-01-11,0.0,4
1990-01-12,0.0,4
1990-01-13,0.0,4
1990-01-14,0.0,4
1990-01-15,0.0,4
1990-01-16,0.0,4
1990-01-17,0.0,4
1990-01-18,0.0,4
1990-01-19,0.0,4
1990-01-20,0.0,4
1990-01-21,0.0,4
1990-01-22,0.0,4
1990-01-23,0.0,4
1990-01-24,1.388309782020933,4
1990-01-25,0.5681156542169523,4
1990-01-26,2.208057753635881,4
1990-01-27,0.0,4
1990-01-28,0.0,4
1990-01-29,0.0,4
1990-01-30,0.0,4
1990-01-31,0.0,4
1990-02-01,0.0,4
1990-02-02,0.7237588824251162,4
1990-02-03,0.0,4
1990-02-04,0.01978020855118477,4
1990-02-05,0.0,4
1990-02-06,2.5159237341444514,4
1990-02-07,0.13443963549894125,4
1990-02-08,2.0165945324841186,4
1990-02-09,0.30189509558819955,3
1990-02-10,3.3402938811813545,3
1990-02-11,13.444789297934372,3
1990-02-12,17.999974922502517,3
1990-02-13,4.6182709640460144,3
1990-02-14,0.6623356739093638,4
1990-02-15,7.6637515247018,4
1990-02-16,9.715810461259998,3
1990-02-17,15.578411948083335,4
1990-02-18,4.165605310718762,4
1990-02-19,0.4180919022823523,4
1990-02-20,4.332672058616799,4
1990-02-21,0.0,4
1990-02-22,5.4454239725318265,4
1990-02-23,2.3867984634406976,4
1990-02-24,0.5114825512708701,4
1990-02-25,2.415160764705596,4
1990-02-26,1.3152408461250946,4
1990-02-27,0.27571766949528237,4
1990-02-28,0.0,4
1990-03-01,0.0,4
1990-03-02,0.0,4
1990-03-03,0.14613787179167717,4
1990-03-04,0.21920680768751574,4
1990-03-05,0.0,4
1990-03-06,1.924535607434192,4
1990-03-07,7.8913763674508495,4
1990-03-08,3.5543856409043584,4
1990-03-09,0.20165945324841186,4
1990-03-10,9.20668592287566,4
1990-03-11,11.001643504996693,4
1990-03-12,1.0150551257152423,4
1990-03-13,0.0,4
1990-03-14,0.0,4
1990-03-15,0.7752186652866669,4
1990-03-16,8.549065499813114,4
1990-03-17,11.203483121980147,4
1990-03-18,8.91937906851822,4
1990-03-19,0.0,4
1990-03-20,0.27571766949528237,4
1990-03-21,6.097566409292281,4
1990-03-22,0.07912083420473907,4
1990-03-23,15.811865498630407,4
1990-03-24,0.0,4
1990-03-25,4.255198052771165,4
1990-03-26,4.794010139557789,4
1990-03-27,18.58588332894458,4
1990-03-28,0.0,4
1990-03-29,1.4861219920591604,4
1990-03-30,0.25440667605157125,4
1990-03-31,0.07306893589583859,4
1990-04-01,2.285740768391367,4
1990-04-02,2.733605921811805,4
1990-04-03,0.0,4
1990-04-04,17.36089860441267,4
1990-04-05,1.6723676091294093,4
1990-04-06,5.700191181072025,4
1990-04-07,7.611400214753829,4
1990-04-08,1.0229651025417401,4
1990-04-09,0.0,4
1990-04-10,0.07306893589583859,4
1990-04-11,9.150698325274618,3
1990-04-12,18.70697940501242,4
1990-04-13,6.580090110768396,4
1990-04-14,0.013186805700789847,4
1990-04-15,4.257255124133139,4
1990-04-16,0.0,4
1990-04-17,3.5154002860648497,4
1990-04-18,4.583806255359069,4
1990-04-19,3.0673590731350164,4
1990-04-20,11.328506259166002,4
1990-04-21,7.909004393502096,4
1990-04-22,0.6351326918038904,4
1990-04-23,0.535690144506472,4
1990-04-24,2.451649482861658,4
1990-04-25,4.821820659317387,4
1990-04-26,0.4949244771827981,4
1990-04-27,0.07306893589583859,4
1990-04-28,5.169706303036544,4
1990-04-29,0.24125296080837205,4
1990-04-30,0.0,4
1990-05-01,1.0045660315885385,4
1990-05-02,3.3609908874735313,4
1990-05-03,6.859815901544916,4
1990-05-04,4.135765042429235,4
1990-05-05,2.7571766949528236,4
1990-05-06,6.2036475636438535,4
1990-05-07,0.3101823781821927,4
1990-05-08,0.0,4
1990-05-09,3.963441498994684,4
1990-05-10,5.8941073864409494,4
1990-05-11,4.208833978325074,4
1990-05-12,4.887196623466955,4
1990-05-13,0.6327833119304392,4
1990-05-14,0.0,4
1990-05-15,0.0,4
1990-05-16,0.0,4
1990-05-17,0.0,4
1990-05-18,0.0,4
1990-05-19,1.1414749051900577,4
1990-05-20,0.04481321183298042,4
1990-05-21,0.0,4
1990-05-22,0.34464708686910295,4
1990-05-23,0.0,4
1990-05-24,1.4475177648502324,4
1990-05-25,0.0,4
1990-05-26,0.0,4
1990-05-27,0.0,4
1990-05-28,0.0,4
1990-05-29,0.0,4
1990-05-30,0.07306893589583859,4
1990-05-31,0.0,4
1990-06-01,0.0,4
1990-06-02,2.4125296080837204,4
1990-06-03,0.6230288951860893,4
1990-06-04,0.0,4
1990-06-05,0.0,4
1990-06-06,0.10339412606073088,4
1990-06-07,0.0,4
1990-06-08,0.0,4
1990-06-09,0.0,4
1990-06-10,0.4135765042429235,4
1990-06-11,0.0,4
1990-06-12,0.15855584103978093,3
1990-06-13,0.0,4
1990-06-14,1.0471280663080986,4
1990-06-15,0.0,4
1990-06-16,0.0,4
1990-06-17,0.7926882997989367,4
1990-06-18,1.2350370028373667,4
1990-06-19,0.01978020855118477,4
1990-06-20,0.0,4
1990-06-21,0.17232354343455147,4
1990-06-22,1.4613787179167717,4
1990-06-23,0.06892941737382059,4
1990-06-24,0.0,4
1990-06-25,0.0,4
1990-06-26,0.0,4
1990-06-27,0.0,4
1990-06-28,0.0,4
1990-06-29,1.2062648040418602,4
1990-06-30,1.5586552470482122,4
1990-07-01,10.225230607177755,4
1990-07-02,1.8431500690253215,3
1990-07-03,1.4578172727567473,4
1990-07-04,4.150682147706509,4
1990-07-05,0.27798523254914687,3
1990-07-06,1.1356257870436899,4
1990-07-07,1.590958515620377,4
1990-07-08,0.6269147753290122,4
1990-07-09,5.086048933813172,3
1990-07-10,0.3101823781821927,4
1990-07-11,4.202984860178706,4
1990-07-12,3.633246736519616,4
1990-07-13,3.1748959947797744,4
1990-07-14,2.8328396968104568,4
1990-07-15,0.08625574159662844,4
1990-07-16,0.5296382461975716,4
1990-07-17,0.10281322936675069,4
1990-07-18,0.0,4
1990-07-19,0.0,4
1990-07-20,0.06721981774947063,4
1990-07-21,0.0,4
1990-07-22,0.0,4
1990-07-23,0.0,4
1990-07-24,0.0,4
1990-07-25,0.0,4
1990-07-26,0.0,4
1990-07-27,0.0,4
1990-07-28,0.0,4
1990-07-29,0.0,4
1990-07-30,0.0,4
1990-07-31,0.20165945324841186,4
1990-08-01,0.0,4
1990-08-02,0.44804121292983384,4
1990-08-03,0.0,4
1990-08-04,0.0,4
1990-08-05,7.781400333168568,4
1990-08-06,4.27711125774371,4
1990-08-07,1.3012789709896961,4
1990-08-08,1.654306016971694,4
1990-08-09,1.8500077829379538,4
1990-08-10,5.759243250222072,4
1990-08-11,0.03956041710236954,4
1990-08-12,0.06721981774947063,4
1990-08-13,0.7158557248984909,4
1990-08-14,0.0,4
1990-08-15,0.0,4
1990-08-16,0.8616177171727574,4
1990-08-17,0.27571766949528237,4
1990-08-18,0.0,4
1990-08-19,1.0130392371385992,4
1990-08-20,0.0,4
1990-08-21,0.0,4
1990-08-22,0.0,4
1990-08-23,0.0,4
1990-08-24,2.961314584278271,4
1990-08-25,3.250311033487055,4
1990-08-26,0.06721981774947063,4
1990-08-27,1.2062648040418602,4
1990-08-28,11.28670971823837,4
1990-08-29,13.149414215191138,4
1990-08-30,16.85401651699909,4
1990-08-31,1.12716928063986,4
1990-09-01,0.26373611401579694,4
1990-09-02,0.6680162707520855,4
1990-09-03,3.4170528731800234,4
1990-09-04,1.719078252087683,4
1990-09-05,4.0340782504140495,4
1990-09-06,0.6203647563643854,4
1990-09-07,0.0,4
1990-09-08,0.0,4
1990-09-09,0.0,4
1990-09-10,0.6892941737382059,4
1990-09-11,0.0,4
1990-09-12,0.0,4
1990-09-13,1.1718000953549499,4
1990-09-14,10.64959498425528,4
1990-09-15,8.399232444583438,4
1990-09-16,2.3233677365557077,4
1990-09-17,3.4464708686910295,4
1990-09-18,0.887991328574337,4
1990-09-19,0.0,4
1990-09-20,0.0,4
1990-09-21,0.7926882997989367,4
1990-09-22,1.7232354343455147,4
1990-09-23,4.1013003337423255,4
1990-09-24,7.349323107925086,4
1990-09-25,1.3956474695753551,4
1990-09-26,0.20165945324841186,4
1990-09-27,0.34464708686910295,4
1990-09-28,1.998953103840797,4
1990-09-29,0.0,4
1990-09-30,0.17232354343455147,4
1990-10-01,0.0,4
1990-10-02,1.0339412606073088,4
1990-10-03,3.5843297034386707,4
1990-10-04,0.1978020855118477,4
1990-10-05,3.881546759866392,4
1990-10-06,2.3827830775987717,4
1990-10-07,0.25103599398223886,4
1990-10-08,0.1978020855118477,4
1990-10-09,0.0,4
1990-10-10,0.0,4
1990-10-11,0.0,4
1990-10-12,0.9650118432334882,4
1990-10-13,0.0,4
1990-10-14,15.109347474034516,4
1990-10-15,1.8266295604062455,4
1990-10-16,0.013186805700789847,4
1990-10-17,1.4650320288317455,4
1990-10-18,0.034464708686910296,4
1990-10-19,2.914022936368255,4
1990-10-20,2.106486748423546,4
1990-10-21,4.965169785781684,4
1990-10-22,8.258136345505758,4
1990-10-23,4.276053796074544,4
1990-10-24,2.771664716620912,4
1990-10-25,17.412754186904262,4
1990-10-26,35.60665420327788,4
1990-10-27,4.3836676062478945,4
1990-10-28,6.09653416226849,4
1990-10-29,0.3582097720873036,4
1990-10-30,1.7757006146209824,4
1990-10-31,1.7921648517193354,4
1990-11-01,2.7571766949528236,4
1990-11-02,0.0,4
1990-11-03,2.654529749875682,4
1990-11-04,23.705961204979474,4
1990-11-05,0.0,4
1990-11-06,1.5590384615630735,4
1990-11-07,0.0,4
1990-11-08,8.788500715162126,4
1990-11-09,6.892941737382059,4
1990-11-10,22.677778315986973,4
1990-11-11,7.4365185483152425,4
1990-11-12,1.7921648517193354,4
1990-11-13,0.0,4
1990-11-14,4.476443793655844,4
1990-11-15,0.0,4
1990-11-16,0.0,4
1990-11-17,0.0,4
1990-11-18,0.0,4
1990-11-19,0.0,4
1990-11-20,11.10674902449906,3
1990-11-21,0.0,4
1990-11-22,1.753654461500126,4
1990-11-23,1.2062648040418602,4
1990-11-24,51.8200054316143,3
1990-11-25,48.06995434186053,3
1990-11-26,13.18371197747896,3
1990-11-27,0.0,3
1990-11-28,7.038774145316751,3
1990-11-29,8.70450966454081,3
1990-11-30,3.7475111921326314,3
1990-12-01,8.936079538622408,3
1990-12-02,3.48093557737794,4
1990-12-03,1.2076271405783163,4
1990-12-04,10.822373006073153,3
1990-12-05,4.179652917812328,4
1990-12-06,3.0775504899659345,4
1990-12-07,1.4475177648502324,4
1990-12-08,7.997131354900497,3
1990-12-09,7.8843101693586775,4
1990-12-10,1.1373353866680396,4
1990-12-11,0.400915735186496,3
1990-12-12,0.0,4
1990-12-13,14.414050378358546,3
1990-12-14,1.836820977237164,4
1990-12-15,2.862372273904148,3
1990-12-16,0.0,3
1990-12-17,6.624351123066894,3
1990-12-18,7.00206789319367,4
1990-12-19,3.058372906525402,4
1990-12-20,3.4121093780908787,3
1990-12-21,7.667398304558971,3
1990-12-22,0.07306893589583859,4
1990-12-23,6.035557375721039,4
1990-12-24,0.0,4
1990-12-25,0.0,4
1990-12-26,14.711768263598533,3
1990-12-27,4.2182519810253405,3
1990-12-28,3.0299507698196115,4
1990-12-29,0.07306893589583859,4
1990-12-30,8.998053746533925,4
1990-12-31,0.0,4
1991-01-01,2.7571766949528236,4
1991-01-02,3.618794412125581,4
1991-01-03,1.8374317670197187,4
1991-01-04,24.641105824609536,4
1991-01-05,17.12132338132967,4
1991-01-06,19.413685493874468,4
1991-01-07,14.932503151675828,4
1991-01-08,1.9295588021639927,4
1991-01-09,11.749115181963464,4
1991-01-10,20.42280704190963,4
1991-01-11,5.688419769317291,4
1991-01-12,3.5865235151051307,4
1991-01-13,19.11827784186688,4
1991-01-14,9.387774207309873,4
1991-01-15,33.49667982800038,4
1991-01-16,5.969979804044837,4
1991-01-17,16.30572362805545,4
1991-01-18,7.803642909351314,4
1991-01-19,4.718226206623684,4
1991-01-20,13.951839563603714,4
1991-01-21,5.745978753159217,4
1991-01-22,0.0,4
1991-01-23,3.8945120816208636,4
1991-01-24,0.013186805700789847,4
1991-01-25,2.216364334262089,4
1991-01-26,8.329147516067323,4
1991-01-27,11.460166904461786,4
1991-01-28,13.940992836985586,4
1991-01-29,16.091575674734397,4
1991-01-30,3.471634386040805,4
1991-01-31,0.0,4
1991-02-01,0.0,3
1991-02-02,0.0,3
1991-02-03,11.90298925893861,3
1991-02-04,17.243393167685497,3
1991-02-05,0.22406605916490208,3
1991-02-06,9.135898260459305,3
1991-02-07,2.9274715407993144,3
1991-02-08,9.522391407150888,3
1991-02-09,6.937855371571047,3
1991-02-10,13.331347970011244,3
1991-02-11,17.071872267587903,3
1991-02-12,5.793369326468532,3
1991-02-13,7.579065692619922,3
1991-02-14,15.552067403393881,3
1991-02-15,7.354050087802712,3
1991-02-16,0.0,3
1991-02-17,1.1651435076574908,3
1991-02-18,18.321724622021343,3
1991-02-19,10.703879283053743,3
1991-02-20,2.1536224775578754,3
1991-02-21,0.04481321183298042,3
1991-02-22,0.529021744841716,3
1991-02-23,1.4283587110726335,3
1991-02-24,7.04097775136644,3
1991-02-25,1.234520250052641,3
1991-02-26,3.142228321897143,3
1991-02-27,5.8494667914037874,3
1991-02-28,3.75994139539333,3
1991-03-01,5.487681244876461,4
1991-03-02,4.214625843516847,4
1991-03-03,3.0117073668619563,4
1991-03-04,1.0598683375482227,4
1991-03-05,0.12521983528324088,4
1991-03-06,3.3251701080314606,4
1991-03-07,1.3152408461250946,4
1991-03-08,0.2403578914840886,4
1991-03-09,2.7571766949528236,4
1991-03-10,1.4613787179167717,4
1991-03-11,0.0,4
1991-03-12,0.0,4
1991-03-13,3.8909363823749614,4
1991-03-14,15.529909133877583,4
1991-03-15,18.94715512436335,4
1991-03-16,0.0,4
1991-03-17,4.61827096404598,4
1991-03-18,3.3775414513172093,4
1991-03-19,2.9984296557611954,4
1991-03-20,3.088930665918243,4
1991-03-21,3.3283662212551652,4
1991-03-22,14.548122816639559,4
1991-03-23,43.5021945747108,4
1991-03-24,15.176034828341777,4
1991-03-25,7.244972655148383,4
1991-03-26,17.836168535975855,4
1991-03-27,37.141379173258144,4
1991-03-28,18.512627782186375,4
1991-03-29,13.439446249246448,4
1991-03-30,9.508971709097992,4
1991-03-31,3.282279505538585,4
1991-04-01,0.0,4
1991-04-02,0.3101823781821927,4
1991-04-03,6.775968435003214,4
1991-04-04,0.3578338925698928,4
1991-04-05,0.0,4
1991-04-06,0.19888509459483655,4
1991-04-07,0.0,4
1991-04-08,0.0,4
1991-04-09,0.0,4
1991-04-10,0.0,4
1991-04-11,0.0,4
1991-04-12,0.0,4
1991-04-13,0.4135765042429235,4
1991-04-14,0.0,4
1991-04-15,0.0,4
1991-04-16,0.0,4
1991-04-17,0.2523217832277603,4
1991-04-18,0.0,4
1991-04-19,0.0,4
1991-04-20,1.1070101965031474,4
1991-04-21,0.4180919022823523,4
1991-04-22,0.9704206599011133,4
1991-04-23,0.3378332401203617,4
1991-04-24,0.013186805700789847,4
1991-04-25,0.0,4
1991-04-26,0.0,4
1991-04-27,6.16778612273907,4
1991-04-28,7.271173038238349,4
1991-04-29,3.4768898958456407,4
1991-04-30,0.07306893589583859,4
1991-05-01,0.07306893589583859,4
1991-05-02,0.0,4
1991-05-03,0.0,4
1991-05-04,0.0,4
1991-05-05,0.0,4
1991-05-06,0.0,4
1991-05-07,0.0,4
1991-05-08,0.0,4
1991-05-09,0.5114825512708701,4
1991-05-10,0.0,4
1991-05-11,0.06892941737382059,4
1991-05-12,4.773771227436942,4
1991-05-13,0.17232354343455147,4
1991-05-14,0.20493699290373707,4
1991-05-15,0.05274722280315939,4
1991-05-16,1.478716368870312,4
1991-05-17,4.713488116440453,3
1991-05-18,6.31034595424765,4
1991-05-19,11.902166393273115,4
1991-05-20,12.583283628906647,4
1991-05-21,4.73552604317325,4
1991-05-22,2.006876029529346,4
1991-05-23,0.0,4
1991-05-24,0.930547134546578,4
1991-05-25,3.7742946755165434,4
1991-05-26,0.0,4
1991-05-27,0.0,4
1991-05-28,0.5424491723809506,4
1991-05-29,7.236014622673495,4
1991-05-30,4.235207589726653,4
1991-05-31,3.145004527639441,4
1991-06-01,0.8037582948542245,4
1991-06-02,0.0,4
1991-06-03,0.930547134546578,4
1991-06-04,1.1203302958245103,4
1991-06-05,0.0,4
1991-06-06,2.791641403639734,4
1991-06-07,3.4464708686910295,4
1991-06-08,6.307041689704584,4
1991-06-09,10.429930107330051,4
1991-06-10,2.9503312328758,4
1991-06-11,0.6721981774947062,4
1991-06-12,0.5114825512708701,4
1991-06-13,4.9240764106477055,4
1991-06-14,8.515036426994927,4
1991-06-15,1.708258489996158,4
1991-06-16,3.6514078615947665,4
1991-06-17,0.1978020855118477,4
1991-06-18,3.2936350895940314,4
1991-06-19,0.6892941737382059,4
1991-06-20,0.0,4
1991-06-21,0.0,4
1991-06-22,0.0,4
1991-06-23,2.0165945324841186,4
1991-06-24,3.791117955560132,4
1991-06-25,0.5845514871667087,4
1991-06-26,0.6721981774947062,4
1991-06-27,0.3653446794791929,4
1991-06-28,0.8133858924090267,4
1991-06-29,1.7232354343455147,4
1991-06-30,0.0,4
1991-07-01,3.752157616995717,4
1991-07-02,2.954431186509202,4
1991-07-03,0.0,4
1991-07-04,0.0,4
1991-07-05,0.0,4
1991-07-06,0.34464708686910295,4
1991-07-07,0.0,4
1991-07-08,0.0,4
1991-07-09,0.6892941737382059,4
1991-07-10,0.0,4
1991-07-11,0.0,4
1991-07-12,0.27571766949528237,4
1991-07-13,1.275194221415681,4
1991-07-14,3.0678136001348677,4
1991-07-15,35.10058346231778,4
1991-07-16,49.697884490346915,4
1991-07-17,17.65200807435154,4
1991-07-18,0.13900296439978782,4
1991-07-19,1.5532425384358595,4
1991-07-20,0.0,4
1991-07-21,0.2346812863746492,4
1991-07-22,0.5043476438789807,4
1991-07-23,0.26373611401579694,4
1991-07-24,0.3956041710236954,4
1991-07-25,5.367508388548392,4
1991-07-26,0.2648191230987858,4
1991-07-27,7.884703071534538,4
1991-07-28,4.116007148612672,4
1991-07-29,12.331016354994489,4
1991-07-30,11.662315920207764,4
1991-07-31,14.384933799470087,4
1991-08-01,10.731279805246967,4
1991-08-02,1.9258084526556798,4
1991-08-03,0.29227574358335434,4
1991-08-04,0.8962642366596083,4
1991-08-05,0.0,4
1991-08-06,0.0,4
1991-08-07,1.5684624141543146,4
1991-08-08,2.3078804093984915,4
1991-08-09,2.406054831186202,4
1991-08-10,0.0,4
1991-08-11,2.7737743339295116,4
1991-08-12,12.097794917575216,4
1991-08-13,20.11644185345937,4
1991-08-14,6.055249570917211,4
1991-08-15,9.274174302074584,4
1991-08-16,7.602451608998688,4
1991-08-17,6.252397277225233,4
1991-08-18,11.624030239868656,4
1991-08-19,20.718753122697592,4
1991-08-20,9.029345754512676,4
1991-08-21,7.206132694141863,4
1991-08-22,4.225060216047029,4
1991-08-23,4.027113165315028,4
1991-08-24,0.06593402850394924,4
1991-08-25,0.1978020855118477,4
1991-08-26,0.0,4
1991-08-27,0.0,4
1991-08-28,0.0,4
1991-08-29,0.26373611401579694,4
1991-08-30,0.38241736532290554,4
1991-08-31,0.07912083420473907,4
1991-09-01,10.580434896834321,3
1991-09-02,17.06450708690143,4
1991-09-03,7.616253603051718,4
1991-09-04,1.6951632800364465,4
1991-09-05,0.07306893589583859,4
1991-09-06,0.0,4
1991-09-07,0.7452671133905449,4
1991-09-08,0.0,4
1991-09-09,0.0,4
1991-09-10,0.0,4
1991-09-11,0.0,4
1991-09-12,0.6892941737382059,4
1991-09-13,1.7232354343455147,4
1991-09-14,0.0,4
1991-09-15,0.0,4
1991-09-16,1.8094959996770816,4
1991-09-17,18.915489242809098,3
1991-09-18,0.7357799030046634,4
1991-09-19,0.8175819534489706,4
1991-09-20,12.632939543987561,4
1991-09-21,16.172363981887546,4
1991-09-22,0.318649354984934,4
1991-09-23,0.0,4
1991-09-24,11.938960339634523,4
1991-09-25,26.19094476824197,3
1991-09-26,16.29755352934621,4
1991-09-27,5.622143253716294,3
1991-09-28,2.3120351174277873,4
1991-09-29,0.6203647563643854,4
1991-09-30,0.7570629703599655,4
1991-10-01,7.5249403080778485,4
1991-10-02,5.998549385484539,3
1991-10-03,4.773815511433925,4
1991-10-04,3.473596239127431,4
1991-10-05,4.410587642600235,4
1991-10-06,9.128710918201874,3
1991-10-07,6.791293691451881,3
1991-10-08,6.799891820036658,3
1991-10-09,0.0,4
1991-10-10,1.0339412606073088,4
1991-10-11,0.0,4
1991-10-12,1.1484053817233275,4
1991-10-13,0.9590210654937456,4
1991-10-14,0.013186805700789847,4
1991-10-15,0.0,4
1991-10-16,0.0,4
1991-10-17,3.653446794791929,4
1991-10-18,0.8616177171727574,4
1991-10-19,0.0,4
1991-10-20,3.288102115312736,4
1991-10-21,0.0,4
1991-10-22,0.0,4
1991-10-23,0.0,4
1991-10-24,0.44804121292983384,4
1991-10-25,0.5114825512708701,4
1991-10-26,0.0,4
1991-10-27,0.14613787179167717,4
1991-10-28,1.2062648040418602,4
1991-10-29,4.825059216167441,4
1991-10-30,1.7577001430324248,4
1991-10-31,1.4115730984117763,4
1991-11-01,6.702672182410808,4
1991-11-02,4.289982344141267,4
1991-11-03,4.85722868872868,4
1991-11-04,9.110860427834792,4
1991-11-05,3.6646163318372738,4
1991-11-06,10.105088949162088,4
1991-11-07,11.097636197185116,4
1991-11-08,25.61911110973574,4
1991-11-09,2.2656846067264653,4
1991-11-10,4.4409675585962525,4
1991-11-11,4.732483310363324,4
1991-11-12,0.8040662345026047,4
1991-11-13,0.0,4
1991-11-14,14.280116250364184,4
1991-11-15,21.985262960286164,4
1991-11-16,3.1351733269930717,4
1991-11-17,3.6350823567346433,4
1991-11-18,1.2207671880535877,4
1991-11-19,12.736027988112925,4
1991-11-20,14.906689346644065,4
1991-11-21,3.0176562101111184,4
1991-11-22,0.44813211832980415,4
1991-11-23,0.0,4
1991-11-24,5.537886304216965,4
1991-11-25,0.27800592879957564,4
1991-11-26,0.7420413965413653,4
1991-11-27,1.0339412606073088,4
1991-11-28,0.0,4
1991-11-29,0.0,4
1991-11-30,3.4464708686910295,4
1991-12-01,27.200455161962005,3
1991-12-02,8.337361717924065,3
1991-12-03,0.0801831470372992,3
1991-12-04,1.8659973161434493,3
1991-12-05,0.0,3
1991-12-06,4.318450931646268,3
1991-12-07,2.132568361306799,3
1991-12-08,3.5006225454070248,3
1991-12-09,2.2308789985110278,3
1991-12-10,7.814556459563742,3
1991-12-11,35.976968559672,3
1991-12-12,15.046755918916634,3
1991-12-13,4.265136722613598,3
1991-12-14,23.650571210173077,3
1991-12-15,6.778343540146132,3
1991-12-16,16.420776382062353,3
1991-12-17,5.331420903266998,3
1991-12-18,16.58566564226206,3
1991-12-19,0.0,3
1991-12-20,1.5976473618829286,3
1991-12-21,0.0801831470372992,3
1991-12-22,0.0,3
1991-12-23,0.0,3
1991-12-24,0.0,3
1991-12-25,0.0,3
1991-12-26,0.0,3
1991-12-27,0.0,3
1991-12-28,20.92440957974919,3
1991-12-29,15.803232662985762,3
1991-12-30,1.71428474110268,3
1991-12-31,5.573698927218643,3
1992-01-01,15.604265493250626,3
1992-01-02,4.463689675769658,4
1992-01-03,6.115679288138215,3
1992-01-04,0.10549444560631878,4
1992-01-05,4.495809582634349,4
1992-01-06,16.652674565162926,3
1992-01-07,5.169706303036544,4
1992-01-08,3.1981511902781086,4
1992-01-09,6.630410873587566,4
1992-01-10,11.352954222193787,3
1992-01-11,1.49940996974712,4
1992-01-12,1.3624061529057505,4
1992-01-13,1.5832684006088793,4
1992-01-14,2.653606276402802,4
1992-01-15,4.1221199017114625,4
1992-01-16,0.27087102140768626,4
1992-01-17,3.519539804586868,4
1992-01-18,7.988614736706054,4
1992-01-19,12.524466578279505,4
1992-01-20,18.25603369167427,4
1992-01-21,22.699195619086748,4
1992-01-22,2.1574497021170522,3
1992-01-23,6.578064821619037,3
1992-01-24,10.436862037394686,3
1992-01-25,7.032800768205298,4
1992-01-26,4.742594665626799,4
1992-01-27,3.3459603707075463,3
1992-01-28,11.874086168596348,4
1992-01-29,4.856186200654683,4
1992-01-30,6.15682222259103,4
1992-01-31,1.44245067286429,4
1992-02-01,3.655166656768874,4
1992-02-02,2.274440208745686,4
1992-02-03,6.189911172657263,4
1992-02-04,6.704205543044214,4
1992-02-05,5.8821186661893305,4
1992-02-06,8.81697083809216,4
1992-02-07,1.8130144702985533,4
1992-02-08,0.8411526937906162,4
1992-02-09,0.27800592879957564,4
1992-02-10,0.3692305596221157,4
1992-02-11,7.805455152360984,4
1992-02-12,2.8289316789036465,4
1992-02-13,6.892941737382059,4
1992-02-14,0.9410774484925888,4
1992-02-15,2.791641403639734,4
1992-02-16,0.0,4
1992-02-17,6.755082902634419,4
1992-02-18,1.4199835326965917,4
1992-02-19,3.1018237818219268,4
1992-02-20,2.5159237341444514,4
1992-02-21,0.0,4
1992-02-22,7.306518241624982,4
1992-02-23,0.6203647563643854,4
1992-02-24,0.0,4
1992-02-25,0.0,4
1992-02-26,0.0,4
1992-02-27,5.114825512708701,4
1992-02-28,1.607516589708449,4
1992-02-29,3.037743503702653,4
1992-03-01,3.5926087404827065,4
1992-03-02,6.892941737382059,4
1992-03-03,2.1920680768751577,4
1992-03-04,3.2987204030689687,4
1992-03-05,0.0,4
1992-03-06,2.3382059486668347,4
1992-03-07,13.692056654717152,4
1992-03-08,6.513829941826045,4
1992-03-09,2.148791502737593,4
1992-03-10,6.28235431402922,4
1992-03-11,5.929355800549141,4
1992-03-12,12.725409837179221,4
1992-03-13,7.012218984777906,4
1992-03-14,8.990213027030052,4
1992-03-15,15.083405360269813,4
1992-03-16,0.0,4
1992-03-17,0.0,4
1992-03-18,8.685561116101246,4
1992-03-19,0.0,4
1992-03-20,0.0,4
1992-03-21,0.3101823781821927,4
1992-03-22,0.0,4
1992-03-23,0.0,4
1992-03-24,0.013186805700789847,4
1992-03-25,1.5684624141543146,4
1992-03-26,0.0,4
1992-03-27,3.5803778588960906,4
1992-03-28,2.3340664301448166,4
1992-03-29,0.0,4
1992-03-30,0.034464708686910296,4
1992-03-31,0.0,4
1992-04-01,0.7306893589583858,4
1992-04-02,2.5574127563543505,4
1992-04-03,0.4483513938268548,4
1992-04-04,0.0,4
1992-04-05,0.0,4
1992-04-06,0.0,4
1992-04-07,0.6892941737382059,4
1992-04-08,1.0339412606073088,4
1992-04-09,4.092309073987315,4
1992-04-10,4.392678505208091,4
1992-04-11,5.716047185940543,4
1992-04-12,0.6576204230625473,4
1992-04-13,0.4950467183211137,4
1992-04-14,0.4135765042429235,4
1992-04-15,0.34464708686910295,4
1992-04-16,0.0,4
1992-04-17,0.7582235911120265,4
1992-04-18,0.0,4
1992-04-19,15.14625202649459,4
1992-04-20,1.9092839555545937,4
1992-04-21,19.304376383191784,4
1992-04-22,12.007067189743365,4
1992-04-23,3.0509303094034426,4
1992-04-24,0.14613787179167717,4
1992-04-25,6.3370718890831474,4
1992-04-26,2.7571766949528236,4
1992-04-27,1.7963043702413533,4
1992-04-28,5.069678601532597,4
1992-04-29,0.4674678566982296,4
1992-04-30,0.8616177171727574,4
1992-05-01,1.3785883474764118,4
1992-05-02,0.0,4
1992-05-03,3.7649931387071485,4
1992-05-04,1.3344795501347848,4
1992-05-05,0.0,4
1992-05-06,0.0,4
1992-05-07,0.3101823781821927,4
1992-05-08,12.821949265224584,4
1992-05-09,0.0,4
1992-05-10,8.823419950848887,4
1992-05-11,1.3785883474764118,4
1992-05-12,0.07306893589583859,4
1992-05-13,0.0,4
1992-05-14,0.0,4
1992-05-15,7.952449327790612,4
1992-05-16,0.0,4
1992-05-17,0.0,4
1992-05-18,0.8616177171727574,4
1992-05-19,0.6548294650512956,4
1992-05-20,0.0,4
1992-05-21,0.7148995350050497,4
1992-05-22,0.03956041710236954,4
1992-05-23,0.21506728916549778,4
1992-05-24,0.0,4
1992-05-25,1.1203302958245103,4
1992-05-26,0.10549444560631878,4
1992-05-27,0.0,4
1992-05-28,0.14613787179167717,4
1992-05-29,0.0,4
1992-05-30,0.0,4
1992-05-31,0.07306893589583859,4
1992-06-01,4.81249639056036,4
1992-06-02,0.0,4
1992-06-03,1.3443963549894125,4
1992-06-04,0.013186805700789847,4
1992-06-05,0.0,4
1992-06-06,0.0,4
1992-06-07,0.0,4
1992-06-08,0.0,4
1992-06-09,0.0,4
1992-06-10,0.0,4
1992-06-11,0.0,4
1992-06-12,0.0,4
1992-06-13,3.519539804586868,4
1992-06-14,0.0,4
1992-06-15,1.369021870490767,4
1992-06-16,2.070515806592768,4
1992-06-17,2.7129575695215635,4
1992-06-18,2.8947489091215406,4
1992-06-19,3.679362602735061,4
1992-06-20,20.319972267701665,4
1992-06-21,12.630299888201543,4
1992-06-22,3.4464708686910295,4
1992-06-23,0.07306893589583859,4
1992-06-24,0.0,4
1992-06-25,0.15684624141543144,4
1992-06-26,1.94086087568323,4
1992-06-27,2.254156754714383,4
1992-06-28,0.4384136153750315,4
1992-06-29,0.0,4
1992-06-30,0.0,4
1992-07-01,0.0,4
1992-07-02,0.0,4
1992-07-03,0.0,4
1992-07-04,34.71717259676868,4
1992-07-05,21.13956924855744,4
1992-07-06,0.0,4
1992-07-07,0.0,4
1992-07-08,2.418830566720484,4
1992-07-09,8.051864593050523,4
1992-07-10,5.784197084181845,4
1992-07-11,11.922406498728833,4
1992-07-12,17.685180265208988,4
1992-07-13,10.616541932721082,4
1992-07-14,6.499146687273795,4
1992-07-15,0.5507893299941444,4
1992-07-16,0.0,4
1992-07-17,0.0,4
1992-07-18,0.24539247933039005,4
1992-07-19,0.0,4
1992-07-20,0.4135765042429235,4
1992-07-21,0.38325131407803126,4
1992-07-22,0.0,4
1992-07-23,0.0,4
1992-07-24,0.0,4
1992-07-25,0.14613787179167717,4
1992-07-26,0.013186805700789847,4
1992-07-27,0.0,4
1992-07-28,0.0,4
1992-07-29,0.0,4
1992-07-30,0.0,4
1992-07-31,0.0,4
1992-08-01,0.0,4
1992-08-02,0.27571766949528237,4
1992-08-03,3.6863752689886353,4
1992-08-04,1.235302554265144,4
1992-08-05,0.13186805700789847,4
1992-08-06,0.5118418314306046,4
1992-08-07,18.20121846974901,4
1992-08-08,13.233220619435038,4
1992-08-09,2.110727438932733,4
1992-08-10,0.026373611401579695,4
1992-08-11,4.445947420611428,4
1992-08-12,0.6565374139795583,4
1992-08-13,0.0,4
1992-08-14,19.408995005149826,4
1992-08-15,0.4949244771827981,4
1992-08-16,0.0,4
1992-08-17,0.1482073378937113,4
1992-08-18,0.0,4
1992-08-19,0.0,4
1992-08-20,0.10339412606073088,4
1992-08-21,0.3653446794791929,4
1992-08-22,0.5278669396861141,4
1992-08-23,0.13785883474764118,4
1992-08-24,0.29227574358335434,4
1992-08-25,0.0,4
1992-08-26,0.1851019654782896,4
1992-08-27,0.0,4
1992-08-28,0.0,4
1992-08-29,0.0,4
1992-08-30,3.195590310327855,4
1992-08-31,1.915941811441903,4
1992-09-01,0.07912083420473907,4
1992-09-02,0.0,4
1992-09-03,0.0,4
1992-09-04,0.0,4
1992-09-05,8.178681405121491,4
1992-09-06,0.0,4
1992-09-07,4.101659722159821,4
1992-09-08,6.774402229595923,4
1992-09-09,2.8472576456186363,4
1992-09-10,6.6636690268293455,4
1992-09-11,9.848331010164497,4
1992-09-12,6.5707915797460705,4
1992-09-13,7.747246491485184,4
1992-09-14,8.522445946363108,4
1992-09-15,3.2299822310806316,4
1992-09-16,0.383312434647189,4
1992-09-17,1.7301659108787844,4
1992-09-18,1.4157011819452994,4
1992-09-19,1.8981325566740608,4
1992-09-20,3.9358590951339365,4
1992-09-21,12.597281148421164,4
1992-09-22,5.740237035747337,4
1992-09-23,3.833482279535805,4
1992-09-24,1.4586466434606409,4
1992-09-25,0.08962642366596084,4
1992-09-26,2.654146190491974,4
1992-09-27,6.042697106847866,4
1992-09-28,5.653877278735992,4
1992-09-29,0.0,4
1992-09-30,0.0,4
1992-10-01,0.0,4
1992-10-02,0.0,4
1992-10-03,2.2406605916490205,4
1992-10-04,10.652622129794148,4
1992-10-05,6.132063867199125,4
1992-10-06,4.879608570360844,4
1992-10-07,3.0372156937700647,4
1992-10-08,13.130465638041713,4
1992-10-09,1.8823974828820151,4
1992-10-10,4.4455666972635175,4
1992-10-11,0.0,4
1992-10-12,0.0,4
1992-10-13,5.100776885662724,4
1992-10-14,13.014481956648144,4
1992-10-15,1.016845264363809,4
1992-10-16,2.0267612248302482,4
1992-10-17,2.9993040014065935,4
1992-10-18,0.0,4
1992-10-19,0.0,4
1992-10-20,0.0,4
1992-10-21,3.4282107052230018,4
1992-10-22,26.883703326448785,4
1992-10-23,3.6824379443112,4
1992-10-24,11.782852422465881,4
1992-10-25,21.018810818482628,4
1992-10-26,8.465935646543127,4
1992-10-27,0.0,4
1992-10-28,0.0,4
1992-10-29,1.0339412606073088,4
1992-10-30,6.450528105757341,4
1992-10-31,41.77259105929285,4
1992-11-01,24.38458488867684,4
1992-11-02,12.820371678327145,4
1992-11-03,10.670330711808028,4
1992-11-04,15.337256797087463,4
1992-11-05,2.448368774402086,4
1992-11-06,11.072193332286313,4
1992-11-07,23.020829155307915,4
1992-11-08,22.48878020969404,4
1992-11-09,22.569410358945756,4
1992-11-10,5.974375893139112,4
1992-11-11,32.953797978644154,4
1992-11-12,4.133532024653645,4
1992-11-13,2.38094934529433,4
1992-11-14,1.3443963549894125,4
1992-11-15,1.8267233973959645,4
1992-11-16,6.21085955114628,4
1992-11-17,0.6186551567400354,4
1992-11-18,26.158360431958947,4
1992-11-19,3.931316843853444,4
1992-11-20,0.07306893589583859,4
1992-11-21,0.0,4
1992-11-22,0.0,4
1992-11-23,0.0,4
1992-11-24,8.610186794639311,4
1992-11-25,1.1691029743334174,4
1992-11-26,6.444900524452225,4
1992-11-27,37.367717257753874,4
1992-11-28,29.063329506928852,4
1992-11-29,8.175475031872395,4
1992-11-30,4.72313737706458,4
1992-12-01,3.156169661277084,4
1992-12-02,4.968318501609906,4
1992-12-03,8.858473074339965,4
1992-12-04,0.21920680768751574,4
1992-12-05,0.0,4
1992-12-06,0.07306893589583859,4
1992-12-07,1.4819824735371425,4
1992-12-08,2.30913548202299,4
1992-12-09,0.9163876478524325,4
1992-12-10,0.8351007954817158,4
1992-12-11,9.219360540524535,4
1992-12-12,18.091722115747814,4
1992-12-13,29.78819591250531,4
1992-12-14,0.07306893589583859,4
1992-12-15,0.0,4
1992-12-16,3.8570519840640816,4
1992-12-17,6.250799656386604,4
1992-12-18,0.6576204230625473,4
1992-12-19,3.8998972138516717,4
1992-12-20,3.957518911042282,4
1992-12-21,11.481843701156588,4
1992-12-22,4.249418775108225,4
1992-12-23,2.9033145667445006,4
1992-12-24,0.07912083420473907,4
1992-12-25,0.0,4
1992-12-26,4.234848518216649,4
1992-12-27,13.999695064192633,4
1992-12-28,13.648319365626952,4
1992-12-29,11.123550942011176,4
1992-12-30,1.7201459427066568,4
1992-12-31,0.0,4
1993-01-01,0.0,4
1993-01-02,0.0,4
1993-01-03,2.2983591767648086,4
1993-01-04,6.950690645524684,4
1993-01-05,18.853854631623285,4
1993-01-06,26.517221056873176,4
1993-01-07,0.23239361338830558,4
1993-01-08,0.3653446794791929,4
1993-01-09,0.0,4
1993-01-10,0.0,4
1993-01-11,0.0,4
1993-01-12,0.0,4
1993-01-13,0.0,4
1993-01-14,0.0,4
1993-01-15,0.0,4
1993-01-16,0.0,4
1993-01-17,0.6461534793387026,4
1993-01-18,12.55371451004854,4
1993-01-19,25.620240364320203,4
1993-01-20,15.824217406663838,4
1993-01-21,32.210228027478884,4
1993-01-22,14.788905768320555,4
1993-01-23,9.83302393066992,4
1993-01-24,0.0,4
1993-01-25,0.013186805700789847,4
1993-01-26,0.0,4
1993-01-27,0.0,4
1993-01-28,0.0,4
1993-01-29,0.0,4
1993-01-30,0.0,4
1993-01-31,0.0,4
1993-02-01,0.07306893589583859,4
1993-02-02,25.659743734649815,4
1993-02-03,4.18179821229942,4
1993-02-04,0.0,4
1993-02-05,0.0,4
1993-02-06,0.05274722280315939,4
1993-02-07,0.07306893589583859,4
1993-02-08,0.0,4
1993-02-09,0.0,4
1993-02-10,0.0,4
1993-02-11,5.877188622342745,4
1993-02-12,0.0,4
1993-02-13,1.7577001430324248,4
1993-02-14,1.937186732228195,4
1993-02-15,0.0,4
1993-02-16,0.0,4
1993-02-17,0.0,4
1993-02-18,0.0,4
1993-02-19,0.0,4
1993-02-20,0.13900296439978782,4
1993-02-21,0.0,4
1993-02-22,0.0,4
1993-02-23,12.876056346704473,4
1993-02-24,0.0,4
1993-02-25,0.0,4
1993-02-26,0.0,4
1993-02-27,0.0,4
1993-02-28,0.0,4
1993-03-01,4.749480833229508,4
1993-03-02,0.0,4
1993-03-03,0.0,4
1993-03-04,0.0,4
1993-03-05,0.0,4
1993-03-06,7.745307204958889,4
1993-03-07,0.0,4
1993-03-08,1.8060441922655823,4
1993-03-09,2.0705344021187924,4
1993-03-10,2.5407651867167065,4
1993-03-11,0.3653446794791929,4
1993-03-12,0.0,4
1993-03-13,13.818371516155223,4
1993-03-14,5.169383735868671,4
1993-03-15,1.5536863578223006,4
1993-03-16,0.21920680768751574,4
1993-03-17,1.1203302958245103,4
1993-03-18,0.0,4
1993-03-19,0.0,4
1993-03-20,4.56689206991551,4
1993-03-21,20.38746652720211,4
1993-03-22,14.038772475291577,4
1993-03-23,0.7213884334005187,4
1993-03-24,0.0,4
1993-03-25,0.0,4
1993-03-26,0.0,4
1993-03-27,0.0,4
1993-03-28,0.5845514871667087,4
1993-03-29,0.0,4
1993-03-30,0.0,4
1993-03-31,0.0,4
1993-04-01,8.155504240832443,4
1993-04-02,13.893417119346868,4
1993-04-03,17.061772985158452,4
1993-04-04,2.373375337624366,4
1993-04-05,2.651630954941748,4
1993-04-06,0.0,4
1993-04-07,0.0,4
1993-04-08,0.4516004210758213,4
1993-04-09,1.8652337876151739,4
1993-04-10,7.767259521090027,4
1993-04-11,4.06243090057788,4
1993-04-12,1.1431469403287433,4
1993-04-13,0.0,4
1993-04-14,3.325999478735354,4
1993-04-15,8.649134459377173,4
1993-04-16,6.85902246109497,4
1993-04-17,2.464726650813923,4
1993-04-18,17.21197113762076,4
1993-04-19,0.0,4
1993-04-20,0.0,4
1993-04-21,0.0,4
1993-04-22,0.0,4
1993-04-23,1.3152408461250946,4
1993-04-24,2.0334178125277074,4
1993-04-25,9.08051383527626,4
1993-04-26,4.0845453390400275,4
1993-04-27,4.956067677217836,4
1993-04-28,2.8302456308486623,4
1993-04-29,7.501324938266959,4
1993-04-30,4.83081127562491,4
1993-05-01,1.6027640443898392,4
1993-05-02,14.820387757309739,4
1993-05-03,0.0,4
1993-05-04,0.9650118432334882,4
1993-05-05,0.7752186652866669,4
1993-05-06,0.013186805700789847,4
1993-05-07,0.27571766949528237,4
1993-05-08,0.0,4
1993-05-09,0.44804121292983384,4
1993-05-10,0.026373611401579695,4
1993-05-11,0.0,4
1993-05-12,0.0,4
1993-05-13,0.0,4
1993-05-14,0.0,4
1993-05-15,3.0605224335914656,4
1993-05-16,15.517831138223109,4
1993-05-17,4.345363330382765,4
1993-05-18,1.7031627815806987,4
1993-05-19,5.23006169258,4
1993-05-20,4.169226562151497,4
1993-05-21,2.002554700207387,4
1993-05-22,1.0761299027418052,4
1993-05-23,3.3222517159479428,4
1993-05-24,0.3819021672493152,4
1993-05-25,2.63303550298226,4
1993-05-26,0.17251148319325688,4
1993-05-27,0.0,4
1993-05-28,0.43256391091071383,4
1993-05-29,0.5480161397418648,4
1993-05-30,1.0339412606073088,4
1993-05-31,0.0,4
1993-06-01,0.5114825512708701,4
1993-06-02,6.4418720451247635,4
1993-06-03,8.219988112276615,4
1993-06-04,4.446838947697848,4
1993-06-05,0.6960978310819279,4
1993-06-06,0.0,4
1993-06-07,0.0,4
1993-06-08,1.4475177648502324,4
1993-06-09,0.6548294650512956,4
1993-06-10,1.081592774995009,4
1993-06-11,2.8605708210135545,4
1993-06-12,2.2068854856144053,4
1993-06-13,2.0613114330988447,4
1993-06-14,5.2850784423388975,4
1993-06-15,4.155111837514522,4
1993-06-16,2.453422094596942,4
1993-06-17,0.7801264339434208,4
1993-06-18,0.693433692260224,4
1993-06-19,0.24125296080837205,4
1993-06-20,0.14613787179167717,4
1993-06-21,0.20678825212146176,4
1993-06-22,0.0,4
1993-06-23,0.0,4
1993-06-24,0.0,4
1993-06-25,0.4135765042429235,4
1993-06-26,0.0,4
1993-06-27,0.0,4
1993-06-28,2.0165945324841186,4
1993-06-29,0.2688792709978825,4
1993-06-30,0.0,4
1993-07-01,0.0,4
1993-07-02,0.0,4
1993-07-03,0.0,4
1993-07-04,0.0,4
1993-07-05,0.0,4
1993-07-06,0.0,4
1993-07-07,0.0,4
1993-07-08,0.0,4
1993-07-09,0.27571766949528237,4
1993-07-10,0.34464708686910295,4
1993-07-11,0.0,4
1993-07-12,0.17232354343455147,4
1993-07-13,0.0,4
1993-07-14,0.034464708686910296,4
1993-07-15,0.07306893589583859,4
1993-07-16,0.0,4
1993-07-17,0.14613787179167717,4
1993-07-18,0.0,4
1993-07-19,0.0,4
1993-07-20,0.3164833368189563,4
1993-07-21,0.0,4
1993-07-22,0.0,4
1993-07-23,0.6892941737382059,4
1993-07-24,0.5169706303036544,4
1993-07-25,1.0339412606073088,4
1993-07-26,0.6576204230625473,4
1993-07-27,2.2085323139735107,4
1993-07-28,2.3772801581621605,4
1993-07-29,0.10549444560631878,4
1993-07-30,0.0,4
1993-07-31,0.0,4
1993-08-01,0.17232354343455147,4
1993-08-02,0.09944254729741828,4
1993-08-03,0.0,4
1993-08-04,0.0,4
1993-08-05,0.0,4
1993-08-06,0.24125296080837205,4
1993-08-07,0.973352000846682,4
1993-08-08,0.6203647563643854,4
1993-08-09,0.06892941737382059,4
1993-08-10,0.0,4
1993-08-11,0.0,4
1993-08-12,1.0339412606073088,4
1993-08-13,0.4825059216167441,4
1993-08-14,1.3785883474764118,4
1993-08-15,0.6305561731953038,4
1993-08-16,10.40025092616158,4
1993-08-17,4.570083768751492,4
1993-08-18,0.05274722280315939,4
1993-08-19,0.342937487244753,4
1993-08-20,4.15061245251482,4
1993-08-21,4.281902914220913,4
1993-08-22,4.830072734862596,4
1993-08-23,1.271303763221526,4
1993-08-24,0.0,4
1993-08-25,0.0,4
1993-08-26,3.4464708686910295,4
1993-08-27,2.2406605916490205,4
1993-08-28,3.25847947666219,4
1993-08-29,0.3122521374432017,4
1993-08-30,0.08211622307461044,4
1993-08-31,0.0,4
1993-09-01,0.026373611401579695,4
1993-09-02,0.0,4
1993-09-03,3.2052179078826577,4
1993-09-04,0.03653446794791929,4
1993-09-05,0.0,4
1993-09-06,0.17232354343455147,4
1993-09-07,0.0,4
1993-09-08,0.0,4
1993-09-09,0.0,4
1993-09-10,0.0,4
1993-09-11,4.239159168489967,4
1993-09-12,5.520554017026106,4
1993-09-13,0.6203647563643854,4
1993-09-14,1.2465444760394104,4
1993-09-15,0.0,4
1993-09-16,0.0,4
1993-09-17,4.859617761844071,4
1993-09-18,5.666682662278555,4
1993-09-19,0.0,4
1993-09-20,0.0,4
1993-09-21,6.96187115475588,4
1993-09-22,13.45311095617891,4
1993-09-23,0.0,4
1993-09-24,1.2389228829802894,4
1993-09-25,2.688247277579003,4
1993-09-26,3.3241808276804283,4
1993-09-27,0.29227574358335434,4
1993-09-28,0.0,4
1993-09-29,1.1719880351136553,4
1993-09-30,1.097382598948345,4
1993-10-01,0.0,4
1993-10-02,0.0,4
1993-10-03,0.0,4
1993-10-04,6.040751499780862,4
1993-10-05,0.9284914444702335,4
1993-10-06,0.07306893589583859,4
1993-10-07,1.3383208008084642,4
1993-10-08,1.5263073490068042,4
1993-10-09,0.013186805700789847,4
1993-10-10,1.3785883474764118,4
1993-10-11,0.0,4
1993-10-12,0.0,4
1993-10-13,0.0,4
1993-10-14,0.0,4
1993-10-15,2.45500814785915,4
1993-10-16,0.0,4
1993-10-17,0.0,4
1993-10-18,0.0,4
1993-10-19,0.0,4
1993-10-20,0.0,4
1993-10-21,0.0,4
1993-10-22,0.0,4
1993-10-23,5.2609633845003785,4
1993-10-24,1.1318473076352555,4
1993-10-25,55.77306875555378,4
1993-10-26,4.6975381447565,4
1993-10-27,15.670495797669203,4
1993-10-28,2.583143551893922,4
1993-10-29,4.694760030980729,4
1993-10-30,0.10549444560631878,4
1993-10-31,0.0,4
1993-11-01,0.0,4
1993-11-02,0.0,4
1993-11-03,2.411274884562673,4
1993-11-04,0.3653446794791929,4
1993-11-05,0.07306893589583859,4
1993-11-06,0.0,4
1993-11-07,0.0,4
1993-11-08,3.5926087404827065,4
1993-11-09,3.777350839483312,4
1993-11-10,0.0,4
1993-11-11,0.806373226155453,4
1993-11-12,3.9983607346814454,4
1993-11-13,6.201838692646731,4
1993-11-14,1.8316922866218763,4
1993-11-15,0.0,4
1993-11-16,0.0,4
1993-11-17,0.0,4
1993-11-18,0.0,4
1993-11-19,6.96187115475588,4
1993-11-20,14.362816072319577,4
1993-11-21,0.4384136153750315,4
1993-11-22,0.0,4
1993-11-23,0.20165945324841186,4
1993-11-24,0.0,4
1993-11-25,0.0,4
1993-11-26,0.0,4
1993-11-27,0.21920680768751574,4
1993-11-28,18.473296471767082,4
1993-11-29,2.2406605916490205,4
1993-11-30,2.021746437945243,4
1993-12-01,0.0,4
1993-12-02,2.142262457370162,4
1993-12-03,19.926490147808693,4
1993-12-04,9.498961666459016,4
1993-12-05,0.7306893589583858,4
1993-12-06,0.3378880589946244,4
1993-12-07,0.3439399573035249,4
1993-12-08,0.5977382928674986,4
1993-12-09,0.0,4
1993-12-10,6.102492223587673,4
1993-12-11,28.28632959392023,4
1993-12-12,25.041072392091003,4
1993-12-13,9.922238898031946,4
1993-12-14,6.104965599922098,4
1993-12-15,0.0,4
1993-12-16,0.0,4
1993-12-17,12.371970822643293,4
1993-12-18,20.397209273004535,4
1993-12-19,2.850496206703295,4
1993-12-20,0.7755499153348343,4
1993-12-21,21.253055229966886,4
1993-12-22,11.508362943789264,4
1993-12-23,12.844719570569467,4
1993-12-24,11.208521076817368,4
1993-12-25,9.726157435274914,4
1993-12-26,5.424173942135768,4
1993-12-27,1.4373618213860935,4
1993-12-28,0.0,4
1993-12-29,0.0,4
1993-12-30,16.368696019320044,4
1993-12-31,8.39724199576627,4
1994-01-01,12.506687935506115,4
1994-01-02,3.8031803997706994,4
1994-01-03,34.68174132273995,4
1994-01-04,55.22239546633179,4
1994-01-05,38.531063411089576,4
1994-01-06,8.966750453222392,4
1994-01-07,7.156264491322378,4
1994-01-08,0.0,4
1994-01-09,0.0,4
1994-01-10,24.14717188010666,4
1994-01-11,23.58992764163952,4
1994-01-12,14.895806210504976,4
1994-01-13,5.764803502306272,4
1994-01-14,0.0,4
1994-01-15,21.087705686284714,4
1994-01-16,10.296062287881016,4
1994-01-17,27.808419123915193,4
1994-01-18,0.4483513938268548,4
1994-01-19,0.0,4
1994-01-20,1.8294205184174972,4
1994-01-21,2.0678825212146177,4
1994-01-22,2.3339725931550976,4
1994-01-23,12.349018457183572,4
1994-01-24,5.169445825262015,4
1994-01-25,1.369707930905199,4
1994-01-26,0.0,4
1994-01-27,2.4814590254575415,4
1994-01-28,0.0,4
1994-01-29,0.0,4
1994-01-30,0.27571766949528237,4
1994-01-31,0.14613787179167717,4
1994-02-01,0.0,4
1994-02-02,0.0,4
1994-02-03,0.0,4
1994-02-04,1.388309782020933,4
1994-02-05,0.0,4
1994-02-06,2.0165945324841186,4
1994-02-07,1.914099954010349,4
1994-02-08,9.951862954398685,4
1994-02-09,6.496000387337745,4
1994-02-10,1.6805855256042872,4
1994-02-11,0.0,4
1994-02-12,0.6329666736379126,4
1994-02-13,0.0,4
1994-02-14,0.0,4
1994-02-15,0.0,4
1994-02-16,0.0,4
1994-02-17,0.0,4
1994-02-18,0.0,4
1994-02-19,0.0,4
1994-02-20,3.5154002860648497,4
1994-02-21,4.433655934153231,4
1994-02-22,1.2296430265735685,4
1994-02-23,3.2833308376455714,4
1994-02-24,0.0,4
1994-02-25,0.29227574358335434,4
1994-02-26,0.0,4
1994-02-27,0.0,4
1994-02-28,9.291858655389301,4
1994-03-01,0.0,4
1994-03-02,2.3436001907098998,4
1994-03-03,44.33663751327211,4
1994-03-04,28.539276958674044,4
1994-03-05,2.0334178125277074,4
1994-03-06,16.059012180859746,4
1994-03-07,29.747589581214633,4
1994-03-08,41.095557596397796,4
1994-03-09,23.59687582251953,4
1994-03-10,11.882305822668448,4
1994-03-11,10.54642418078771,4
1994-03-12,7.48623523425845,4
1994-03-13,12.140959085995098,4
1994-03-14,14.97823868020675,4
1994-03-15,17.74756004780529,4
1994-03-16,6.085777030385076,4
1994-03-17,8.95293801733522,4
1994-03-18,11.761496272228994,4
1994-03-19,0.0,4
1994-03-20,0.14613787179167717,4
1994-03-21,3.702039309565792,4
1994-03-22,1.8071107060140532,4
1994-03-23,0.9284914444702335,4
1994-03-24,3.437025081936168,4
1994-03-25,2.6791838447725773,4
1994-03-26,0.0,4
1994-03-27,18.231830895375545,4
1994-03-28,13.434909155546801,4
1994-03-29,1.534376131557513,4
1994-03-30,0.14613787179167717,4
1994-03-31,0.0,4
1994-04-01,14.13053056163322,4
1994-04-02,2.271973652314547,4
1994-04-03,1.670864091059766,4
1994-04-04,0.36317866131321525,4
1994-04-05,0.0,4
1994-04-06,0.0,4
1994-04-07,3.791117955560132,4
1994-04-08,4.009416962180252,4
1994-04-09,2.4435408586630447,4
1994-04-10,4.9544647133155,4
1994-04-11,3.853665260390254,4
1994-04-12,5.140116115027292,4
1994-04-13,0.0,4
1994-04-14,0.0,4
1994-04-15,8.552525273569154,4
1994-04-16,14.857915695550412,4
1994-04-17,4.196908699584247,4
1994-04-18,0.0,4
1994-04-19,0.7237588824251162,4
1994-04-20,15.300838254629408,4
1994-04-21,1.4663476071426833,4
1994-04-22,1.417465290885251,4
1994-04-23,1.7232354343455147,4
1994-04-24,17.84443495316573,4
1994-04-25,5.497942153087356,4
1994-04-26,3.6819209915183646,4
1994-04-27,2.3197814258537597,4
1994-04-28,9.78340088697734,4
1994-04-29,10.328281357860716,4
1994-04-30,6.773114003759256,4
1994-05-01,14.548246584398163,4
1994-05-02,9.199118664488612,4
1994-05-03,0.03956041710236954,4
1994-05-04,0.0,4
1994-05-05,0.07306893589583859,4
1994-05-06,4.135765042429235,4
1994-05-07,10.038951662435418,4
1994-05-08,7.833768076483503,4
1994-05-09,0.14613787179167717,4
1994-05-10,0.07306893589583859,4
1994-05-11,0.07306893589583859,4
1994-05-12,0.0,4
1994-05-13,0.0,4
1994-05-14,7.310657760147,4
1994-05-15,15.126329940584762,4
1994-05-16,0.6889629236900385,4
1994-05-17,0.0,4
1994-05-18,0.0,4
1994-05-19,0.0,4
1994-05-20,1.8307690789282633,4
1994-05-21,1.6184927477740176,4
1994-05-22,3.381240427514795,4
1994-05-23,2.5349250250956934,4
1994-05-24,0.0,4
1994-05-25,1.5684624141543146,4
1994-05-26,0.0,4
1994-05-27,0.0,4
1994-05-28,1.1592336514482022,4
1994-05-29,11.369589696117256,4
1994-05-30,2.5574127563543505,4
1994-05-31,0.7926882997989367,4
1994-06-01,0.14505486270868834,4
1994-06-02,0.05274722280315939,4
1994-06-03,2.9971745831366974,4
1994-06-04,0.0,4
1994-06-05,0.7361774379911702,4
1994-06-06,0.0,4
1994-06-07,0.07306893589583859,4
1994-06-08,0.6203647563643854,4
1994-06-09,3.4464708686910295,4
1994-06-10,1.2068286233179766,4
1994-06-11,0.0,4
1994-06-12,0.29227574358335434,4
1994-06-13,0.34464708686910295,4
1994-06-14,0.3653446794791929,4
1994-06-15,0.03956041710236954,4
1994-06-16,6.985282173401142,4
1994-06-17,0.0,4
1994-06-18,0.2576842157068964,4
1994-06-19,2.2406605916490205,4
1994-06-20,0.0,4
1994-06-21,0.0,4
1994-06-22,0.07306893589583859,4
1994-06-23,4.1188708744624964,4
1994-06-24,1.0464209367425206,4
1994-06-25,0.0,4
1994-06-26,1.388309782020933,4
1994-06-27,0.06721981774947063,4
1994-06-28,0.0,4
1994-06-29,0.0,4
1994-06-30,0.0,4
1994-07-01,0.07306893589583859,4
1994-07-02,0.07306893589583859,4
1994-07-03,0.07306893589583859,4
1994-07-04,3.4464708686910295,4
1994-07-05,1.7232354343455147,4
1994-07-06,1.8997923332918032,4
1994-07-07,0.0,4
1994-07-08,0.07306893589583859,4
1994-07-09,2.929954765387227,4
1994-07-10,0.9758236218584487,4
1994-07-11,0.0,4
1994-07-12,6.720618193947508,4
1994-07-13,4.839622720748327,4
1994-07-14,0.21920680768751574,4
1994-07-15,0.0,4
1994-07-16,0.0,4
1994-07-17,0.0,4
1994-07-18,0.0,4
1994-07-19,0.34464708686910295,4
1994-07-20,0.14199835326965918,4
1994-07-21,1.0339412606073088,4
1994-07-22,0.0,4
1994-07-23,0.15824166840947815,4
1994-07-24,1.0784866839984748,4
1994-07-25,0.0,4
1994-07-26,0.07306893589583859,4
1994-07-27,0.07306893589583859,4
1994-07-28,0.0,4
1994-07-29,0.0,4
1994-07-30,0.0,4
1994-07-31,0.0,4
1994-08-01,0.0,4
1994-08-02,0.0,4
1994-08-03,0.0,4
1994-08-04,0.013186805700789847,4
1994-08-05,0.0,4
1994-08-06,0.6721981774947062,4
1994-08-07,0.07306893589583859,4
1994-08-08,0.0,4
1994-08-09,0.0,4
1994-08-10,0.07306893589583859,4
1994-08-11,0.0,4
1994-08-12,0.34464708686910295,4
1994-08-13,0.7947886193445247,4
1994-08-14,1.6184927477740176,4
1994-08-15,0.0,4
1994-08-16,0.0,4
1994-08-17,0.0,4
1994-08-18,4.250229163545254,4
1994-08-19,4.642539890131659,4
1994-08-20,0.0,4
1994-08-21,0.0,4
1994-08-22,0.0,4
1994-08-23,0.0,4
1994-08-24,0.0,4
1994-08-25,0.34464708686910295,4
1994-08-26,0.0,4
1994-08-27,0.27571766949528237,4
1994-08-28,0.0,4
1994-08-29,0.0,4
1994-08-30,0.0,4
1994-08-31,0.0,4
1994-09-01,0.0,4
1994-09-02,0.0,4
1994-09-03,0.0,4
1994-09-04,0.0,4
1994-09-05,0.0,4
1994-09-06,6.503135294729634,4
1994-09-07,0.0,4
1994-09-08,0.0,4
1994-09-09,2.1244872200121034,4
1994-09-10,0.08211622307461044,4
1994-09-11,0.0,4
1994-09-12,0.0,4
1994-09-13,0.0,4
1994-09-14,0.0,4
1994-09-15,0.0,4
1994-09-16,1.7577001430324248,4
1994-09-17,2.7571766949528236,4
1994-09-18,1.5571517289785692,4
1994-09-19,7.639106161345528,4
1994-09-20,0.2769229197165868,4
1994-09-21,0.0,4
1994-09-22,0.0,4
1994-09-23,0.0,4
1994-09-24,0.0,4
1994-09-25,0.0,4
1994-09-26,0.0,4
1994-09-27,0.0,4
1994-09-28,0.14613787179167717,4
1994-09-29,0.38121211510160113,4
1994-09-30,0.0,4
1994-10-01,0.0,4
1994-10-02,0.0,4
1994-10-03,0.0,4
1994-10-04,0.0,4
1994-10-05,1.7232354343455147,4
1994-10-06,2.489738062501577,4
1994-10-07,0.0,4
1994-10-08,4.415496792542617,4
1994-10-09,0.21920680768751574,4
1994-10-10,0.6892941737382059,4
1994-10-11,0.0,4
1994-10-12,0.07306893589583859,4
1994-10-13,0.4825059216167441,4
1994-10-14,0.34464708686910295,4
1994-10-15,0.0,4
1994-10-16,0.0,4
1994-10-17,0.27571766949528237,4
1994-10-18,0.0,4
1994-10-19,0.0,4
1994-10-20,0.0,4
1994-10-21,0.0,4
1994-10-22,0.0,4
1994-10-23,0.34464708686910295,4
1994-10-24,0.0,4
1994-10-25,0.0,4
1994-10-26,0.0,4
1994-10-27,26.56530842490619,4
1994-10-28,18.714430653982006,4
1994-10-29,37.68348412784014,4
1994-10-30,9.377249299182147,4
1994-10-31,3.0793995121696227,4
1994-11-01,0.03956041710236954,4
1994-11-02,0.0,4
1994-11-03,3.87437346445639,4
1994-11-04,0.0,4
1994-11-05,0.0,4
1994-11-06,0.0,4
1994-11-07,0.0,4
1994-11-08,2.411274884562673,4
1994-11-09,0.0,4
1994-11-10,0.6721981774947062,4
1994-11-11,2.6821459059703594,4
1994-11-12,0.0,4
1994-11-13,0.3653446794791929,4
1994-11-14,0.3653446794791929,4
1994-11-15,0.0,4
1994-11-16,0.0,4
1994-11-17,3.068895307625221,4
1994-11-18,0.687584574113856,4
1994-11-19,6.3417391799003635,4
1994-11-20,16.24798483321312,4
1994-11-21,3.9405941135392633,4
1994-11-22,7.654393286591905,4
1994-11-23,4.68948475301397,4
1994-11-24,2.0016277130614126,4
1994-11-25,3.0654582323597865,4
1994-11-26,0.5043476438789807,4
1994-11-27,2.0165945324841186,4
1994-11-28,11.887971574872738,4
1994-11-29,21.484107186071896,4
1994-11-30,1.4475177648502324,4
1994-12-01,10.221109460274487,4
1994-12-02,6.759141957590608,4
1994-12-03,6.015582098552614,4
1994-12-04,8.41891730478216,4
1994-12-05,1.5684624141543146,4
1994-12-06,3.8363854571784657,4
1994-12-07,0.0,4
1994-12-08,6.841043903363026,4
1994-12-09,2.231628493977527,4
1994-12-10,0.0,4
1994-12-11,5.4069210925570115,4
1994-12-12,0.0,4
1994-12-13,0.0,4
1994-12-14,2.2406605916490205,4
1994-12-15,0.0,4
1994-12-16,4.760269317315638,4
1994-12-17,1.0960340384375789,4
1994-12-18,2.627329108807404,4
1994-12-19,15.994495891573651,4
1994-12-20,11.621724978001478,4
1994-12-21,10.229651025417402,4
1994-12-22,4.48086665629819,4
1994-12-23,14.51243374036574,4
1994-12-24,18.997983418277233,4
1994-12-25,15.569244458464242,4
1994-12-26,7.208724748074353,4
1994-12-27,0.0,4
1994-12-28,2.438462677160868,4
1994-12-29,0.0,4
1994-12-30,3.068895307625221,4
1994-12-31,0.0,4
1995-01-01,0.0,4
1995-01-02,0.0,4
1995-01-03,0.0,4
1995-01-04,2.2406605916490205,4
1995-01-05,0.0,4
1995-01-06,0.0,4
1995-01-07,0.0,4
1995-01-08,0.0,4
1995-01-09,0.0,4
1995-01-10,0.0,4
1995-01-11,0.0,4
1995-01-12,6.6953917234808165,4
1995-01-13,0.0,4
1995-01-14,0.0,4
1995-01-15,0.0,4
1995-01-16,0.0,4
1995-01-17,0.0,4
1995-01-18,0.07912083420473907,4
1995-01-19,0.0,4
1995-01-20,2.411274884562673,4
1995-01-21,7.452656113416659,4
1995-01-22,11.977058060119361,4
1995-01-23,9.36120247772459,4
1995-01-24,0.07306893589583859,4
1995-01-25,0.14613787179167717,4
1995-01-26,0.7252743135434416,4
1995-01-27,0.0,4
1995-01-28,0.0,4
1995-01-29,1.0699214004125446,4
1995-01-30,3.702039309565792,4
1995-01-31,0.21920680768751574,4
1995-02-01,0.3653446794791929,4
1995-02-02,1.6874221651478383,4
1995-02-03,0.0,4
1995-02-04,0.0,4
1995-02-05,0.0,4
1995-02-06,0.0,4
1995-02-07,13.82034818345103,4
1995-02-08,3.916825416770023,4
1995-02-09,2.9616314476526338,4
1995-02-10,1.7853282121757847,4
1995-02-11,13.406771679208104,4
1995-02-12,0.7691667669777665,4
1995-02-13,6.617224067886776,4
1995-02-14,6.677296113913318,4
1995-02-15,0.0,4
1995-02-16,0.0,4
1995-02-17,0.23736250261421726,4
1995-02-18,0.0,4
1995-02-19,12.855336340217539,4
1995-02-20,0.0,4
1995-02-21,1.1868125130710863,4
1995-02-22,0.0,4
1995-02-23,0.0,4
1995-02-24,0.0,4
1995-02-25,0.0,4
1995-02-26,0.0,4
1995-02-27,0.0,4
1995-02-28,0.0,4
1995-03-01,0.0,4
1995-03-02,0.0,4
1995-03-03,0.0,4
1995-03-04,0.2769229197165868,4
1995-03-05,0.0,4
1995-03-06,0.0,4
1995-03-07,18.204484337201343,4
1995-03-08,2.3040110245900864,4
1995-03-09,0.0,4
1995-03-10,0.0,4
1995-03-11,0.0,4
1995-03-12,1.516447182224053,4
1995-03-13,10.92299520500603,4
1995-03-14,15.73602356703777,4
1995-03-15,8.388609907309819,4
1995-03-16,16.361202865717306,4
1995-03-17,1.177957743702252,4
1995-03-18,0.0,4
1995-03-19,0.0,4
1995-03-20,0.0,4
1995-03-21,0.0,4
1995-03-22,1.7011892812246583,4
1995-03-23,9.21107804456682,4
1995-03-24,0.5169706303036544,4
1995-03-25,10.078756030255883,4
1995-03-26,4.4249959238429755,4
1995-03-27,4.032825443368356,4
1995-03-28,2.0678825212146177,4
1995-03-29,1.950373537928985,4
1995-03-30,0.7862109404151205,4
1995-03-31,1.7828309439616394,4
1995-04-01,0.0,4
1995-04-02,0.0,4
1995-04-03,5.323782805721626,4
1995-04-04,0.2241756969134274,4
1995-04-05,2.615427402011028,4
1995-04-06,2.352693621231472,4
1995-04-07,5.673219998160399,4
1995-04-08,7.97784008214396,4
1995-04-09,4.531434912073321,4
1995-04-10,3.4464708686910295,4
1995-04-11,0.0,4
1995-04-12,0.3101823781821927,4
1995-04-13,13.902213763568328,4
1995-04-14,0.0,4
1995-04-15,0.0,4
1995-04-16,0.07306893589583859,4
1995-04-17,0.0,4
1995-04-18,0.0,4
1995-04-19,0.0,4
1995-04-20,0.38241736532290554,4
1995-04-21,5.135696121349485,4
1995-04-22,34.958802337216994,4
1995-04-23,0.0,4
1995-04-24,10.684059692942192,4
1995-04-25,21.613919485540222,4
1995-04-26,2.249207421369475,4
1995-04-27,0.0,4
1995-04-28,0.0,4
1995-04-29,0.0,4
1995-04-30,0.0,4
1995-05-01,0.0,4
1995-05-02,0.0,4
1995-05-03,0.0,4
1995-05-04,0.0,4
1995-05-05,0.0,4
1995-05-06,0.0,4
1995-05-07,0.0,4
1995-05-08,1.844180083649597,4
1995-05-09,0.0,4
1995-05-10,0.0,4
1995-05-11,5.410959263844916,4
1995-05-12,0.2650219032613183,4
1995-05-13,0.13900296439978782,4
1995-05-14,0.8698967542167934,4
1995-05-15,3.7265157306877676,4
1995-05-16,0.0,4
1995-05-17,2.2406605916490205,4
1995-05-18,0.6721981774947062,4
1995-05-19,8.183720820333921,4
1995-05-20,1.0339412606073088,4
1995-05-21,6.518423987347915,4
1995-05-22,7.621121649298349,4
1995-05-23,8.385505645703898,4
1995-05-24,0.5378561626724497,4
1995-05-25,0.15684624141543144,4
1995-05-26,3.068895307625221,4
1995-05-27,0.15218977010057766,4
1995-05-28,0.0,4
1995-05-29,0.5514353389905647,4
1995-05-30,0.0,4
1995-05-31,0.0,4
1995-06-01,0.0,4
1995-06-02,0.0,4
1995-06-03,0.0,4
1995-06-04,0.0,4
1995-06-05,0.0,4
1995-06-06,0.07306893589583859,4
1995-06-07,2.2406605916490205,4
1995-06-08,0.10339412606073088,4
1995-06-09,0.0,4
1995-06-10,2.0165945324841186,4
1995-06-11,0.0,4
1995-06-12,0.06721981774947063,4
1995-06-13,0.0,4
1995-06-14,0.07306893589583859,4
1995-06-15,0.0,4
1995-06-16,0.0,4
1995-06-17,0.0,4
1995-06-18,0.0,4
1995-06-19,2.1712766472753486,4
1995-06-20,3.040355678057663,4
1995-06-21,0.12581615869899798,4
1995-06-22,0.07306893589583859,4
1995-06-23,0.0,4
1995-06-24,0.0,4
1995-06-25,0.0,4
1995-06-26,0.0,4
1995-06-27,0.0,4
1995-06-28,1.187550113573981,4
1995-06-29,0.0,4
1995-06-30,0.5415541030566672,4
1995-07-01,5.548818098592558,4
1995-07-02,3.944549925484961,4
1995-07-03,1.014117668170356,4
1995-07-04,0.8343490364468942,4
1995-07-05,0.47690586379823935,4
1995-07-06,0.29227574358335434,4
1995-07-07,0.07306893589583859,4
1995-07-08,0.0,4
1995-07-09,1.3066635412327199,4
1995-07-10,1.1933992317203488,4
1995-07-11,2.4829744565758665,4
1995-07-12,13.919586299889826,4
1995-07-13,4.020511336248067,4
1995-07-14,2.9618716967468806,4
1995-07-15,0.0,4
1995-07-16,0.07306893589583859,4
1995-07-17,0.0,4
1995-07-18,0.5787023690203407,4
1995-07-19,0.0,4
1995-07-20,1.3827278659984297,4
1995-07-21,2.7571766949528236,4
1995-07-22,9.738945245797597,4
1995-07-23,8.807582545137585,4
1995-07-24,3.277297563427464,4
1995-07-25,3.945510735301627,4
1995-07-26,3.560760689251502,4
1995-07-27,1.3943383656954427,4
1995-07-28,0.02240660591649021,4
1995-07-29,0.07306893589583859,4
1995-07-30,0.0,4
1995-07-31,0.0,4
1995-08-01,0.0,4
1995-08-02,0.0,4
1995-08-03,0.0,4
1995-08-04,0.0,4
1995-08-05,0.0,4
1995-08-06,0.0,4
1995-08-07,2.8772227320913455,4
1995-08-08,0.07306893589583859,4
1995-08-09,0.0,4
1995-08-10,0.0,4
1995-08-11,0.0,4
1995-08-12,0.0,4
1995-08-13,0.0,4
1995-08-14,0.0,4
1995-08-15,0.0,4
1995-08-16,0.0,4
1995-08-17,0.0,4
1995-08-18,1.7232354343455147,4
1995-08-19,1.7273749528675326,4
1995-08-20,5.866506685632818,4
1995-08-21,14.413366381641211,4
1995-08-22,6.376366488978471,4
1995-08-23,0.0,4
1995-08-24,0.0,4
1995-08-25,0.0,4
1995-08-26,1.1868125130710863,4
1995-08-27,0.0,4
1995-08-28,0.0,4
1995-08-29,0.0,4
1995-08-30,0.0,4
1995-08-31,0.0,4
1995-09-01,0.0,4
1995-09-02,0.0,4
1995-09-03,2.3377912237700977,4
1995-09-04,2.0487308348947737,4
1995-09-05,0.7635072392861911,4
1995-09-06,0.29227574358335434,4
1995-09-07,0.5246693569716598,4
1995-09-08,0.0,4
1995-09-09,0.0,4
1995-09-10,0.0,4
1995-09-11,0.8037582948542245,4
1995-09-12,0.013186805700789847,4
1995-09-13,0.03956041710236954,4
1995-09-14,0.0,4
1995-09-15,0.06721981774947063,4
1995-09-16,0.0,4
1995-09-17,0.6286437934084212,4
1995-09-18,0.026373611401579695,4
1995-09-19,0.827153008485847,4
1995-09-20,3.1018237818219268,4
1995-09-21,2.4494705158336294,4
1995-09-22,7.9027457232973815,4
1995-09-23,7.37958717752082,4
1995-09-24,0.4832268272080119,4
1995-09-25,0.7926882997989367,4
1995-09-26,3.29090498637267,4
1995-09-27,0.026373611401579695,4
1995-09-28,0.0,4
1995-09-29,0.0,4
1995-09-30,0.6725270907402822,4
1995-10-01,0.0,4
1995-10-02,0.07912083420473907,4
1995-10-03,0.7306893589583858,4
1995-10-04,0.4177160227649415,4
1995-10-05,0.42185554128695957,4
1995-10-06,0.07306893589583859,4
1995-10-07,3.321406469026853,4
1995-10-08,6.642061179018885,4
1995-10-09,9.287706799860175,4
1995-10-10,9.52881412943745,4
1995-10-11,8.979300310475274,4
1995-10-12,2.2406605916490205,4
1995-10-13,0.0,4
1995-10-14,9.133147802031228,4
1995-10-15,15.532977698080083,4
1995-10-16,0.0,4
1995-10-17,0.0,4
1995-10-18,0.0,4
1995-10-19,2.0678825212146177,4
1995-10-20,1.3152408461250946,4
1995-10-21,12.011632767888015,4
1995-10-22,10.104440305387849,4
1995-10-23,5.738491260788747,4
1995-10-24,0.013186805700789847,4
1995-10-25,2.2406605916490205,4
1995-10-26,0.0,4
1995-10-27,0.0,4
1995-10-28,0.0,4
1995-10-29,10.648529232675118,4
1995-10-30,13.524946423791125,4
1995-10-31,18.479239937762728,4
1995-11-01,26.33726774659206,4
1995-11-02,22.548342907519263,4
1995-11-03,28.686225824529238,4
1995-11-04,7.075484325157298,4
1995-11-05,4.785288584719948,4
1995-11-06,0.06593402850394924,4
1995-11-07,2.565361844942855,4
1995-11-08,0.0,4
1995-11-09,9.684583141021793,4
1995-11-10,8.960824258596677,4
1995-11-11,0.0,4
1995-11-12,4.384136153750315,4
1995-11-13,0.0,4
1995-11-14,13.957880655717476,4
1995-11-15,0.0,4
1995-11-16,3.0240350170280395,4
1995-11-17,7.944896843001816,4
1995-11-18,8.158620914720254,4
1995-11-19,4.384136153750315,4
1995-11-20,0.48283328395478736,4
1995-11-21,3.882191941699174,4
1995-11-22,1.187550113573981,4
1995-11-23,1.7577001430324248,4
1995-11-24,6.16442495071367,4
1995-11-25,4.216219572410749,4
1995-11-26,10.80807248309376,4
1995-11-27,0.0,4
1995-11-28,13.269367371460316,4
1995-11-29,13.398698766851837,4
1995-11-30,0.5499599592902508,4
1995-12-01,2.4250985431574197,4
1995-12-02,4.284116838918143,4
1995-12-03,2.7576312219526753,4
1995-12-04,7.713445780303793,4
1995-12-05,18.94861583406876,4
1995-12-06,2.1627324042757956,4
1995-12-07,5.043589024592452,4
1995-12-08,27.616234603728827,4
1995-12-09,22.119933888353994,4
1995-12-10,4.0131157212589,4
1995-12-11,0.29227574358335434,4
1995-12-12,0.0,4
1995-12-13,11.65907868379616,4
1995-12-14,26.45383253212251,4
1995-12-15,31.92784549610673,4
1995-12-16,8.462777307575191,4
1995-12-17,3.6364358407689026,4
1995-12-18,3.741175944854102,4
1995-12-19,19.09556253897172,4
1995-12-20,11.372392567177188,4
1995-12-21,14.5985981361396,4
1995-12-22,3.5926087404827065,4
1995-12-23,4.085726587917024,4
1995-12-24,18.233361754476718,4
1995-12-25,13.90169811599932,4
1995-12-26,19.215272328470633,4
1995-12-27,8.971922126242026,4
1995-12-28,2.9356330254273573,4
1995-12-29,6.35032334173,4
1995-12-30,2.322853124800067,4
1995-12-31,16.812123355940876,4
1996-01-01,36.962797997369115,3
1996-01-02,7.8,2
1996-01-03,0.0,2
1996-01-04,0.04481321183297991,3
1996-01-05,0.0,3
1996-01-06,0.0,3
1996-01-07,0.0,3
1996-01-08,0.0,3
1996-01-09,0.0,3
1996-01-10,3.948922013234908,3
1996-01-11,36.55333343020425,4
1996-01-12,0.5114825512708701,4
1996-01-13,0.0,4
1996-01-14,0.0,4
1996-01-15,1.5344476538126104,4
1996-01-16,0.0,4
1996-01-17,0.0,4
1996-01-18,0.0,4
1996-01-19,0.3692305596221157,4
1996-01-20,27.762236173742732,4
1996-01-21,0.0,4
1996-01-22,0.0,4
1996-01-23,0.0,4
1996-01-24,0.0,4
1996-01-25,0.876827230750063,4
1996-01-26,0.0,4
1996-01-27,0.0,4
1996-01-28,0.0,4
1996-01-29,0.0,4
1996-01-30,0.0,4
1996-01-31,0.34464708686910295,4
1996-02-01,2.6890119854758754,4
1996-02-02,0.0,4
1996-02-03,7.1158524240916785,4
1996-02-04,0.0,4
1996-02-05,0.0,4
1996-02-06,0.0,4
1996-02-07,0.0,4
1996-02-08,1.1203302958245103,4
1996-02-09,0.0,4
1996-02-10,0.0,4
1996-02-11,0.0,4
1996-02-12,0.0,4
1996-02-13,0.0,4
1996-02-14,0.0,4
1996-02-15,0.0,4
1996-02-16,7.415824232767161,4
1996-02-17,12.204646393688263,4
1996-02-18,0.0,4
1996-02-19,0.0,4
1996-02-20,0.0,4
1996-02-21,0.0,4
1996-02-22,22.84579145530596,4
1996-02-23,20.754470393349905,4
1996-02-24,10.83815941609815,4
1996-02-25,8.98053490450118,4
1996-02-26,0.0,4
1996-02-27,0.0,4
1996-02-28,0.0,4
1996-02-29,0.0,4
1996-03-01,0.0,4
1996-03-02,0.0,4
1996-03-03,0.0,4
1996-03-04,0.0,4
1996-03-05,0.0,4
1996-03-06,0.0,4
1996-03-07,0.2769229197165868,4
1996-03-08,0.15824166840947815,4
1996-03-09,0.0,4
1996-03-10,10.56763459703141,4
1996-03-11,0.21920680768751574,4
1996-03-12,1.4613787179167717,4
1996-03-13,0.6576204230625473,4
1996-03-14,1.1537501504666496,4
1996-03-15,0.17251148319325688,4
1996-03-16,10.539011038885262,4
1996-03-17,2.7571766949528236,4
1996-03-18,3.876342823552806,4
1996-03-19,0.0,4
1996-03-20,0.15824166840947815,4
1996-03-21,24.36729973756333,4
1996-03-22,27.575908427658668,4
1996-03-23,20.999951111666373,4
1996-03-24,4.110652957987619,4
1996-03-25,5.419238300888953,4
1996-03-26,0.0,4
1996-03-27,1.7925284733192166,4
1996-03-28,0.0,4
1996-03-29,6.6492731665213105,4
1996-03-30,3.254806976037448,4
1996-03-31,1.5159344668482055,4
1996-04-01,0.0,4
1996-04-02,0.0,4
1996-04-03,0.0,4
1996-04-04,0.3692305596221157,4
1996-04-05,1.5344476538126104,4
1996-04-06,0.0,4
1996-04-07,0.0,4
1996-04-08,0.827153008485847,4
1996-04-09,2.7475490973980214,4
1996-04-10,0.39739430967226236,4
1996-04-11,1.5853765995978735,4
1996-04-12,6.384551689032788,4
1996-04-13,2.364479594119931,4
1996-04-14,3.301147153162389,4
1996-04-15,6.960254673215371,4
1996-04-16,0.21227468045815895,4
1996-04-17,10.063694936577805,4
1996-04-18,17.804108511316308,4
1996-04-19,4.833124400471126,4
1996-04-20,1.5344476538126104,4
1996-04-21,0.21920680768751574,4
1996-04-22,0.0,4
1996-04-23,0.45105891653432695,4
1996-04-24,1.5684624141543146,4
1996-04-25,0.7237588824251162,4
1996-04-26,1.4819824735371425,4
1996-04-27,2.5586674798753974,4
1996-04-28,2.963351546240664,4
1996-04-29,5.103519671966868,4
1996-04-30,3.274756119474098,4
1996-05-01,0.0,4
1996-05-02,0.0,4
1996-05-03,7.9964933661678534,4
1996-05-04,0.0,4
1996-05-05,0.0,4
1996-05-06,0.0,4
1996-05-07,0.0,4
1996-05-08,0.0,4
1996-05-09,0.0,4
1996-05-10,5.342029846471096,4
1996-05-11,6.259196606436033,4
1996-05-12,6.137790615250442,4
1996-05-13,0.0,4
1996-05-14,0.0,4
1996-05-15,3.6877238294994013,4
1996-05-16,16.5201425075899,4
1996-05-17,17.882279804702158,4
1996-05-18,3.4464708686910295,4
1996-05-19,2.502053359196181,4
1996-05-20,3.9344692107807044,4
1996-05-21,1.895558977780066,4
1996-05-22,0.4384136153750315,4
1996-05-23,0.0,4
1996-05-24,0.08962642366596084,4
1996-05-25,1.9631398346431204,4
1996-05-26,0.8616177171727574,4
1996-05-27,0.29227574358335434,4
1996-05-28,0.0,4
1996-05-29,0.0,4
1996-05-30,0.0,4
1996-05-31,0.0,4
1996-06-01,0.0,4
1996-06-02,1.8266295604062455,4
1996-06-03,2.5251589610819285,4
1996-06-04,2.7879140238969646,4
1996-06-05,4.5863716051027925,4
1996-06-06,1.0015603803660722,4
1996-06-07,0.0,4
1996-06-08,0.0,4
1996-06-09,0.0,4
1996-06-10,3.5136906864405,4
1996-06-11,5.1642182240037595,4
1996-06-12,4.917411485542214,4
1996-06-13,7.005218184863004,4
1996-06-14,5.684621243263854,4
1996-06-15,0.09284914444702336,4
1996-06-16,0.0,4
1996-06-17,0.0,4
1996-06-18,0.0,4
1996-06-19,0.0,4
1996-06-20,0.0,4
1996-06-21,0.0,4
1996-06-22,0.0,4
1996-06-23,0.0,4
1996-06-24,0.0,4
1996-06-25,0.0,4
1996-06-26,0.0,4
1996-06-27,0.0,4
1996-06-28,0.0,4
1996-06-29,0.21920680768751574,4
1996-06-30,3.1161976959480193,4
1996-07-01,6.832651223529959,4
1996-07-02,1.056595276155575,4
1996-07-03,0.0,4
1996-07-04,0.0,4
1996-07-05,0.0,4
1996-07-06,0.0,4
1996-07-07,0.0,4
1996-07-08,0.0,4
1996-07-09,0.07306893589583859,4
1996-07-10,0.0,4
1996-07-11,0.0,4
1996-07-12,0.0,4
1996-07-13,0.0,4
1996-07-14,0.0,4
1996-07-15,0.0,4
1996-07-16,0.0,4
1996-07-17,0.0,4
1996-07-18,0.0,4
1996-07-19,0.0,4
1996-07-20,0.0,4
1996-07-21,0.0,4
1996-07-22,0.0,4
1996-07-23,0.0,4
1996-07-24,0.0,4
1996-07-25,1.623980826806802,4
1996-07-26,0.0,4
1996-07-27,0.0,4
1996-07-28,0.0,4
1996-07-29,0.006593402850394924,4
1996-07-30,8.656617307494253,4
1996-07-31,0.0,4
1996-08-01,0.0,4
1996-08-02,0.0,4
1996-08-03,0.0,4
1996-08-04,0.0,4
1996-08-05,0.0,4
1996-08-06,0.0,4
1996-08-07,4.3468815477991,4
1996-08-08,0.0,4
1996-08-09,0.0,4
1996-08-10,1.895558977780066,4
1996-08-11,4.050603957185011,4
1996-08-12,1.5640986966117532,4
1996-08-13,2.387283635234373,4
1996-08-14,0.8748045228735473,4
1996-08-15,0.11203302958245104,4
1996-08-16,0.0,4
1996-08-17,0.0,4
1996-08-18,0.06721981774947063,4
1996-08-19,0.0,4
1996-08-20,0.0,4
1996-08-21,0.07306893589583859,4
1996-08-22,0.0,4
1996-08-23,0.34285694822053603,4
1996-08-24,0.13186805700789847,4
1996-08-25,0.5670041327276047,4
1996-08-26,0.0,4
1996-08-27,0.0,4
1996-08-28,0.0,4
1996-08-29,3.4464708686910295,4
1996-08-30,4.281007844896629,4
1996-08-31,3.905582076676151,4
1996-09-01,1.7232354343455147,4
1996-09-02,0.0,4
1996-09-03,0.0,4
1996-09-04,2.929500238387375,4
1996-09-05,7.1485101782568226,4
1996-09-06,3.900167031261207,4
1996-09-07,5.39173220710464,4
1996-09-08,2.21560093642706,4
1996-09-09,0.07306893589583859,4
1996-09-10,6.2036475636438535,4
1996-09-11,7.197133337824509,4
1996-09-12,8.111514503121073,4
1996-09-13,11.894790421723737,4
1996-09-14,13.160713157543517,4
1996-09-15,11.620562811179902,4
1996-09-16,4.748947310247178,4
1996-09-17,0.0,4
1996-09-18,6.98800391911891,4
1996-09-19,2.2402060646491693,4
1996-09-20,1.5510998306696686,4
1996-09-21,6.0313240202093015,4
1996-09-22,2.7571766949528236,4
1996-09-23,0.0,4
1996-09-24,1.5509118909109634,4
1996-09-25,1.0339412606073088,4
1996-09-26,0.0,4
1996-09-27,3.390323628483144,4
1996-09-28,6.72602381748072,4
1996-09-29,1.7282489530406697,4
1996-09-30,2.584853151518272,4
1996-10-01,8.087874722441617,3
1996-10-02,1.0662841806533996,3
1996-10-03,4.798278812940298,3
1996-10-04,6.05306922660269,3
1996-10-05,5.5658236856806536,3
1996-10-06,2.399139406470149,3
1996-10-07,6.736885715675761,3
1996-10-08,6.572042951973804,3
1996-10-09,0.0,3
1996-10-10,0.0,3
1996-10-11,0.0,3
1996-10-12,0.0,3
1996-10-13,0.0,3
1996-10-14,0.0,3
1996-10-15,22.811452874104695,3
1996-10-16,11.175594410411282,3
1996-10-17,9.143925526812613,3
1996-10-18,10.220234737797831,3
1996-10-19,5.064849858103648,3
1996-10-20,0.8703291762521299,3
1996-10-21,0.0,3
1996-10-22,0.0,3
1996-10-23,4.531707767776949,3
1996-10-24,4.265136722613598,3
1996-10-25,2.839263551408887,3
1996-10-26,3.198852541960199,3
1996-10-27,5.239433816800706,3
1996-10-28,13.345012020135357,3
1996-10-29,3.1671547848314625,3
1996-10-30,0.0,3
1996-10-31,1.603662940745984,3
1996-11-01,10.546837195994343,4
1996-11-02,21.346249913858138,4
1996-11-03,57.27073413763234,4
1996-11-04,48.820528164536,4
1996-11-05,54.63285751268468,4
1996-11-06,14.078360797309337,4
1996-11-07,10.213000761404508,4
1996-11-08,1.7232354343455147,4
1996-11-09,9.610506720827756,4
1996-11-10,4.554726366833493,4
1996-11-11,0.0,4
1996-11-12,0.6763176225307431,4
1996-11-13,8.037582948542244,4
1996-11-14,4.116195088371378,4
1996-11-15,5.385582446252845,3
1996-11-16,7.313962263488079,3
1996-11-17,9.978582818008368,4
1996-11-18,11.120683169668656,4
1996-11-19,4.395996574341615,4
1996-11-20,6.069629713790624,4
1996-11-21,13.622570428291379,4
1996-11-22,31.594589733226144,4
1996-11-23,16.252897754138658,4
1996-11-24,9.007513188956317,4
1996-11-25,3.4354477115542537,4
1996-11-26,1.6356822319037851,4
1996-11-27,0.3653446794791929,4
1996-11-28,0.0,4
1996-11-29,8.668924394530732,4
1996-11-30,3.738746612274384,4
1996-12-01,0.5845514871667087,4
1996-12-02,10.330261066868514,4
1996-12-03,10.009812832814706,3
1996-12-04,15.737886814762568,4
1996-12-05,12.859343335756499,4
1996-12-06,2.0165945324841186,4
1996-12-07,4.932623502963445,3
1996-12-08,24.974499086989372,4
1996-12-09,12.479796740200802,4
1996-12-10,5.971191411659038,3
1996-12-11,1.7925284733192166,4
1996-12-12,5.085489840109339,4
1996-12-13,4.59010598052868,3
1996-12-14,26.85490660184684,3
1996-12-15,26.070761516749606,3
1996-12-16,1.425704180957325,4
1996-12-17,6.892941737382059,4
1996-12-18,1.5684624141543146,4
1996-12-19,15.052200794542749,4
1996-12-20,11.162855899629438,4
1996-12-21,3.2041446460581,4
1996-12-22,2.0165945324841186,4
1996-12-23,1.7232354343455147,4
1996-12-24,0.6576204230625473,4
1996-12-25,9.779614597668413,4
1996-12-26,3.141964243521059,4
1996-12-27,1.1907875020227403,4
1996-12-28,0.0,4
1996-12-29,2.328484514122313,4
1996-12-30,0.9764085102857112,4
1996-12-31,3.3611710512085744,4
1997-01-01,27.794157212904985,4
1997-01-02,31.669513025920168,4
1997-01-03,31.404076822323958,4
1997-01-04,34.7966595359287,4
1997-01-05,11.222236558038798,4
1997-01-06,2.4598673993365363,4
1997-01-07,2.0799449654251845,4
1997-01-08,1.0599494628903894,4
1997-01-09,0.0,4
1997-01-10,0.0,4
1997-01-11,0.0,4
1997-01-12,0.0,4
1997-01-13,0.0,4
1997-01-14,0.0,4
1997-01-15,0.0,4
1997-01-16,0.43516458812606496,4
1997-01-17,3.378243737052287,4
1997-01-18,2.6900949945588644,4
1997-01-19,3.653446794791929,4
1997-01-20,0.0,4
1997-01-21,0.0,4
1997-01-22,0.0,4
1997-01-23,0.0,4
1997-01-24,0.0,4
1997-01-25,2.464726650813923,4
1997-01-26,10.015478481406314,4
1997-01-27,9.977572551830374,4
1997-01-28,4.265438677122559,4
1997-01-29,2.7571766949528236,4
1997-01-30,8.113115401625125,4
1997-01-31,6.638692572810894,4
1997-02-01,0.0,3
1997-02-02,0.0,3
1997-02-03,6.80417583837129,3
1997-02-04,0.0,3
1997-02-05,3.3480418481692507,3
1997-02-06,3.856822230237655,3
1997-02-07,1.87238247103276,3
1997-02-08,4.932605913635388,3
1997-02-09,0.04481321183297991,3
1997-02-10,4.1805782542622465,3
1997-02-11,2.0836205265964085,3
1997-02-12,0.0,3
1997-02-13,7.483806376107645,3
1997-02-14,1.2443305227774062,3
1997-02-15,2.464726650813895,3
1997-02-16,0.4033189064968192,3
1997-02-17,0.0,3
1997-02-18,1.1633248730022592,3
1997-02-19,2.1886453597187634,3
1997-02-20,0.0,3
1997-02-21,0.0,3
1997-02-22,0.0,3
1997-02-23,0.0,3
1997-02-24,0.0,3
1997-02-25,29.699267474467547,3
1997-02-26,12.390793522123648,3
1997-02-27,15.94570790869489,3
1997-02-28,6.97897936025657,3
1997-03-01,39.649593640922134,4
1997-03-02,44.1885299971126,4
1997-03-03,17.452100651607097,4
1997-03-04,9.06405019719967,4
1997-03-05,3.3666461819827216,4
1997-03-06,0.0,4
1997-03-07,0.0,4
1997-03-08,0.0,4
1997-03-09,0.013186805700789847,4
1997-03-10,0.22278026991938066,4
1997-03-11,2.912858769143727,4
1997-03-12,0.14613787179167717,4
1997-03-13,0.0,4
1997-03-14,13.785883474764118,4
1997-03-15,15.088501334464539,4
1997-03-16,28.101717320370284,4
1997-03-17,5.9611377924301525,4
1997-03-18,2.8911461073196785,4
1997-03-19,2.4478732404672607,4
1997-03-20,0.6593402850394924,4
1997-03-21,0.0,4
1997-03-22,0.0,4
1997-03-23,0.0,4
1997-03-24,0.0,4
1997-03-25,0.8835159819529198,4
1997-03-26,0.37853148517998275,4
1997-03-27,0.07306893589583859,4
1997-03-28,6.548294650512956,4
1997-03-29,10.307329648811342,4
1997-03-30,16.51037943899792,4
1997-03-31,5.888494991011923,4
1997-04-01,0.5043476438789807,4
1997-04-02,1.3785883474764118,4
1997-04-03,0.0,4
1997-04-04,1.5684624141543146,4
1997-04-05,2.5259107201167503,4
1997-04-06,12.978035967950342,4
1997-04-07,1.0304079495820098,4
1997-04-08,2.109162422022299,4
1997-04-09,0.07306893589583859,4
1997-04-10,5.018312921440032,4
1997-04-11,3.6363449353689323,4
1997-04-12,0.0,4
1997-04-13,0.0,4
1997-04-14,0.3296701425197462,4
1997-04-15,6.753646019209979,4
1997-04-16,7.64181924190844,4
1997-04-17,2.4125296080837204,4
1997-04-18,2.7571766949528236,4
1997-04-19,0.0,4
1997-04-20,3.791097922222354,4
1997-04-21,2.4125296080837204,4
1997-04-22,6.7897405334139345,4
1997-04-23,4.527903842296662,4
1997-04-24,3.5781244739368154,4
1997-04-25,4.806750789069547,4
1997-04-26,1.895558977780066,4
1997-04-27,6.441042516899364,4
1997-04-28,5.997124942643162,4
1997-04-29,0.0,4
1997-04-30,0.5955722747015209,4
1997-05-01,0.0,4
1997-05-02,0.0,4
1997-05-03,0.21920680768751574,4
1997-05-04,1.8267233973959645,4
1997-05-05,0.0,4
1997-05-06,3.381476538980607,4
1997-05-07,0.0,4
1997-05-08,0.0,4
1997-05-09,0.0,4
1997-05-10,0.0,4
1997-05-11,0.0,4
1997-05-12,0.0,4
1997-05-13,0.0,4
1997-05-14,0.06721981774947063,4
1997-05-15,0.0,4
1997-05-16,1.7963043702413533,4
1997-05-17,4.581402715876881,4
1997-05-18,5.168784721708854,4
1997-05-19,7.099656028933487,4
1997-05-20,0.36891814171105786,4
1997-05-21,0.0,4
1997-05-22,0.0,4
1997-05-23,0.0,4
1997-05-24,1.7074653785541025,4
1997-05-25,3.9545773077441178,4
1997-05-26,0.4384136153750315,4
1997-05-27,0.0,4
1997-05-28,0.0,4
1997-05-29,0.14613787179167717,4
1997-05-30,0.0,4
1997-05-31,0.0,4
1997-06-01,0.0,4
1997-06-02,0.0,4
1997-06-03,0.0,4
1997-06-04,0.0,4
1997-06-05,0.0,4
1997-06-06,7.9754642741946995,4
1997-06-07,0.07306893589583859,4
1997-06-08,0.1978020855118477,4
1997-06-09,0.0,4
1997-06-10,0.0,4
1997-06-11,0.0,4
1997-06-12,0.0,4
1997-06-13,3.370532062125645,4
1997-06-14,0.0,4
1997-06-15,0.0,4
1997-06-16,0.0,4
1997-06-17,0.0,4
1997-06-18,0.0,4
1997-06-19,0.0,4
1997-06-20,0.0,4
1997-06-21,0.0,4
1997-06-22,0.0,4
1997-06-23,0.0,4
1997-06-24,0.0,4
1997-06-25,0.0,4
1997-06-26,0.0,4
1997-06-27,0.0,4
1997-06-28,0.0,4
1997-06-29,0.0,4
1997-06-30,0.0,4
1997-07-01,1.7232354343455147,4
1997-07-02,0.0,4
1997-07-03,0.0,4
1997-07-04,0.0,4
1997-07-05,0.0,4
1997-07-06,0.0,4
1997-07-07,0.0,4
1997-07-08,0.0,4
1997-07-09,0.0,4
1997-07-10,0.0,4
1997-07-11,0.0,4
1997-07-12,0.0,4
1997-07-13,0.0,4
1997-07-14,0.0,4
1997-07-15,0.0,4
1997-07-16,0.0,4
1997-07-17,0.0,4
1997-07-18,0.0,4
1997-07-19,0.0,4
1997-07-20,0.07306893589583859,4
1997-07-21,3.4464708686910295,4
1997-07-22,1.0339412606073088,4
1997-07-23,3.963441498994684,4
1997-07-24,0.0,4
1997-07-25,0.0,4
1997-07-26,0.0,4
1997-07-27,0.07306893589583859,4
1997-07-28,0.0,4
1997-07-29,0.0,4
1997-07-30,0.0,4
1997-07-31,0.0,4
1997-08-01,0.0,4
1997-08-02,0.0,4
1997-08-03,0.0,4
1997-08-04,0.0,4
1997-08-05,3.4464708686910295,4
1997-08-06,1.060359501478132,4
1997-08-07,0.13900296439978782,4
1997-08-08,2.0678825212146177,4
1997-08-09,4.576058055391321,4
1997-08-10,2.208057753635881,4
1997-08-11,0.0,4
1997-08-12,0.0,4
1997-08-13,0.0,4
1997-08-14,0.0,4
1997-08-15,0.0,4
1997-08-16,0.0,4
1997-08-17,0.0,4
1997-08-18,0.0,4
1997-08-19,0.0,4
1997-08-20,0.0,4
1997-08-21,0.0,4
1997-08-22,0.0,4
1997-08-23,0.0,4
1997-08-24,0.0,4
1997-08-25,1.0339412606073088,4
1997-08-26,0.0,4
1997-08-27,0.0,4
1997-08-28,0.0,4
1997-08-29,0.20678825212146176,4
1997-08-30,0.0,4
1997-08-31,0.0,4
1997-09-01,0.0,4
1997-09-02,0.0,4
1997-09-03,0.0,4
1997-09-04,0.0,4
1997-09-05,1.0339412606073088,4
1997-09-06,12.85661486253225,4
1997-09-07,9.125619988832288,4
1997-09-08,0.6892941737382059,4
1997-09-09,0.0,4
1997-09-10,0.0,4
1997-09-11,0.5169706303036544,4
1997-09-12,0.0,4
1997-09-13,0.0,4
1997-09-14,0.0,4
1997-09-15,0.0,4
1997-09-16,11.70300592276697,4
1997-09-17,0.07306893589583859,4
1997-09-18,0.0,4
1997-09-19,1.3785883474764118,4
1997-09-20,0.6892941737382059,4
1997-09-21,2.265137012770996,4
1997-09-22,5.836253880800261,4
1997-09-23,2.6182183600222793,4
1997-09-24,2.7167212085261703,4
1997-09-25,2.7571766949528236,4
1997-09-26,3.282221931441894,4
1997-09-27,2.2275830782244954,4
1997-09-28,0.13186805700789847,4
1997-09-29,0.8616177171727574,4
1997-09-30,2.0678825212146177,4
1997-10-01,2.984038053569124,4
1997-10-02,0.29227574358335434,4
1997-10-03,0.0,4
1997-10-04,0.0,4
1997-10-05,0.0,4
1997-10-06,0.0,4
1997-10-07,0.0,4
1997-10-08,0.0,4
1997-10-09,0.0,4
1997-10-10,0.0,4
1997-10-11,3.791117955560132,4
1997-10-12,2.7571766949528236,4
1997-10-13,4.530274025541992,4
1997-10-14,2.4125296080837204,4
1997-10-15,3.4464708686910295,4
1997-10-16,4.135765042429235,4
1997-10-17,24.477589021758323,4
1997-10-18,8.843738812044812,4
1997-10-19,7.347130577755702,4
1997-10-20,5.689220831426539,4
1997-10-21,8.282978887389728,4
1997-10-22,13.545062846062173,4
1997-10-23,30.551608345793984,4
1997-10-24,1.7232354343455147,4
1997-10-25,3.4464708686910295,4
1997-10-26,8.141056253643951,4
1997-10-27,29.15954433520743,4
1997-10-28,4.854926786590037,4
1997-10-29,0.0,4
1997-10-30,0.0,4
1997-10-31,0.0,4
1997-11-01,0.0,3
1997-11-02,0.0,3
1997-11-03,0.0,3
1997-11-04,0.0,3
1997-11-05,0.0,3
1997-11-06,18.14571457635839,3
1997-11-07,8.123571425325132,3
1997-11-08,6.684807740151362,3
1997-11-09,20.24486675737131,3
1997-11-10,3.4912840805240357,3
1997-11-11,0.985890660325558,3
1997-11-12,0.6892941737382111,3
1997-11-13,0.0,3
1997-11-14,0.0,3
1997-11-15,0.0,3
1997-11-16,0.0,3
1997-11-17,0.0,3
1997-11-18,0.0,3
1997-11-19,0.0,3
1997-11-20,8.248965890236478,3
1997-11-21,0.08962642366595983,3
1997-11-22,0.0,3
1997-11-23,0.0,3
1997-11-24,0.0,3
1997-11-25,8.694915262150557,3
1997-11-26,35.70822704406578,3
1997-11-27,8.856017471205906,3
1997-11-28,4.545837546652091,3
1997-11-29,30.60673420496468,3
1997-11-30,14.223200256370147,3
1997-12-01,8.987074656878608,3
1997-12-02,0.613526357866985,3
1997-12-03,3.239646332977564,3
1997-12-04,2.7571766949528445,3
1997-12-05,0.12938361239494267,3
1997-12-06,0.0,3
1997-12-07,7.668030948097925,3
1997-12-08,12.450156350019464,3
1997-12-09,35.31442525387651,3
1997-12-10,5.699244429998733,3
1997-12-11,28.636383932520015,3
1997-12-12,4.846605003688066,3
1997-12-13,0.9056852867645988,3
1997-12-14,0.0,3
1997-12-15,0.38815083718482807,3
1997-12-16,4.021937612451067,3
1997-12-17,42.34494649068694,3
1997-12-18,5.190136685592291,3
1997-12-19,12.72115760450124,3
1997-12-20,9.940240142024745,3
1997-12-21,0.0,3
1997-12-22,0.0,3
1997-12-23,0.0,3
1997-12-24,0.0,3
1997-12-25,5.287958996291629,3
1997-12-26,2.912858769143694,3
1997-12-27,0.0,3
1997-12-28,0.0,3
1997-12-29,0.0,3
1997-12-30,0.0,3
1997-12-31,0.0,3
1998-01-01,0.0,3
1998-01-02,0.0,3
1998-01-03,0.0,3
1998-01-04,30.22882873193862,3
1998-01-05,18.213055626230744,3
1998-01-06,0.2516014639544432,3
1998-01-07,0.0,3
1998-01-08,10.385959627459748,3
1998-01-09,17.425113871748337,3
1998-01-10,9.217942377283556,3
1998-01-11,3.6950167549966437,3
1998-01-12,0.6892941737382111,3
1998-01-13,0.0,3
1998-01-14,0.0,3
1998-01-15,3.3724006274418383,3
1998-01-16,6.2290364447842075,3
1998-01-17,2.7336059218117743,3
1998-01-18,5.618020232166306,3
1998-01-19,0.22406605916489955,3
1998-01-20,6.1008897753829014,3
1998-01-21,2.4560333583994614,3
1998-01-22,0.48250592161674777,3
1998-01-23,6.036022514176951,3
1998-01-24,1.2547699313234375,3
1998-01-25,3.1483345682769386,3
1998-01-26,1.90590748092615,3
1998-01-27,0.0,3
1998-01-28,0.0,3
1998-01-29,0.0,3
1998-01-30,0.0,3
1998-01-31,3.276966421637065,3
1998-02-01,0.0,2
1998-02-02,0.0,2
1998-02-03,0.0,2
1998-02-04,0.0,2
1998-02-05,0.0,2
1998-02-06,0.0,2
1998-02-07,0.2,2
1998-02-08,0.0,2
1998-02-09,0.4,2
1998-02-10,0.0,2
1998-02-11,0.0,2
1998-02-12,12.3,2
1998-02-13,18.4,2
1998-02-14,7.9,2
1998-02-15,4.5,2
1998-02-16,3.2,2
1998-02-17,2.0,2
1998-02-18,36.9,2
1998-02-19,0.6,2
1998-02-20,0.0,2
1998-02-21,0.0,2
1998-02-22,0.0,2
1998-02-23,0.0,2
1998-02-24,19.9,2
1998-02-25,0.0,2
1998-02-26,0.0,2
1998-02-27,0.0,2
1998-02-28,0.0,2
1998-03-01,0.0,3
1998-03-02,0.0,3
1998-03-03,0.0,3
1998-03-04,0.0,3
1998-03-05,0.0,3
1998-03-06,0.0,3
1998-03-07,0.34464708686910556,3
1998-03-08,0.34464708686910556,3
1998-03-09,0.0,3
1998-03-10,0.0,3
1998-03-11,0.0,3
1998-03-12,21.823248092842096,3
1998-03-13,11.0,2
1998-03-14,3.9084615948155883,3
1998-03-15,0.0,2
1998-03-16,17.5,2
1998-03-17,0.30189509558819955,3
1998-03-18,2.0678825212146332,3
1998-03-19,5.484162778489602,3
1998-03-20,0.0,3
1998-03-21,0.0,3
1998-03-22,4.330949951695336,3
1998-03-23,6.022660845932835,3
1998-03-24,0.0,3
1998-03-25,1.0339412606073166,3
1998-03-26,13.173751342690567,3
1998-03-27,1.381777206580721,3
1998-03-28,2.5522678404184225,3
1998-03-29,0.430902828465734,3
1998-03-30,4.115383128392495,3
1998-03-31,0.9410774484925781,3
1998-04-01,0.7961984044476071,3
1998-04-02,0.18060258047858746,4
1998-04-03,0.5932531619536737,4
1998-04-04,0.827153008485847,4
1998-04-05,0.10339412606073088,4
1998-04-06,0.29227574358335434,4
1998-04-07,0.0,4
1998-04-08,0.0,4
1998-04-09,0.0,4
1998-04-10,6.71388251662102,4
1998-04-11,8.532011082211326,4
1998-04-12,5.748908177629431,4
1998-04-13,2.912858769143727,4
1998-04-14,11.73132164765802,4
1998-04-15,3.912308122350801,4
1998-04-16,0.0,4
1998-04-17,0.0,4
1998-04-18,0.0,4
1998-04-19,0.0,4
1998-04-20,0.0,4
1998-04-21,1.6415313500501532,4
1998-04-22,0.0,4
1998-04-23,0.07306893589583859,4
1998-04-24,1.187550113573981,4
1998-04-25,0.0,4
1998-04-26,0.0,4
1998-04-27,2.0458363680937612,4
1998-04-28,1.5684624141543146,4
1998-04-29,0.0,4
1998-04-30,0.0,4
1998-05-01,0.0,4
1998-05-02,0.0,4
1998-05-03,0.44804121292983384,4
1998-05-04,0.8960824258596677,4
1998-05-05,16.186923753306278,4
1998-05-06,9.665572191577734,4
1998-05-07,0.08962642366596084,4
1998-05-08,0.6721981774947062,4
1998-05-09,0.0,4
1998-05-10,0.0,4
1998-05-11,0.0,4
1998-05-12,0.07306893589583859,4
1998-05-13,0.07306893589583859,4
1998-05-14,0.10339412606073088,4
1998-05-15,0.0,4
1998-05-16,0.0,4
1998-05-17,0.0,4
1998-05-18,0.0,4
1998-05-19,0.0,4
1998-05-20,0.0,4
1998-05-21,0.0,4
1998-05-22,1.8997923332918032,4
1998-05-23,0.0,4
1998-05-24,0.0,4
1998-05-25,0.0,4
1998-05-26,0.0,4
1998-05-27,0.0,4
1998-05-28,0.0,4
1998-05-29,1.0489451706900954,4
1998-05-30,1.2430177720330637,4
1998-05-31,2.5090870946009005,4
1998-06-01,0.0,4
1998-06-02,0.0,4
1998-06-03,0.06721981774947063,4
1998-06-04,0.9994765519203985,4
1998-06-05,0.0,4
1998-06-06,0.0,4
1998-06-07,0.0,4
1998-06-08,0.0,4
1998-06-09,0.0,4
1998-06-10,0.0,4
1998-06-11,0.0,4
1998-06-12,0.0,4
1998-06-13,0.5169706303036544,4
1998-06-14,4.471238472425438,4
1998-06-15,2.897323789004758,4
1998-06-16,4.347067041894039,4
1998-06-17,0.5445975268111146,4
1998-06-18,0.0,4
1998-06-19,0.0,4
1998-06-20,0.0,4
1998-06-21,0.656740194142091,4
1998-06-22,0.43127870798314216,4
1998-06-23,0.08962642366596084,4
1998-06-24,0.0,4
1998-06-25,0.0,4
1998-06-26,0.9493934679389432,4
1998-06-27,0.0,4
1998-06-28,0.0,4
1998-06-29,0.10339412606073088,4
1998-06-30,0.9275517456767066,4
1998-07-01,1.6149594367487183,4
1998-07-02,0.0,4
1998-07-03,0.0,4
1998-07-04,0.0,4
1998-07-05,0.6576204230625473,4
1998-07-06,0.06892941737382059,4
1998-07-07,9.87937097696189,4
1998-07-08,0.0,4
1998-07-09,0.0,4
1998-07-10,0.0,4
1998-07-11,0.827153008485847,4
1998-07-12,0.1978020855118477,4
1998-07-13,0.4825059216167441,4
1998-07-14,0.0,4
1998-07-15,0.0,4
1998-07-16,0.0,4
1998-07-17,0.0,4
1998-07-18,0.0,4
1998-07-19,0.0,4
1998-07-20,0.14613787179167717,4
1998-07-21,0.0,4
1998-07-22,0.0,4
1998-07-23,0.0,4
1998-07-24,0.37911179555601326,4
1998-07-25,3.6038174677762242,4
1998-07-26,0.0,4
1998-07-27,0.0,4
1998-07-28,0.0,4
1998-07-29,0.0,4
1998-07-30,0.17232354343455147,4
1998-07-31,0.10339412606073088,4
1998-08-01,0.0,4
1998-08-02,0.0,4
1998-08-03,0.0,4
1998-08-04,0.0,4
1998-08-05,0.0,4
1998-08-06,0.0,4
1998-08-07,19.66223242869727,4
1998-08-08,17.35924883526183,4
1998-08-09,6.97237352251792,4
1998-08-10,1.5889268554531095,4
1998-08-11,0.06892941737382059,4
1998-08-12,1.5684624141543146,4
1998-08-13,0.0,4
1998-08-14,0.0,4
1998-08-15,0.07306893589583859,4
1998-08-16,0.0,4
1998-08-17,0.0,4
1998-08-18,0.0,4
1998-08-19,0.0,4
1998-08-20,0.0,4
1998-08-21,0.0,4
1998-08-22,0.0,4
1998-08-23,0.0,4
1998-08-24,6.5728610458481045,4
1998-08-25,0.0,4
1998-08-26,0.0,4
1998-08-27,0.20165945324841186,4
1998-08-28,0.0,4
1998-08-29,0.0,4
1998-08-30,0.0,4
1998-08-31,0.6203647563643854,4
1998-09-01,4.681209603680057,4
1998-09-02,5.268347617999398,4
1998-09-03,0.0,4
1998-09-04,0.0,4
1998-09-05,0.0,4
1998-09-06,0.0,4
1998-09-07,0.0,4
1998-09-08,0.0,4
1998-09-09,0.0,4
1998-09-10,0.27571766949528237,4
1998-09-11,0.44804121292983384,4
1998-09-12,0.034464708686910296,4
1998-09-13,0.0,4
1998-09-14,0.0,4
1998-09-15,0.5169706303036544,4
1998-09-16,0.5114825512708701,4
1998-09-17,0.42414380059125284,4
1998-09-18,4.8939886335412615,4
1998-09-19,0.0,4
1998-09-20,0.0,4
1998-09-21,0.0,4
1998-09-22,0.0,4
1998-09-23,0.21920680768751574,4
1998-09-24,1.6221295675890772,4
1998-09-25,0.0,4
1998-09-26,0.0,4
1998-09-27,0.0,4
1998-09-28,0.0,4
1998-09-29,0.0,4
1998-09-30,0.0,4
1998-10-01,0.20678825212146176,4
1998-10-02,5.61343170495507,4
1998-10-03,28.781657822607087,4
1998-10-04,0.0,4
1998-10-05,0.0,4
1998-10-06,0.0,4
1998-10-07,0.0,4
1998-10-08,1.7302820230583351,4
1998-10-09,1.333815873167947,4
1998-10-10,13.790942072423936,4
1998-10-11,5.152610306793044,4
1998-10-12,3.865440043973925,4
1998-10-13,7.088132522596155,4
1998-10-14,8.983385315447087,4
1998-10-15,3.6375829020107977,4
1998-10-16,1.0339412606073088,4
1998-10-17,2.184773633873159,4
1998-10-18,20.9032745546796,4
1998-10-19,10.017115359298689,4
1998-10-20,1.254474008746912,4
1998-10-21,1.5104564044843103,4
1998-10-22,0.7552282022421551,4
1998-10-23,0.617369367494514,4
1998-10-24,2.5159237341444514,4
1998-10-25,0.6721981774947062,4
1998-10-26,9.8264010280336,4
1998-10-27,1.5684624141543146,4
1998-10-28,2.3867984634406976,4
1998-10-29,6.221064286641675,4
1998-10-30,10.511405244931733,4
1998-10-31,13.975045913518203,4
1998-11-01,23.598732874479985,4
1998-11-02,2.1189053039896,4
1998-11-03,10.764507486948016,4
1998-11-04,9.516804760361921,4
1998-11-05,8.109741201044681,4
1998-11-06,7.059729030076719,4
1998-11-07,4.239159168489967,4
1998-11-08,8.289080608101822,4
1998-11-09,13.91645943171606,4
1998-11-10,2.6841132731330313,4
1998-11-11,5.830940339537522,4
1998-11-12,14.315117421434724,4
1998-11-13,2.437394857585158,4
1998-11-14,0.0,4
1998-11-15,6.293535281225042,4
1998-11-16,2.479607766239816,4
1998-11-17,0.6721981774947062,4
1998-11-18,3.1817380401416093,4
1998-11-19,14.895583330015482,4
1998-11-20,8.284552511118651,4
1998-11-21,4.05101281890225,4
1998-11-22,8.10193180081478,4
1998-11-23,42.900941079211215,4
1998-11-24,15.09061641658544,4
1998-11-25,2.486053070979411,4
1998-11-26,0.0,4
1998-11-27,4.3080885858637865,4
1998-11-28,27.94648935363902,4
1998-11-29,0.10339412606073088,4
1998-11-30,3.990660706420804,4
1998-12-01,9.528817671675315,4
1998-12-02,0.0,4
1998-12-03,4.152556721558625,4
1998-12-04,2.567938966074713,4
1998-12-05,0.0,4
1998-12-06,9.772824800277977,4
1998-12-07,23.7833594560882,4
1998-12-08,58.78905087959845,4
1998-12-09,0.0,4
1998-12-10,0.0,4
1998-12-11,0.0,4
1998-12-12,0.0,4
1998-12-13,0.0,4
1998-12-14,2.8482461024372197,4
1998-12-15,1.5344476538126104,4
1998-12-16,2.4919910983574014,4
1998-12-17,9.21558757942675,4
1998-12-18,3.5333907409845184,4
1998-12-19,14.60301046641548,4
1998-12-20,10.979641298266351,4
1998-12-21,2.2790328401825537,4
1998-12-22,2.4598673993365363,4
1998-12-23,0.0,4
1998-12-24,0.7306893589583858,4
1998-12-25,0.0,4
1998-12-26,0.27087102140768626,4
1998-12-27,0.0,4
1998-12-28,0.0,4
1998-12-29,1.3152408461250946,4
1998-12-30,0.07306893589583859,4
1998-12-31,5.715432375256523,4
1999-01-01,0.20678825212146174,5
1999-01-02,0.0,5
1999-01-03,16.445328660733026,5
1999-01-04,60.60574083293271,5
1999-01-05,19.62797911559952,5
1999-01-06,2.136811938588438,5
1999-01-07,0.0,5
1999-01-08,0.0,5
1999-01-09,0.0,5
1999-01-10,0.0,5
1999-01-11,0.0,5
1999-01-12,0.0,5
1999-01-13,0.7732907630426538,5
1999-01-14,0.8447987356939348,5
1999-01-15,0.0,5
1999-01-16,0.0,5
1999-01-17,0.0,5
1999-01-18,0.0,5
1999-01-19,2.4266346281361706,5
1999-01-20,0.06892941737382058,5
1999-01-21,2.5503884428313617,5
1999-01-22,0.13785883474764116,5
1999-01-23,0.3446470868691029,5
1999-01-24,1.5164471822240528,5
1999-01-25,12.522915513414294,5
1999-01-26,16.50849007858592,5
1999-01-27,0.32891583983569966,5
1999-01-28,0.0,5
1999-01-29,3.366427491574721,5
1999-01-30,0.0,5
1999-01-31,0.0,5
1999-02-01,0.0,5
1999-02-02,0.0,5
1999-02-03,0.0,5
1999-02-04,0.0,5
1999-02-05,0.0,5
1999-02-06,0.0,5
1999-02-07,0.0,5
1999-02-08,0.0,5
1999-02-09,0.0,5
1999-02-10,1.8685086636648514,5
1999-02-11,0.0,5
1999-02-12,15.515703607832307,5
1999-02-13,0.0,5
1999-02-14,0.049108221274894406,5
1999-02-15,0.0,5
1999-02-16,0.0,5
1999-02-17,0.0,5
1999-02-18,0.40443910468936173,5
1999-02-19,0.0,5
1999-02-20,0.8960824258596676,5
1999-02-21,0.0,5
1999-02-22,3.280525447760611,5
1999-02-23,2.5883263740769715,5
1999-02-24,0.32891583983569966,5
1999-02-25,0.8271530084858469,5
1999-02-26,2.196014538169063,5
1999-02-27,2.6432428989435937,5
1999-02-28,0.0,5
1999-03-01,0.0,5
1999-03-02,1.7921648517193352,5
1999-03-03,35.991818261929495,5
1999-03-04,8.901507959380432,5
1999-03-05,11.269244355527338,5
1999-03-06,14.442023203084611,5
1999-03-07,20.535276109863833,5
1999-03-08,2.79587254273299,5
1999-03-09,0.0,5
1999-03-10,0.7522567347222129,5
1999-03-11,23.64898306133244,5
1999-03-12,0.0,5
1999-03-13,10.073305467123348,5
1999-03-14,12.97362626550304,5
1999-03-15,4.626847255178179,5
1999-03-16,6.196616275205662,5
1999-03-17,1.9957177196212543,5
1999-03-18,2.6421067885269074,5
1999-03-19,3.353108328720452,5
1999-03-20,0.06892941737382058,5
1999-03-21,0.8331445556600853,5
1999-03-22,0.0,5
1999-03-23,0.5662147465651064,5
1999-03-24,0.0,5
1999-03-25,0.0,5
1999-03-26,0.9221211586917448,5
1999-03-27,33.26217764367257,5
1999-03-28,1.4732466382468319,5
1999-03-29,0.0,5
1999-03-30,0.0736623319123416,5
1999-03-31,0.0,5
1999-04-01,0.0,5
1999-04-02,0.0,5
1999-04-03,0.0,5
1999-04-04,0.0,5
1999-04-05,0.6713689137843406,5
1999-04-06,4.563071381442191,5
1999-04-07,0.0,5
1999-04-08,0.8088782093787235,5
1999-04-09,14.641907057449313,5
1999-04-10,8.096830588095386,5
1999-04-11,0.8602834102554942,5
1999-04-12,2.8047910651523438,5
1999-04-13,0.5798328262216907,5
1999-04-14,0.0,5
1999-04-15,0.0,5
1999-04-16,0.0,5
1999-04-17,0.0,5
1999-04-18,43.56044218803122,5
1999-04-19,9.078016703711548,5
1999-04-20,0.5725455623989875,5
1999-04-21,1.4775419678999575,5
1999-04-22,0.7047407527790239,5
1999-04-23,3.4027627635258106,5
1999-04-24,0.024554110637447203,5
1999-04-25,0.0,5
1999-04-26,0.122770553187236,5
1999-04-27,0.048532692562723405,5
1999-04-28,4.9199883155078625,5
1999-04-29,0.0,5
1999-04-30,1.8617882062424536,5
1999-05-01,1.377539730016637,5
1999-05-02,2.2353832770380713,5
1999-05-03,0.0,5
1999-05-04,0.7538489740539183,5
1999-05-05,0.0,5
1999-05-06,0.24266346281361706,5
1999-05-07,0.0,5
1999-05-08,0.0,5
1999-05-09,0.0,5
1999-05-10,0.0736623319123416,5
1999-05-11,0.9673227164093269,5
1999-05-12,0.049108221274894406,5
1999-05-13,0.0,5
1999-05-14,6.387259791625935,5
1999-05-15,0.5109034088478701,5
1999-05-16,0.4389321331514545,5
1999-05-17,1.713658437081629,5
1999-05-18,0.06892941737382058,5
1999-05-19,0.0,5
1999-05-20,0.0,5
1999-05-21,0.0,5
1999-05-22,0.0,5
1999-05-23,0.0,5
1999-05-24,0.0,5
1999-05-25,0.0,5
1999-05-26,0.0,5
1999-05-27,0.0,5
1999-05-28,0.0,5
1999-05-29,0.0,5
1999-05-30,0.0,5
1999-05-31,2.8592825360102716,5
1999-06-01,0.0,5
1999-06-02,0.0,5
1999-06-03,0.0,5
1999-06-04,0.0,5
1999-06-05,0.024266346281361702,5
1999-06-06,0.0,5
1999-06-07,1.327304657310679,5
1999-06-08,8.441745692388057,5
1999-06-09,25.536695411546788,5
1999-06-10,7.377315872252195,5
1999-06-11,0.0,5
1999-06-12,5.956786662821473,5
1999-06-13,0.5877568668368912,5
1999-06-14,1.3013678637847015,5
1999-06-15,0.0,5
1999-06-16,0.0,5
1999-06-17,0.0,5
1999-06-18,0.0,5
1999-06-19,0.0,5
1999-06-20,0.0,5
1999-06-21,0.0,5
1999-06-22,3.089166299951358,5
1999-06-23,0.0,5
1999-06-24,0.0,5
1999-06-25,0.0,5
1999-06-26,0.0,5
1999-06-27,0.0,5
1999-06-28,0.0,5
1999-06-29,0.0,5
1999-06-30,0.0,5
1999-07-01,0.0,4
1999-07-02,0.0,4
1999-07-03,0.6862987848683346,4
1999-07-04,0.0,4
1999-07-05,0.0,4
1999-07-06,0.0,4
1999-07-07,1.6358578778313615,4
1999-07-08,1.6525964173473442,4
1999-07-09,0.0,4
1999-07-10,0.2521242648186457,4
1999-07-11,4.21721599244791,4
1999-07-12,8.117653093319342,4
1999-07-13,6.782426023127169,4
1999-07-14,4.37672513195295,4
1999-07-15,1.7668092744022859,4
1999-07-16,1.6411431522649567,4
1999-07-17,0.5069928454008318,4
1999-07-18,0.01015611507204287,4
1999-07-19,0.0,4
1999-07-20,0.0,4
1999-07-21,1.0339412606073168,4
1999-07-22,0.0,4
1999-07-23,1.3848137405033965,4
1999-07-24,1.4758281257707206,4
1999-07-25,0.0,4
1999-07-26,19.483214820693483,4
1999-07-27,0.0,4
1999-07-28,0.0,4
1999-07-29,0.0,4
1999-07-30,0.0,4
1999-07-31,0.0,4
1999-08-01,3.701531140277818,4
1999-08-02,0.0,4
1999-08-03,0.0,4
1999-08-04,0.0,4
1999-08-05,0.6989933279885319,4
1999-08-06,0.0,4
1999-08-07,0.0,4
1999-08-08,0.0,4
1999-08-09,0.7412539272276575,4
1999-08-10,0.0,4
1999-08-11,0.0,4
1999-08-12,0.0,4
1999-08-13,0.0,4
1999-08-14,0.0,4
1999-08-15,0.06594351145254268,4
1999-08-16,6.434944271891499,4
1999-08-17,9.722890752309091,4
1999-08-18,3.5227228643411586,4
1999-08-19,1.801437299834097,4
1999-08-20,6.187966605451145,4
1999-08-21,11.542416043659967,4
1999-08-22,4.974400082735815,4
1999-08-23,0.7617086304032152,4
1999-08-24,0.10339412606073169,4
1999-08-25,1.3785883474764224,4
1999-08-26,0.0,4
1999-08-27,0.0,4
1999-08-28,0.0,4
1999-08-29,0.0,4
1999-08-30,0.0,4
1999-08-31,0.0,4
1999-09-01,0.0,4
1999-09-02,0.0,4
1999-09-03,0.0,4
1999-09-04,0.0,4
1999-09-05,0.0,4
1999-09-06,0.3585056946638392,4
1999-09-07,0.0,4
1999-09-08,0.0,4
1999-09-09,0.0,4
1999-09-10,0.1649079807150683,4
1999-09-11,0.0448132118329799,4
1999-09-12,0.448132118329799,4
1999-09-13,0.0,4
1999-09-14,0.0,4
1999-09-15,0.0,4
1999-09-16,0.0,4
1999-09-17,0.11590601733727998,4
1999-09-18,0.0448132118329799,4
1999-09-19,0.0,4
1999-09-20,1.4057326314867242,4
1999-09-21,2.299832580605343,4
1999-09-22,0.0,4
1999-09-23,31.112289895669583,4
1999-09-24,0.4840603881680003,4
1999-09-25,0.0,4
1999-09-26,0.0,4
1999-09-27,0.0,4
1999-09-28,0.0,4
1999-09-29,0.0,4
1999-09-30,0.0,4
1999-10-01,0.0,4
1999-10-02,0.0,4
1999-10-03,0.0,4
1999-10-04,3.1157401933856557,4
1999-10-05,6.143492376314816,4
1999-10-06,1.0295891923176077,4
1999-10-07,1.5074119198956275,4
1999-10-08,0.8960824258596746,4
1999-10-09,0.0,4
1999-10-10,0.0,4
1999-10-11,0.0448132118329799,4
1999-10-12,1.390785552345953,4
1999-10-13,1.001096295473254,4
1999-10-14,0.2967458015364421,4
1999-10-15,0.0,4
1999-10-16,0.0,4
1999-10-17,0.0,4
1999-10-18,0.0,4
1999-10-19,1.1936835518725215,4
1999-10-20,24.381085900346093,4
1999-10-21,0.0,4
1999-10-22,12.327388422529598,4
1999-10-23,21.56370611915285,4
1999-10-24,0.0,4
1999-10-25,0.279079454933971,4
1999-10-26,0.09891526717881402,4
1999-10-27,0.3534496715598421,4
1999-10-28,0.0448132118329799,4
1999-10-29,0.08835011736903263,4
1999-10-30,11.376364968624681,4
1999-10-31,1.088067938966954,4
1999-11-01,6.149445025087402,4
1999-11-02,1.3441438134879928,4
1999-11-03,2.3549775797060635,4
1999-11-04,1.481982473537154,4
1999-11-05,0.0,4
1999-11-06,4.18811164266918,4
1999-11-07,38.50417764133827,4
1999-11-08,7.594181581077631,4
1999-11-09,1.2477811308485305,4
1999-11-10,6.469256533533334,4
1999-11-11,10.614317302817309,4
1999-11-12,5.35048967288913,4
1999-11-13,1.3127134998472294,4
1999-11-14,3.624111474961872,4
1999-11-15,20.452678875223025,4
1999-11-16,0.9401558416300146,4
1999-11-17,0.11922749732289975,4
1999-11-18,1.3882828267401508,4
1999-11-19,0.32721414675257066,4
1999-11-20,0.0,4
1999-11-21,17.083316123929627,4
1999-11-22,53.82523125311785,4
1999-11-23,0.3914774503901105,4
1999-11-24,23.230331514621177,4
1999-11-25,20.56301682551487,4
1999-11-26,0.0,4
1999-11-27,4.433174465272428,4
1999-11-28,3.770856970047699,4
1999-11-29,13.780675758154759,4
1999-11-30,0.7534419648513786,4
1999-12-01,1.1531933809440198,4
1999-12-02,7.239340822064389,4
1999-12-03,0.11075672328552258,4
1999-12-04,3.0355857147169765,4
1999-12-05,7.123720077191439,4
1999-12-06,32.36678158947543,4
1999-12-07,5.734273758485601,4
1999-12-08,0.2867321594958711,4
1999-12-09,0.0,4
1999-12-10,0.0,4
1999-12-11,0.0,4
1999-12-12,15.261912009167075,4
1999-12-13,9.716399818849808,4
1999-12-14,2.9655809272161737,4
1999-12-15,6.3496415861994695,4
1999-12-16,17.721776466758076,4
1999-12-17,8.761704409365839,4
1999-12-18,6.704034019170081,4
1999-12-19,6.197313205064793,4
1999-12-20,5.314948968681402,4
1999-12-21,3.377840454118741,4
1999-12-22,1.8821548969851558,4
1999-12-23,1.3785883474764224,4
1999-12-24,2.3795482586573726,4
1999-12-25,14.198649764605209,4
1999-12-26,0.053283985870357084,4
1999-12-27,0.0,4
1999-12-28,8.859547729773125,4
1999-12-29,11.52671832280254,4
1999-12-30,2.994307174437459,4
1999-12-31,3.1323167939957774,4
2000-01-01,3.1671531325015407,4
2000-01-02,14.348781677466189,4
2000-01-03,1.5895451923336057,4
2000-01-04,0.1344396354989397,4
2000-01-05,0.0,4
2000-01-06,0.0,4
2000-01-07,0.0,4
2000-01-08,0.0,4
2000-01-09,1.0780542969263833,4
2000-01-10,3.582733885830203,4
2000-01-11,0.01015611507204287,4
2000-01-12,0.0,4
2000-01-13,0.0,4
2000-01-14,0.0,4
2000-01-15,0.9858906603255578,4
2000-01-16,6.000823943170911,4
2000-01-17,3.1859486214934822,4
2000-01-18,0.0,4
2000-01-19,3.2642038169008627,4
2000-01-20,18.311760320949034,4
2000-01-21,7.833540011530859,4
2000-01-22,1.603087699968746,4
2000-01-23,1.79869880219456,4
2000-01-24,3.396054870450194,4
2000-01-25,12.851255766040211,4
2000-01-26,9.059273464667097,4
2000-01-27,1.3562818799601541,4
2000-01-28,25.11067188297566,4
2000-01-29,13.154217995376085,4
2000-01-30,4.487306933701566,4
2000-01-31,0.37062696361382874,4
2000-02-01,0.0,4
2000-02-02,4.590775852544428,4
2000-02-03,8.599470064782505,4
2000-02-04,1.2615553643261488,4
2000-02-05,0.5788985591064436,4
2000-02-06,15.632724223669134,4
2000-02-07,0.2849535475134451,4
2000-02-08,17.170270704176524,4
2000-02-09,1.7886441697965818,4
2000-02-10,0.0,4
2000-02-11,0.0,4
2000-02-12,0.0,4
2000-02-13,0.20529529916082415,4
2000-02-14,1.4511187748988694,4
2000-02-15,0.0,4
2000-02-16,0.0,4
2000-02-17,4.377018003237641,4
2000-02-18,14.154497974015717,4
2000-02-19,20.065001819868847,4
2000-02-20,7.840376845327097,4
2000-02-21,1.6403661012013895,4
2000-02-22,1.2131941079392365,4
2000-02-23,1.1744323511703316,4
2000-02-24,0.08543767212115139,4
2000-02-25,0.050780575360214346,4
2000-02-26,0.7926882997989428,4
2000-02-27,13.202314497169759,4
2000-02-28,6.887049578593688,4
2000-02-29,13.732892383839301,4
2000-03-01,0.02240660591648995,4
2000-03-02,0.02240660591648995,4
2000-03-03,1.0339412606073168,4
2000-03-04,2.016781074379616,4
2000-03-05,1.9778214222474588,4
2000-03-06,1.9011098078021154,4
2000-03-07,0.0,4
2000-03-08,0.11203302958244975,4
2000-03-09,1.4280072087835285,4
2000-03-10,0.3755405136863539,4
2000-03-11,0.29000957061744215,4
2000-03-12,9.584508061124842,4
2000-03-13,45.17691627410899,4
2000-03-14,0.36834604594590387,4
2000-03-15,2.1746278554399487,4
2000-03-16,3.191703316274147,4
2000-03-17,6.5989137799477176,4
2000-03-18,9.977062794169976,4
2000-03-19,0.0896264236659598,4
2000-03-20,1.5513236275661275,4
2000-03-21,0.2240660591648995,4
2000-03-22,1.504389079453644,4
2000-03-23,8.52179885994822,4
2000-03-24,14.460527653006118,4
2000-03-25,0.0,4
2000-03-26,3.516560822591995,4
2000-03-27,0.5953730675380557,4
2000-03-28,1.5329380458341708,4
2000-03-29,0.0,4
2000-03-30,1.4558624771436477,4
2000-03-31,0.9552389699926662,3
2000-04-01,0.13621824748136574,4
2000-04-02,0.9607581510567073,4
2000-04-03,26.57342671272474,4
2000-04-04,0.18685634981010812,4
2000-04-05,9.247053182745235,4
2000-04-06,11.513122351504435,4
2000-04-07,0.49065343309668535,4
2000-04-08,0.5636041574353144,4
2000-04-09,7.198050359032308,4
2000-04-10,9.531642138454554,4
2000-04-11,3.9147745039011053,4
2000-04-12,0.0,4
2000-04-13,0.0,4
2000-04-14,0.0,4
2000-04-15,2.9468976078707456,4
2000-04-16,0.02031223014408574,4
2000-04-17,0.0,4
2000-04-18,0.0,4
2000-04-19,0.0,4
2000-04-20,0.0,4
2000-04-21,0.0,4
2000-04-22,0.23080229008389935,4
2000-04-23,0.0,4
2000-04-24,0.0,4
2000-04-25,0.0,4
2000-04-26,0.0,4
2000-04-27,0.0,4
2000-04-28,0.0,4
2000-04-29,0.0,4
2000-04-30,7.729712133760834,4
2000-05-01,22.69344404898145,4
2000-05-02,1.9106152979786815,4
2000-05-03,0.13188702290508536,4
2000-05-04,0.3956610687152561,4
2000-05-05,0.0,4
2000-05-06,0.0,4
2000-05-07,0.0,4
2000-05-08,1.870998216733372,4
2000-05-09,0.0,4
2000-05-10,4.4487725898417985,4
2000-05-11,0.0,4
2000-05-12,1.589753290901398,4
2000-05-13,0.3333731853949886,4
2000-05-14,0.0,4
2000-05-15,0.0,4
2000-05-16,0.0,4
2000-05-17,0.0,4
2000-05-18,0.0,4
2000-05-19,0.0,4
2000-05-20,0.0,4
2000-05-21,0.06892941737382112,4
2000-05-22,0.0,4
2000-05-23,0.06594351145254268,4
2000-05-24,0.0,4
2000-05-25,0.0,4
2000-05-26,0.3554640275215004,4
2000-05-27,0.0,4
2000-05-28,0.0,4
2000-05-29,0.382375148772777,4
2000-05-30,0.7237588824251218,4
2000-05-31,0.0,4
2000-06-01,0.0,4
2000-06-02,14.969167548159172,4
2000-06-03,0.06594351145254268,4
2000-06-04,0.40624460288171477,4
2000-06-05,2.590807185988951,4
2000-06-06,1.536337397108562,4
2000-06-07,0.6643510020912481,4
2000-06-08,1.0875399768285863,4
2000-06-09,0.1348729288263638,4
2000-06-10,0.0,4
2000-06-11,0.0,4
2000-06-12,0.0,4
2000-06-13,0.0,4
2000-06-14,0.04062446028817148,4
2000-06-15,0.0,4
2000-06-16,7.951888836332646,4
2000-06-17,4.0562434087645025,4
2000-06-18,0.0,4
2000-06-19,1.481982473537154,4
2000-06-20,0.0,4
2000-06-21,0.0,4
2000-06-22,1.3197610181863824,4
2000-06-23,0.0,4
2000-06-24,0.0,4
2000-06-25,0.0,4
2000-06-26,0.0,4
2000-06-27,0.0,4
2000-06-28,0.0,4
2000-06-29,0.0,4
2000-06-30,0.0,4
2000-07-01,0.0,4
2000-07-02,0.0,4
2000-07-03,0.0,4
2000-07-04,0.0,4
2000-07-05,1.8478189142596844,4
2000-07-06,4.771272177677114,4
2000-07-07,6.109144904739631,4
2000-07-08,11.020924250094525,4
2000-07-09,0.0,4
2000-07-10,0.0,4
2000-07-11,0.0448132118329799,4
2000-07-12,0.0,4
2000-07-13,0.20678825212146337,4
2000-07-14,0.0,4
2000-07-15,0.0,4
2000-07-16,0.0,4
2000-07-17,0.25160146395444327,4
2000-07-18,0.0,4
2000-07-19,0.0,4
2000-07-20,0.0,4
2000-07-21,0.0,4
2000-07-22,0.0,4
2000-07-23,0.0,4
2000-07-24,0.0,4
2000-07-25,0.48470516688497106,4
2000-07-26,0.0448132118329799,4
2000-07-27,0.4929453301627789,4
2000-07-28,0.0,4
2000-07-29,0.0,4
2000-07-30,0.0,4
2000-07-31,0.0,4
2000-08-01,1.754337688578804,4
2000-08-02,4.8278998570552005,4
2000-08-03,5.0241223402169926,4
2000-08-04,0.3297175572627134,4
2000-08-05,0.02031223014408574,4
2000-08-06,0.0,4
2000-08-07,0.0,4
2000-08-08,0.0,4
2000-08-09,0.0,4
2000-08-10,0.0,4
2000-08-11,0.0,4
2000-08-12,0.0,4
2000-08-13,0.0,4
2000-08-14,0.0,4
2000-08-15,0.0,4
2000-08-16,0.0,4
2000-08-17,0.0,4
2000-08-18,0.0,4
2000-08-19,0.0,4
2000-08-20,0.0,4
2000-08-21,0.0,4
2000-08-22,0.0,4
2000-08-23,0.0,4
2000-08-24,0.0,4
2000-08-25,0.0,4
2000-08-26,0.0,4
2000-08-27,0.0,4
2000-08-28,0.0,4
2000-08-29,5.866200063050133,4
2000-08-30,15.902403994150976,4
2000-08-31,4.774480212016493,4
2000-09-01,2.002260243141347,4
2000-09-02,0.0,4
2000-09-03,0.31711168207956186,4
2000-09-04,9.880909706525358,4
2000-09-05,7.463610531481758,4
2000-09-06,5.500870665352647,4
2000-09-07,3.148333273868152,4
2000-09-08,0.5133590429809294,4
2000-09-09,0.050780575360214346,4
2000-09-10,1.20851841266797,4
2000-09-11,0.3399228744184679,4
2000-09-12,0.5376676365957971,4
2000-09-13,0.3548032019411485,4
2000-09-14,0.1648587786313567,4
2000-09-15,0.0,4
2000-09-16,0.20312230144085738,4
2000-09-17,0.0,4
2000-09-18,15.417682296634712,4
2000-09-19,6.518656397577819,4
2000-09-20,0.10156115072042869,4
2000-09-21,0.5531520888476565,4
2000-09-22,0.06093669043225721,4
2000-09-23,0.0,4
2000-09-24,0.0,4
2000-09-25,0.0,4
2000-09-26,0.0,4
2000-09-27,3.265897269608933,4
2000-09-28,4.267310704924793,4
2000-09-29,0.0,4
2000-09-30,0.1792528473319196,4
2000-10-01,0.0,4
2000-10-02,7.069388720217964,4
2000-10-03,0.0,4
2000-10-04,0.0,4
2000-10-05,0.0448132118329799,4
2000-10-06,10.054426143380391,4
2000-10-07,0.4656494327634494,4
2000-10-08,2.8685427481856065,4
2000-10-09,0.050780575360214346,4
2000-10-10,0.0,4
2000-10-11,0.0,4
2000-10-12,0.0,4
2000-10-13,0.0,4
2000-10-14,0.0,4
2000-10-15,0.0,4
2000-10-16,0.33751273485608546,4
2000-10-17,0.0448132118329799,4
2000-10-18,0.0,4
2000-10-19,0.0,4
2000-10-20,0.0448132118329799,4
2000-10-21,0.0,4
2000-10-22,0.6512544197706563,4
2000-10-23,0.0,4
2000-10-24,0.0,4
2000-10-25,0.0,4
2000-10-26,0.6804597098268722,4
2000-10-27,0.0,4
2000-10-28,0.0,4
2000-10-29,2.4647266508138945,4
2000-10-30,13.172816768675883,4
2000-10-31,2.7008158855961377,4
2000-11-01,1.4649179141705657,4
2000-11-02,5.632028918938654,4
2000-11-03,0.0,4
2000-11-04,0.551435338990569,4
2000-11-05,4.835170282525747,4
2000-11-06,9.73881944550776,4
2000-11-07,34.86491074153943,4
2000-11-08,28.156602904477303,4
2000-11-09,26.12240508676249,4
2000-11-10,24.249326386354173,4
2000-11-11,10.507467045506834,4
2000-11-12,3.2325186155017867,4
2000-11-13,0.34949666399426593,4
2000-11-14,0.5609964685247402,4
2000-11-15,34.193456743376096,4
2000-11-16,27.347785642474513,4
2000-11-17,6.3129450120103865,4
2000-11-18,6.450033410940816,4
2000-11-19,0.07109280550430008,4
2000-11-20,0.9858906603255578,4
2000-11-21,0.0,4
2000-11-22,0.0,4
2000-11-23,0.03297175572627134,4
2000-11-24,0.06594351145254268,4
2000-11-25,0.7913221374305122,4
2000-11-26,0.0,4
2000-11-27,59.96620461814028,4
2000-11-28,0.0,4
2000-11-29,0.0,4
2000-11-30,0.0,4
2000-12-01,9.629454865248041,4
2000-12-02,9.577826555468171,4
2000-12-03,18.55998577737728,4
2000-12-04,0.0,4
2000-12-05,38.6205244653196,4
2000-12-06,14.319022803117186,4
2000-12-07,9.853378451381468,4
2000-12-08,1.0755170839915176,4
2000-12-09,0.0,4
2000-12-10,0.0,4
2000-12-11,4.955143676815565,4
2000-12-12,15.281746230797129,4
2000-12-13,3.6268931298898472,4
2000-12-14,2.422253843580934,4
2000-12-15,8.230023055491538,4
2000-12-16,4.809797094674769,4
2000-12-17,4.022554198605103,4
2000-12-18,75.83764463022533,4
2000-12-19,33.233655374393415,4
2000-12-20,9.650118432334956,4
2000-12-21,12.724907686938295,4
2000-12-22,2.7071225865986954,4
2000-12-23,0.0,4
2000-12-24,20.513538049467968,4
2000-12-25,0.03297175572627134,4
2000-12-26,0.0,4
2000-12-27,0.0,4
2000-12-28,0.0,4
2000-12-29,1.5306425462739148,4
2000-12-30,0.0,4
2000-12-31,0.5259170858890503,4
2001-01-01,25.36354997859778,4
2001-01-02,13.830544714879206,4
2001-01-03,6.083751944314237,4
2001-01-04,0.0448132118329799,4
2001-01-05,0.03297175572627134,4
2001-01-06,0.0,4
2001-01-07,0.0,4
2001-01-08,0.0,4
2001-01-09,0.0,4
2001-01-10,0.0,4
2001-01-11,0.0,4
2001-01-12,0.0,4
2001-01-13,3.3609908874734926,4
2001-01-14,14.793438604930673,4
2001-01-15,4.459686824469239,4
2001-01-16,0.2412529608083739,4
2001-01-17,3.545786682344976,4
2001-01-18,3.2728765324927496,4
2001-01-19,0.6953869019399682,4
2001-01-20,0.0,4
2001-01-21,1.5621250843960262,4
2001-01-22,38.41747766095335,4
2001-01-23,0.6892941737382112,4
2001-01-24,0.09891526717881402,4
2001-01-25,0.0,4
2001-01-26,0.0,4
2001-01-27,0.0,4
2001-01-28,0.0,4
2001-01-29,2.4927151056158854,4
2001-01-30,0.0,4
2001-01-31,0.0,4
2001-02-01,0.0,4
2001-02-02,0.0,4
2001-02-03,0.0,4
2001-02-04,14.27677022947549,4
2001-02-05,3.1149353934562503,4
2001-02-06,22.764227210331892,4
2001-02-07,1.0783935782927017,4
2001-02-08,12.630614341414844,4
2001-02-09,1.9245125696363878,4
2001-02-10,0.0,4
2001-02-11,0.0,4
2001-02-12,14.757908225829308,4
2001-02-13,0.0,4
2001-02-14,0.0,4
2001-02-15,0.0,4
2001-02-16,0.0,4
2001-02-17,0.0,4
2001-02-18,0.0896264236659598,4
2001-02-19,0.0,4
2001-02-20,3.446470868691056,4
2001-02-21,7.9033502052960225,4
2001-02-22,0.0,4
2001-02-23,0.0,4
2001-02-24,3.844021007817626,4
2001-02-25,1.624431219210654,4
2001-02-26,2.459621425626186,4
2001-02-27,0.6467755889432412,4
2001-02-28,0.0,4
2001-03-01,0.15556993511850248,4
2001-03-02,4.834716519554458,4
2001-03-03,2.8486579371359366,4
2001-03-04,21.645466959436312,4
2001-03-05,1.2210014751760547,4
2001-03-06,5.569347996674354,4
2001-03-07,0.0,4
2001-03-08,0.0,4
2001-03-09,6.008981036373,4
2001-03-10,7.547771202433412,4
2001-03-11,2.285473803481975,4
2001-03-12,6.189666633185957,4
2001-03-13,1.8265335096215254,4
2001-03-14,1.9019626729217685,4
2001-03-15,0.650538545928087,4
2001-03-16,0.1648587786313567,4
2001-03-17,0.0,4
2001-03-18,2.8685427481856065,4
2001-03-19,4.354050279962453,4
2001-03-20,1.460913367027982,4
2001-03-21,0.0,4
2001-03-22,0.0,4
2001-03-23,0.0,4
2001-03-24,0.0,4
2001-03-25,0.0,4
2001-03-26,10.668469668203983,4
2001-03-27,0.0,4
2001-03-28,0.24374676172902884,4
2001-03-29,0.0,4
2001-03-30,0.0,4
2001-03-31,0.0,4
2001-04-01,0.0896264236659598,4
2001-04-02,0.0,4
2001-04-03,0.1648587786313567,4
2001-04-04,32.61999096291231,4
2001-04-05,3.8099594780445027,4
2001-04-06,8.73857630743108,4
2001-04-07,0.0,4
2001-04-08,0.0,4
2001-04-09,1.6471098028333484,4
2001-04-10,0.23080229008389935,4
2001-04-11,0.0,4
2001-04-12,9.501583409103322,4
2001-04-13,0.0448132118329799,4
2001-04-14,0.0,4
2001-04-15,31.988029686839944,4
2001-04-16,0.4480412129298373,4
2001-04-17,16.153374754064483,4
2001-04-18,0.7237588824251218,4
2001-04-19,0.0,4
2001-04-20,0.0,4
2001-04-21,0.0,4
2001-04-22,0.0,4
2001-04-23,0.0,4
2001-04-24,2.285473803481975,4
2001-04-25,0.0,4
2001-04-26,0.0,4
2001-04-27,0.13188702290508536,4
2001-04-28,0.0,4
2001-04-29,0.07927792051989047,4
2001-04-30,0.0,4
2001-05-01,0.946167274021298,4
2001-05-02,3.6942788943032343,4
2001-05-03,0.16404070915587965,4
2001-05-04,0.0,4
2001-05-05,0.0,4
2001-05-06,5.360858693024458,4
2001-05-07,0.0,4
2001-05-08,0.0,4
2001-05-09,0.0,4
2001-05-10,0.0,4
2001-05-11,0.0,4
2001-05-12,0.0,4
2001-05-13,1.4218561100860017,4
2001-05-14,16.752842722387477,4
2001-05-15,0.7423253072723868,4
2001-05-16,0.0,4
2001-05-17,0.7922929463767869,4
2001-05-18,0.02031223014408574,4
2001-05-19,0.0448132118329799,4
2001-05-20,0.12259817939223114,4
2001-05-21,3.1325494435789754,4
2001-05-22,0.2511145202279851,4
2001-05-23,0.0,4
2001-05-24,0.0,4
2001-05-25,12.610600214661762,4
2001-05-26,1.0040329712563183,4
2001-05-27,0.6239144815617806,4
2001-05-28,3.9767229304022584,4
2001-05-29,0.0448132118329799,4
2001-05-30,2.554353074479854,4
2001-05-31,0.0,4
2001-06-01,6.85296321231805,4
2001-06-02,0.2096719904643366,4
2001-06-03,0.07109280550430008,4
2001-06-04,1.0011000308297335,4
2001-06-05,0.16235536812121398,4
2001-06-06,0.1843529392999654,4
2001-06-07,0.0,4
2001-06-08,0.0,4
2001-06-09,0.0,4
2001-06-10,2.6449909514344356,4
2001-06-11,0.06594351145254268,4
2001-06-12,7.672873122784239,4
2001-06-13,0.02031223014408574,4
2001-06-14,0.0,4
2001-06-15,5.506283206287313,4
2001-06-16,0.0,4
2001-06-17,0.0,4
2001-06-18,0.0,4
2001-06-19,3.1531374403750854,4
2001-06-20,0.16153729864573693,4
2001-06-21,0.0,4
2001-06-22,0.11075672328552258,4
2001-06-23,0.0,4
2001-06-24,0.03297175572627134,4
2001-06-25,0.7583503817042407,4
2001-06-26,2.0875191988586095,4
2001-06-27,0.0,4
2001-06-28,0.0896264236659598,4
2001-06-29,0.04062446028817148,4
2001-06-30,0.0,4
2001-07-01,0.07778496755925124,4
2001-07-02,0.0,4
2001-07-03,0.0,4
2001-07-04,0.0,4
2001-07-05,0.0,4
2001-07-06,0.0,4
2001-07-07,17.917919270351817,4
2001-07-08,0.0448132118329799,4
2001-07-09,0.0,4
2001-07-10,0.0,4
2001-07-11,0.0,4
2001-07-12,0.0,4
2001-07-13,0.32721414675257066,4
2001-07-14,0.0,4
2001-07-15,0.03297175572627134,4
2001-07-16,0.03297175572627134,4
2001-07-17,0.08835011736903263,4
2001-07-18,0.0,4
2001-07-19,0.0,4
2001-07-20,0.0,4
2001-07-21,0.0,4
2001-07-22,0.0,4
2001-07-23,0.3154218927295737,4
2001-07-24,5.172302010888709,4
2001-07-25,0.21746716805770866,4
2001-07-26,0.0,4
2001-07-27,0.06594351145254268,4
2001-07-28,0.13188702290508536,4
2001-07-29,0.1338624712768603,4
2001-07-30,0.2967458015364421,4
2001-07-31,0.21327841651290025,4
2001-08-01,0.0,4
2001-08-02,0.49457633589407013,4
2001-08-03,0.08625574159662842,4
2001-08-04,6.566680964817481,4
2001-08-05,0.0,4
2001-08-06,0.0,4
2001-08-07,0.49457633589407013,4
2001-08-08,0.5498306088620368,4
2001-08-09,0.24861555803316482,4
2001-08-10,0.0448132118329799,4
2001-08-11,0.0,4
2001-08-12,0.06594351145254268,4
2001-08-13,1.2333268526115848,4
2001-08-14,0.5050270066185446,4
2001-08-15,2.117987544074738,4
2001-08-16,4.908409009623407,4
2001-08-17,0.2217300932347572,4
2001-08-18,4.153166147269095,4
2001-08-19,8.251717063807034,4
2001-08-20,0.3773191256687799,4
2001-08-21,0.2967458015364421,4
2001-08-22,0.19783053435762804,4
2001-08-23,0.0,4
2001-08-24,0.0,4
2001-08-25,0.0,4
2001-08-26,0.0,4
2001-08-27,0.0,4
2001-08-28,0.0,4
2001-08-29,0.28745695802358784,4
2001-08-30,5.174204711545929,4
2001-08-31,2.529666387071154,4
2001-09-01,0.2929954765387206,4
2001-09-02,0.0448132118329799,4
2001-09-03,2.8980134664561232,4
2001-09-04,0.06594351145254268,4
2001-09-05,0.0,4
2001-09-06,0.0,4
2001-09-07,2.8209509879857952,4
2001-09-08,0.06594351145254268,4
2001-09-09,0.0,4
2001-09-10,3.6877238294994297,4
2001-09-11,0.0,4
2001-09-12,4.6321825130052225,4
2001-09-13,0.02240660591648995,4
2001-09-14,0.0,4
2001-09-15,6.50857025630452,4
2001-09-16,12.535159060334841,4
2001-09-17,19.878731853911354,4
2001-09-18,0.7983655559890681,4
2001-09-19,5.106828639396506,4
2001-09-20,16.763562138992057,4
2001-09-21,4.9511281942187075,4
2001-09-22,1.5192198563578878,4
2001-09-23,0.0,4
2001-09-24,10.728420101047751,4
2001-09-25,0.20297982840938544,4
2001-09-26,0.0,4
2001-09-27,0.0,4
2001-09-28,6.204060349627511,4
2001-09-29,7.530559112538369,4
2001-09-30,5.246169921829082,4
2001-10-01,0.62145653777887,4
2001-10-02,0.2748466345251138,4
2001-10-03,1.9781525856964257,4
2001-10-04,0.0,4
2001-10-05,0.09891526717881402,4
2001-10-06,8.452335652343798,4
2001-10-07,0.0448132118329799,4
2001-10-08,3.0329152240509507,4
2001-10-09,7.690637132540788,4
2001-10-10,7.559614330742752,4
2001-10-11,1.3704934529564532,4
2001-10-12,0.9736322405350812,4
2001-10-13,0.5342969545264658,4
2001-10-14,3.003075654632307,4
2001-10-15,1.3785883474764224,4
2001-10-16,0.0,4
2001-10-17,0.06594351145254268,4
2001-10-18,0.8354761482175933,4
2001-10-19,1.3765273414305084,4
2001-10-20,22.598034875911907,4
2001-10-21,29.52026555966918,4
2001-10-22,2.9729489123864,4
2001-10-23,15.732933958554568,4
2001-10-24,0.20165945324840956,4
2001-10-25,2.975253192957793,4
2001-10-26,4.433262603000525,4
2001-10-27,0.06594351145254268,4
2001-10-28,0.0,4
2001-10-29,0.0,4
2001-10-30,0.0,4
2001-10-31,0.3298159614301366,4
2001-11-01,11.185389677632024,4
2001-11-02,13.467843546096727,4
2001-11-03,4.089446217594022,4
2001-11-04,13.558750936510231,4
2001-11-05,29.112613076702424,4
2001-11-06,12.978476708018434,4
2001-11-07,0.8846212975856965,4
2001-11-08,0.0,4
2001-11-09,0.1344396354989397,4
2001-11-10,0.0,4
2001-11-11,0.0,4
2001-11-12,0.0,4
2001-11-13,51.16094535526585,4
2001-11-14,51.82958248540264,4
2001-11-15,0.1648587786313567,4
2001-11-16,23.892414114207497,4
2001-11-17,91.33421975644728,4
2001-11-18,8.912186916282204,4
2001-11-19,3.6428593206501043,4
2001-11-20,26.839850930356867,4
2001-11-21,28.50690536754159,4
2001-11-22,16.063970387289807,4
2001-11-23,0.0,4
2001-11-24,0.31369248283085926,4
2001-11-25,1.4678904751458768,4
2001-11-26,11.311176014130202,4
2001-11-27,3.070067893665289,4
2001-11-28,0.0448132118329799,4
2001-11-29,0.0,4
2001-11-30,3.913037488056249,4
2001-12-01,2.2756907722009734,4
2001-12-02,19.144099270149376,4
2001-12-03,0.0,4
2001-12-04,0.0,4
2001-12-05,1.510145293960947,4
2001-12-06,0.9858906603255578,4
2001-12-07,0.08835011736903263,4
2001-12-08,0.0,4
2001-12-09,0.0,4
2001-12-10,0.0,4
2001-12-11,0.0,4
2001-12-12,0.0,4
2001-12-13,0.0,4
2001-12-14,0.0,4
2001-12-15,0.0,4
2001-12-16,9.877398024687633,4
2001-12-17,28.775514574069156,4
2001-12-18,5.866644674665006,4
2001-12-19,4.797607918804168,4
2001-12-20,8.847277608997642,4
2001-12-21,0.0,4
2001-12-22,2.538825190922893,4
2001-12-23,0.0,4
2001-12-24,0.0,4
2001-12-25,7.452954454138675,4
2001-12-26,14.070831938961433,4
2001-12-27,20.36778160233488,4
2001-12-28,10.068005371030075,4
2001-12-29,3.5240391895865955,4
2001-12-30,26.476758287654302,4
2001-12-31,8.306319439281294,4
2002-01-01,5.717511297482801,4
2002-01-02,15.710731033464715,4
2002-01-03,13.09605070922882,4
2002-01-04,1.9144141121012717,4
2002-01-05,0.11203302958244975,4
2002-01-06,0.9410774484925779,4
2002-01-07,0.5605198473466128,4
2002-01-08,0.5840346020211865,4
2002-01-09,1.03276303799759,4
2002-01-10,0.3984986273720543,4
2002-01-11,5.2449727846312095,4
2002-01-12,2.532283685571216,4
2002-01-13,4.124446494365442,4
2002-01-14,5.325112544820958,4
2002-01-15,3.2648044547553874,4
2002-01-16,20.897300109631818,4
2002-01-17,44.22218412801324,4
2002-01-18,12.34822661993232,4
2002-01-19,5.201035794577403,4
2002-01-20,3.2624528440859293,4
2002-01-21,0.0,4
2002-01-22,0.02240660591648995,4
2002-01-23,0.02240660591648995,4
2002-01-24,0.0,4
2002-01-25,1.93119579600733,4
2002-01-26,0.31369248283085926,4
2002-01-27,2.957671980976673,4
2002-01-28,0.0448132118329799,4
2002-01-29,0.0,4
2002-01-30,8.630882675569433,4
2002-01-31,0.7276338591385229,4
2002-02-01,0.0,4
2002-02-02,0.33099386355964056,4
2002-02-03,36.83634241297859,4
2002-02-04,4.883054449856016,4
2002-02-05,0.2637740458101707,4
2002-02-06,0.0,4
2002-02-07,1.0058453295544623,4
2002-02-08,0.2688792709978794,4
2002-02-09,0.09891526717881402,4
2002-02-10,0.0,4
2002-02-11,0.0,4
2002-02-12,0.0,4
2002-02-13,0.0,4
2002-02-14,0.0,4
2002-02-15,0.0,4
2002-02-16,5.466211884223969,4
2002-02-17,1.0179724446829577,4
2002-02-18,11.844733970920995,4
2002-02-19,9.057274687690303,4
2002-02-20,6.599208855863389,4
2002-02-21,0.08625574159662842,4
2002-02-22,0.24647266508138946,4
2002-02-23,0.1930205497266915,4
2002-02-24,18.6210154626444,4
2002-02-25,27.089604616328568,4
2002-02-26,0.4387889395135703,4
2002-02-27,1.6689000164576528,4
2002-02-28,8.406427656312376,4
2002-03-01,0.0896264236659598,4
2002-03-02,0.0,4
2002-03-03,1.0874842813619765,4
2002-03-04,7.11144207364907,4
2002-03-05,1.5624355821040248,4
2002-03-06,0.1344396354989397,4
2002-03-07,0.0,4
2002-03-08,0.0,4
2002-03-09,0.0,4
2002-03-10,0.0,4
2002-03-11,0.9613302101136263,4
2002-03-12,0.6721981774946985,4
2002-03-13,0.0,4
2002-03-14,0.0,4
2002-03-15,0.0,4
2002-03-16,6.645758096565719,4
2002-03-17,8.61617717172764,4
2002-03-18,0.0,4
2002-03-19,0.0,4
2002-03-20,0.0,4
2002-03-21,0.0,4
2002-03-22,27.254609785926455,4
2002-03-23,3.3511719236548507,4
2002-03-24,2.8845858144955177,4
2002-03-25,2.0390011384005855,4
2002-03-26,0.0,4
2002-03-27,0.6093669043225721,4
2002-03-28,0.0,4
2002-03-29,0.0,4
2002-03-30,0.0,4
2002-03-31,0.0,4
2002-04-01,0.0,4
2002-04-02,0.0,4
2002-04-03,0.0,4
2002-04-04,0.0,4
2002-04-05,0.0,4
2002-04-06,12.120795363853976,4
2002-04-07,2.7861424776188466,4
2002-04-08,7.083090751779105,4
2002-04-09,15.477968771421342,4
2002-04-10,0.0,4
2002-04-11,5.527078218024308,4
2002-04-12,0.8242938931567835,4
2002-04-13,3.3631190840796763,4
2002-04-14,0.0,4
2002-04-15,0.2992984141302964,4
2002-04-16,0.0,4
2002-04-17,0.21814276450171377,4
2002-04-18,0.0,4
2002-04-19,1.110474544883444,4
2002-04-20,3.096450977378302,4
2002-04-21,0.0,4
2002-04-22,0.0,4
2002-04-23,2.319830124342411,4
2002-04-24,0.7597691610326399,4
2002-04-25,0.0,4
2002-04-26,0.0,4
2002-04-27,0.0,4
2002-04-28,0.0,4
2002-04-29,5.7450074206128985,4
2002-04-30,6.523257454739827,4
2002-05-01,0.0,4
2002-05-02,0.0,4
2002-05-03,0.0,4
2002-05-04,0.0,4
2002-05-05,10.98895777847848,4
2002-05-06,4.052651414690312,4
2002-05-07,0.0,4
2002-05-08,0.2240660591648995,4
2002-05-09,0.0,4
2002-05-10,2.153096395273088,4
2002-05-11,4.796815301108014,4
2002-05-12,3.114872921826467,4
2002-05-13,3.527809340748072,4
2002-05-14,6.277050097498316,4
2002-05-15,4.3750079896172425,4
2002-05-16,0.07927792051989047,4
2002-05-17,0.0,4
2002-05-18,0.0,4
2002-05-19,0.22343453158494314,4
2002-05-20,0.0,4
2002-05-21,0.06594351145254268,4
2002-05-22,5.860210532464349,4
2002-05-23,7.943221738758963,4
2002-05-24,0.7744789935231811,4
2002-05-25,0.0,4
2002-05-26,0.4929453301627789,4
2002-05-27,0.0,4
2002-05-28,1.0579139316231179,4
2002-05-29,2.043021750815608,4
2002-05-30,0.0,4
2002-05-31,0.0,4
2002-06-01,0.0,4
2002-06-02,1.087130942090848,4
2002-06-03,2.1819689240469704,4
2002-06-04,2.4712014277114527,4
2002-06-05,7.267924693464653,4
2002-06-06,0.0,4
2002-06-07,0.0,4
2002-06-08,0.0,4
2002-06-09,0.0,4
2002-06-10,0.0896264236659598,4
2002-06-11,0.0,4
2002-06-12,0.0,4
2002-06-13,0.0,4
2002-06-14,0.0,4
2002-06-15,0.0,4
2002-06-16,0.030468345216128605,4
2002-06-17,0.9142640745588866,4
2002-06-18,0.8031635935372207,4
2002-06-19,0.050780575360214346,4
2002-06-20,0.0,4
2002-06-21,0.0,4
2002-06-22,0.0,4
2002-06-23,0.0,4
2002-06-24,0.0,4
2002-06-25,0.42863282444152745,4
2002-06-26,1.0339412606073168,4
2002-06-27,0.6892941737382112,4
2002-06-28,4.72907857378299,4
2002-06-29,6.9348818077599965,4
2002-06-30,3.984747835234092,4
2002-07-01,0.0,4
2002-07-02,0.7926882997989428,4
2002-07-03,10.847255369918697,4
2002-07-04,4.473027306386363,4
2002-07-05,4.179976763176367,4
2002-07-06,0.0,4
2002-07-07,0.0,4
2002-07-08,0.0,4
2002-07-09,4.879049554178707,4
2002-07-10,0.0,4
2002-07-11,0.0,4
2002-07-12,0.0,4
2002-07-13,0.0,4
2002-07-14,3.965144593071057,4
2002-07-15,0.0,4
2002-07-16,0.0,4
2002-07-17,0.0,4
2002-07-18,6.697170737011937,4
2002-07-19,0.09891526717881402,4
2002-07-20,0.1648587786313567,4
2002-07-21,0.0,4
2002-07-22,0.30189509558819944,4
2002-07-23,0.0,4
2002-07-24,0.2976130730956307,4
2002-07-25,0.0,4
2002-07-26,0.0,4
2002-07-27,0.0,4
2002-07-28,0.0,4
2002-07-29,4.203934046698289,4
2002-07-30,0.8211811966432966,4
2002-07-31,0.0,4
2002-08-01,0.0,4
2002-08-02,0.0,4
2002-08-03,0.01015611507204287,4
2002-08-04,0.0,4
2002-08-05,0.0,4
2002-08-06,1.4475177648502435,4
2002-08-07,0.0,4
2002-08-08,0.0,4
2002-08-09,0.02240660591648995,4
2002-08-10,0.0,4
2002-08-11,0.0,4
2002-08-12,0.0,4
2002-08-13,0.0,4
2002-08-14,0.0,4
2002-08-15,0.0,4
2002-08-16,1.0977240858467945,4
2002-08-17,1.8714622339788776,4
2002-08-18,6.4206473376025786,4
2002-08-19,13.264748337143454,4
2002-08-20,10.619611563555738,4
2002-08-21,5.999388316455281,4
2002-08-22,0.39430987582724586,4
2002-08-23,0.01015611507204287,4
2002-08-24,0.0,4
2002-08-25,0.5605198473466128,4
2002-08-26,2.721709043373285,4
2002-08-27,1.7523857858378717,4
2002-08-28,2.777280185568693,4
2002-08-29,8.329812533829196,4
2002-08-30,0.1792528473319196,4
2002-08-31,0.0,4
2002-09-01,0.1648587786313567,4
2002-09-02,44.57575048875213,4
2002-09-03,2.785322070650073,4
2002-09-04,0.0,4
2002-09-05,0.0,4
2002-09-06,0.0,4
2002-09-07,0.0,4
2002-09-08,9.174293358209994,4
2002-09-09,2.83821687600095,4
2002-09-10,4.995950330736835,4
2002-09-11,7.619121456310294,4
2002-09-12,0.5250446811101988,4
2002-09-13,0.0,4
2002-09-14,0.0,4
2002-09-15,0.0,4
2002-09-16,0.0,4
2002-09-17,0.0,4
2002-09-18,1.2183352183191918,4
2002-09-19,0.01015611507204287,4
2002-09-20,0.18517100877544243,4
2002-09-21,0.0,4
2002-09-22,3.8163600909552664,4
2002-09-23,10.960392364315124,4
2002-09-24,14.065766741337049,4
2002-09-25,15.77470658450125,4
2002-09-26,12.677090907431648,4
2002-09-27,0.0,4
2002-09-28,1.9783053435762805,4
2002-09-29,0.0,4
2002-09-30,1.2858984733245822,4
2002-10-01,0.0,4
2002-10-02,4.612974359893126,4
2002-10-03,0.0,4
2002-10-04,0.0,4
2002-10-05,0.0,4
2002-10-06,0.0,4
2002-10-07,0.2284413526052286,4
2002-10-08,0.0,4
2002-10-09,0.0,4
2002-10-10,0.0,4
2002-10-11,0.0,4
2002-10-12,0.0,4
2002-10-13,0.02240660591648995,4
2002-10-14,0.0,4
2002-10-15,0.0,4
2002-10-16,0.0,4
2002-10-17,0.0,4
2002-10-18,0.0,4
2002-10-19,0.0,4
2002-10-20,0.0,4
2002-10-21,0.0,4
2002-10-22,0.0,4
2002-10-23,19.403714622570572,4
2002-10-24,3.251593493402389,4
2002-10-25,0.8336319387533493,4
2002-10-26,0.0,4
2002-10-27,0.0,4
2002-10-28,0.0,4
2002-10-29,0.0,4
2002-10-30,0.0,4
2002-10-31,0.0896264236659598,4
2002-11-01,16.046538293130048,4
2002-11-02,13.499385724941973,4
2002-11-03,1.9870094801556988,4
2002-11-04,0.0,4
2002-11-05,3.3631190840796763,4
2002-11-06,44.67030288486211,4
2002-11-07,26.171919717986523,4
2002-11-08,4.61262065619788,4
2002-11-09,0.0,4
2002-11-10,0.0,4
2002-11-11,0.0,4
2002-11-12,0.0,4
2002-11-13,9.393270351268576,4
2002-11-14,0.7685064967762837,4
2002-11-15,0.0,4
2002-11-16,0.0,4
2002-11-17,1.560991118268254,4
2002-11-18,0.0448132118329799,4
2002-11-19,0.0,4
2002-11-20,24.89256859427966,4
2002-11-21,0.0,4
2002-11-22,0.0,4
2002-11-23,3.809123005803291,4
2002-11-24,0.3585056946638392,4
2002-11-25,4.309534351234157,4
2002-11-26,0.2637740458101707,4
2002-11-27,0.0,4
2002-11-28,0.0,4
2002-11-29,0.0,4
2002-11-30,0.0,4
2002-12-01,0.0,4
2002-12-02,0.0,4
2002-12-03,0.0,4
2002-12-04,0.0,4
2002-12-05,0.0,4
2002-12-06,5.7142967283362935,4
2002-12-07,9.875409083971599,4
2002-12-08,13.101875905668829,4
2002-12-09,17.839153306111115,4
2002-12-10,8.406458109615293,4
2002-12-11,60.80100728557488,4
2002-12-12,23.70071592608069,4
2002-12-13,7.806369626204344,4
2002-12-14,8.533492348781174,4
2002-12-15,0.0,4
2002-12-16,5.150748932862873,4
2002-12-17,0.31369248283085926,4
2002-12-18,1.9594180313648197,4
2002-12-19,10.90190274051739,4
2002-12-20,0.0,4
2002-12-21,0.0,4
2002-12-22,18.146242470222646,4
2002-12-23,2.0772206107550946,4
2002-12-24,0.23359064665698598,4
2002-12-25,5.42726319932487,4
2002-12-26,10.754193543978749,4
2002-12-27,11.24168925738301,4
2002-12-28,6.0555707956427725,4
2002-12-29,13.467890665412913,4
2002-12-30,2.888357787454799,4
2002-12-31,0.0,4
2003-01-01,0.382375148772777,4
2003-01-02,15.072666709523073,4
2003-01-03,37.05879918415008,4
2003-01-04,1.5007689599243879,4
2003-01-05,7.341718675853112,4
2003-01-06,2.1503192618250813,4
2003-01-07,47.70325942467959,4
2003-01-08,45.52026712799293,4
2003-01-09,3.307645633092849,4
2003-01-10,0.0,4
2003-01-11,11.800489783582188,4
2003-01-12,2.2704974092851673,4
2003-01-13,26.33939612137053,4
2003-01-14,32.89566589737758,4
2003-01-15,33.24212368119226,4
2003-01-16,44.34659292070822,4
2003-01-17,4.3574654879626555,4
2003-01-18,17.300093844547316,4
2003-01-19,4.484158778772902,4
2003-01-20,9.258566577955424,4
2003-01-21,0.0,4
2003-01-22,0.21327841651290025,4
2003-01-23,0.0,4
2003-01-24,0.0,4
2003-01-25,0.0,4
2003-01-26,1.9717813206511157,4
2003-01-27,1.1171726579247157,4
2003-01-28,0.0,4
2003-01-29,0.0,4
2003-01-30,21.558654277014895,4
2003-01-31,0.7217156976950001,4
2003-02-01,0.13188702290508536,4
2003-02-02,1.1119551863371817,4
2003-02-03,1.2408862862257248,4
2003-02-04,0.0,4
2003-02-05,0.0,4
2003-02-06,0.02240660591648995,4
2003-02-07,0.0,4
2003-02-08,0.0,4
2003-02-09,0.0,4
2003-02-10,0.14637436255340858,4
2003-02-11,0.15684624141542963,4
2003-02-12,0.0,4
2003-02-13,0.02240660591648995,4
2003-02-14,0.0,4
2003-02-15,0.0,4
2003-02-16,0.0,4
2003-02-17,0.0,4
2003-02-18,0.2240660591648995,4
2003-02-19,2.895035529700487,4
2003-02-20,1.9972435042164611,4
2003-02-21,3.452745507745636,4
2003-02-22,0.0,4
2003-02-23,0.0,4
2003-02-24,0.0,4
2003-02-25,0.0,4
2003-02-26,0.0,4
2003-02-27,0.0,4
2003-02-28,0.0,4
2003-03-01,0.0,4
2003-03-02,0.0,4
2003-03-03,0.0,4
2003-03-04,0.2240660591648995,4
2003-03-05,0.38091230058032916,4
2003-03-06,4.412119049724284,4
2003-03-07,2.642088087721539,4
2003-03-08,15.58301539059407,4
2003-03-09,0.0,4
2003-03-10,0.0,4
2003-03-11,1.177694362632914,4
2003-03-12,0.0,4
2003-03-13,0.0,4
2003-03-14,3.0350673219484836,4
2003-03-15,0.0,4
2003-03-16,1.3219897490729071,4
2003-03-17,0.0,4
2003-03-18,38.19713198549283,4
2003-03-19,8.957569374390095,4
2003-03-20,3.507407559123313,4
2003-03-21,0.0448132118329799,4
2003-03-22,0.0,4
2003-03-23,42.168706365511966,4
2003-03-24,0.0,4
2003-03-25,0.0,4
2003-03-26,0.0,4
2003-03-27,0.0,4
2003-03-28,1.0112158404487097,4
2003-03-29,0.33500932434594277,4
2003-03-30,0.0,4
2003-03-31,7.869733052733522,4
2003-04-01,0.10156115072042869,4
2003-04-02,0.0,4
2003-04-03,0.0,4
2003-04-04,0.0,4
2003-04-05,0.0,4
2003-04-06,0.0,4
2003-04-07,9.32047287081296,4
2003-04-08,9.28550320350636,4
2003-04-09,0.6223238093380585,4
2003-04-10,0.14040699902617415,4
2003-04-11,1.0247703110560262,4
2003-04-12,1.6895802629275674,4
2003-04-13,22.02844729456745,4
2003-04-14,0.13188702290508536,4
2003-04-15,0.42863282444152745,4
2003-04-16,0.0,4
2003-04-17,0.0,4
2003-04-18,0.0,4
2003-04-19,0.09891526717881402,4
2003-04-20,0.0,4
2003-04-21,0.8412405744512007,4
2003-04-22,0.02031223014408574,4
2003-04-23,11.019471640609684,4
2003-04-24,8.402294904825009,4
2003-04-25,6.2066659716599535,4
2003-04-26,0.0,4
2003-04-27,7.134194698190486,4
2003-04-28,0.0,4
2003-04-29,0.0,4
2003-04-30,0.0,4
2003-05-01,0.0,4
2003-05-02,0.0,4
2003-05-03,0.8188339685347108,4
2003-05-04,0.38478528833515935,4
2003-05-05,0.0448132118329799,4
2003-05-06,0.0,4
2003-05-07,0.16784468455263513,4
2003-05-08,0.0,4
2003-05-09,1.5496725191347531,4
2003-05-10,0.0,4
2003-05-11,3.4814771429123565,4
2003-05-12,4.820560214365865,4
2003-05-13,0.9593748924964371,4
2003-05-14,2.149389471290716,4
2003-05-15,5.607919049736973,4
2003-05-16,5.267218212679327,4
2003-05-17,5.478968796423905,4
2003-05-18,0.02240660591648995,4
2003-05-19,0.1648587786313567,4
2003-05-20,2.6406179577874545,4
2003-05-21,0.8021657679748415,4
2003-05-22,0.3791117955560162,4
2003-05-23,0.0,4
2003-05-24,0.0,4
2003-05-25,0.0,4
2003-05-26,0.0,4
2003-05-27,0.0,4
2003-05-28,0.0,4
2003-05-29,0.0,4
2003-05-30,0.0,4
2003-05-31,0.02240660591648995,4
2003-06-01,0.0,4
2003-06-02,0.0,4
2003-06-03,0.0,4
2003-06-04,0.02240660591648995,4
2003-06-05,0.0,4
2003-06-06,0.0,4
2003-06-07,0.0,4
2003-06-08,0.0,4
2003-06-09,0.0,4
2003-06-10,0.0,4
2003-06-11,0.0,4
2003-06-12,0.0,4
2003-06-13,0.0,4
2003-06-14,0.0,4
2003-06-15,0.0,4
2003-06-16,0.0,4
2003-06-17,0.02240660591648995,4
2003-06-18,0.0,4
2003-06-19,0.0,4
2003-06-20,0.0,4
2003-06-21,0.0,4
2003-06-22,0.0,4
2003-06-23,0.0,4
2003-06-24,0.0,4
2003-06-25,0.0,4
2003-06-26,0.0,4
2003-06-27,0.0,4
2003-06-28,0.0,4
2003-06-29,0.0,4
2003-06-30,0.0,4
2003-07-01,0.23080229008389935,4
2003-07-02,0.0,4
2003-07-03,0.0,4
2003-07-04,0.0,4
2003-07-05,0.0,4
2003-07-06,0.0,4
2003-07-07,0.0,4
2003-07-08,0.0,4
2003-07-09,0.0,4
2003-07-10,0.0,4
2003-07-11,0.0,4
2003-07-12,3.9810059645233378,4
2003-07-13,0.4549616201965592,4
2003-07-14,19.7635355356015,4
2003-07-15,2.207310835937844,4
2003-07-16,0.4077926321590739,4
2003-07-17,1.5096819239198342,4
2003-07-18,0.0,4
2003-07-19,0.47267716888274186,4
2003-07-20,0.0,4
2003-07-21,0.0,4
2003-07-22,0.0,4
2003-07-23,0.02240660591648995,4
2003-07-24,1.8836713859311922,4
2003-07-25,1.242635600207755,4
2003-07-26,0.6203647563643901,4
2003-07-27,0.11922749732289975,4
2003-07-28,1.3713853475294453,4
2003-07-29,2.812755351805107,4
2003-07-30,0.9432514138971599,4
2003-07-31,0.0,4
2003-08-01,0.0,4
2003-08-02,14.224146403572036,4
2003-08-03,5.768356841529498,4
2003-08-04,4.92845334222821,4
2003-08-05,0.0,4
2003-08-06,0.0,4
2003-08-07,0.0,4
2003-08-08,0.0,4
2003-08-09,0.0,4
2003-08-10,0.0,4
2003-08-11,0.0,4
2003-08-12,0.0,4
2003-08-13,0.0,4
2003-08-14,0.0,4
2003-08-15,0.0,4
2003-08-16,0.0,4
2003-08-17,0.02240660591648995,4
2003-08-18,0.0,4
2003-08-19,0.0,4
2003-08-20,0.0,4
2003-08-21,0.0,4
2003-08-22,0.0,4
2003-08-23,0.0,4
2003-08-24,0.0,4
2003-08-25,0.0,4
2003-08-26,1.5608045763727336,4
2003-08-27,0.3677945381766934,4
2003-08-28,1.154011450419497,4
2003-08-29,2.2913840640339704,4
2003-08-30,0.7909131026927736,4
2003-08-31,1.0221244275144117,4
2003-09-01,0.0,4
2003-09-02,0.5605198473466128,4
2003-09-03,0.6383048149058641,4
2003-09-04,0.0,4
2003-09-05,0.0,4
2003-09-06,0.1648587786313567,4
2003-09-07,0.7786626118483265,4
2003-09-08,0.12187338086451442,4
2003-09-09,0.0,4
2003-09-10,0.0,4
2003-09-11,0.0,4
2003-09-12,0.0,4
2003-09-13,0.0,4
2003-09-14,8.908046653862264,4
2003-09-15,1.7749365831292399,4
2003-09-16,2.2395759788763083,4
2003-09-17,0.0,4
2003-09-18,1.8369496930169362,4
2003-09-19,0.09978253873800266,4
2003-09-20,0.0,4
2003-09-21,0.0,4
2003-09-22,0.0,4
2003-09-23,0.0,4
2003-09-24,0.0,4
2003-09-25,0.0,4
2003-09-26,0.0,4
2003-09-27,0.0,4
2003-09-28,0.0,4
2003-09-29,0.02240660591648995,4
2003-09-30,2.251969976191293,4
2003-10-01,0.02240660591648995,4
2003-10-02,0.8902374046093262,4
2003-10-03,0.0,4
2003-10-04,0.0,4
2003-10-05,0.42863282444152745,4
2003-10-06,0.0,4
2003-10-07,0.0,4
2003-10-08,0.0,4
2003-10-09,0.0,4
2003-10-10,0.06721981774946985,4
2003-10-11,47.81883395227695,4
2003-10-12,1.9645143599218837,4
2003-10-13,0.34411162596327627,4
2003-10-14,0.22151344657104516,4
2003-10-15,0.06512544197706564,4
2003-10-16,0.13188702290508536,4
2003-10-17,0.0,4
2003-10-18,0.0,4
2003-10-19,0.0,4
2003-10-20,0.0,4
2003-10-21,0.0,4
2003-10-22,0.0,4
2003-10-23,15.011920159943383,4
2003-10-24,1.75352475232299,4
2003-10-25,0.1792528473319196,4
2003-10-26,0.3585056946638392,4
2003-10-27,0.7398218967622439,4
2003-10-28,0.0,4
2003-10-29,0.0,4
2003-10-30,0.22343453158494314,4
2003-10-31,12.589505497840499,4
2003-11-01,3.9619211151287956,4
2003-11-02,0.0448132118329799,4
2003-11-03,8.940336401405474,4
2003-11-04,2.372782027777996,4
2003-11-05,0.23080229008389935,4
2003-11-06,1.2050492983767127,4
2003-11-07,0.896264236659598,4
2003-11-08,0.0448132118329799,4
2003-11-09,0.3297175572627134,4
2003-11-10,1.4331011717927935,4
2003-11-11,14.893921463502167,4
2003-11-12,1.5236492023213166,4
2003-11-13,0.0,4
2003-11-14,1.0979236899080076,4
2003-11-15,20.74736039490519,4
2003-11-16,0.9051669342157184,4
2003-11-17,0.0,4
2003-11-18,0.0,4
2003-11-19,0.0,4
2003-11-20,0.0,4
2003-11-21,1.1179269981797386,4
2003-11-22,1.1394010555354448,4
2003-11-23,5.604302074468809,4
2003-11-24,8.035571459022238,4
2003-11-25,0.0,4
2003-11-26,0.0,4
2003-11-27,0.0,4
2003-11-28,0.0,4
2003-11-29,0.0,4
2003-11-30,0.0,4
2003-12-01,0.0,4
2003-12-02,0.0448132118329799,4
2003-12-03,0.1344396354989397,4
2003-12-04,25.371083644571677,4
2003-12-05,0.1792528473319196,4
2003-12-06,10.783565834917871,4
2003-12-07,41.44470299229768,4
2003-12-08,13.877263866792868,4
2003-12-09,0.0448132118329799,4
2003-12-10,6.273849656617186,4
2003-12-11,2.9128587691436936,4
2003-12-12,0.0,4
2003-12-13,22.049236022821596,4
2003-12-14,0.0,4
2003-12-15,0.0,4
2003-12-16,0.0,4
2003-12-17,0.0,4
2003-12-18,2.3329072327582554,4
2003-12-19,20.76975224024904,4
2003-12-20,30.491740069280965,4
2003-12-21,4.988663053870361,4
2003-12-22,0.01015611507204287,4
2003-12-23,0.628733362823362,4
2003-12-24,25.356324487064967,4
2003-12-25,8.752952372237274,4
2003-12-26,23.648721918177397,4
2003-12-27,15.568520552313903,4
2003-12-28,9.794903993484041,4
2003-12-29,13.021402681206132,4
2003-12-30,4.754602009969229,4
2003-12-31,8.960824258596746,4
2004-01-01,0.0,4
2004-01-02,3.3997516011578863,4
2004-01-03,56.659384088948975,4
2004-01-04,2.747748416695548,4
2004-01-05,1.9603580786930652,4
2004-01-06,3.717021840832249,4
2004-01-07,31.01076217665426,4
2004-01-08,0.3975220380017242,4
2004-01-09,9.9231469746398,4
2004-01-10,14.458564114899012,4
2004-01-11,15.458949072410023,4
2004-01-12,23.465995337205047,4
2004-01-13,4.626920430157061,4
2004-01-14,28.651392447034244,4
2004-01-15,9.281342494606527,4
2004-01-16,17.100860837340974,4
2004-01-17,5.678421798062351,4
2004-01-18,0.49959134058615756,4
2004-01-19,0.0,4
2004-01-20,0.0,4
2004-01-21,0.9435213904796832,4
2004-01-22,4.441174678816344,4
2004-01-23,0.0,4
2004-01-24,0.0,4
2004-01-25,0.0,4
2004-01-26,0.1648587786313567,4
2004-01-27,0.25125699325945705,4
2004-01-28,2.26022235716705,4
2004-01-29,1.0001760584193717,4
2004-01-30,1.4441142919846994,4
2004-01-31,0.0,4
2004-02-01,3.403139347640272,4
2004-02-02,2.7227119862659346,4
2004-02-03,0.0,4
2004-02-04,0.0,4
2004-02-05,0.0,4
2004-02-06,0.0,4
2004-02-07,12.820908848870078,4
2004-02-08,11.751846702093838,4
2004-02-09,19.68677927559708,4
2004-02-10,24.65547526825404,4
2004-02-11,23.592854043565914,4
2004-02-12,23.28750062546672,4
2004-02-13,7.981659936820426,4
2004-02-14,31.03013559255657,4
2004-02-15,0.0,4
2004-02-16,2.0960733355845917,4
2004-02-17,35.11672801752246,4
2004-02-18,45.244426897295654,4
2004-02-19,28.90367694343695,4
2004-02-20,4.673966475176828,4
2004-02-21,0.0896264236659598,4
2004-02-22,0.7479659933659247,4
2004-02-23,0.3644730581910736,4
2004-02-24,0.0,4
2004-02-25,0.02240660591648995,4
2004-02-26,12.812483683880528,4
2004-02-27,1.2505811797786288,4
2004-02-28,6.206782863638453,4
2004-02-29,0.19715493791362293,4
2004-03-01,5.383648412854601,4
2004-03-02,9.93438795333722,4
2004-03-03,0.6264633587991554,4
2004-03-04,0.6594351145254268,4
2004-03-05,11.74344176082436,4
2004-03-06,16.586568777920743,4
2004-03-07,4.656265996023966,4
2004-03-08,7.9208374024735875,4
2004-03-09,0.9851555953585154,4
2004-03-10,0.0,4
2004-03-11,0.0,4
2004-03-12,8.296745910675213,4
2004-03-13,0.0,4
2004-03-14,1.2377637815059825,4
2004-03-15,1.49393909363351,4
2004-03-16,1.5493003749738246,4
2004-03-17,43.342347071425664,4
2004-03-18,5.544411925395069,4
2004-03-19,7.220768343658239,4
2004-03-20,4.607526344653889,4
2004-03-21,57.6039267069095,4
2004-03-22,8.747827440229601,4
2004-03-23,2.412529608083739,4
2004-03-24,1.4109846451589103,4
2004-03-25,0.0,4
2004-03-26,0.9768816296559846,4
2004-03-27,0.0,4
2004-03-28,18.914251809714635,4
2004-03-29,3.0724882083777088,4
2004-03-30,15.14691810504516,4
2004-03-31,7.115926970200481,4
2004-04-01,0.0,4
2004-04-02,6.953878427814369,4
2004-04-03,4.825921369230149,4
2004-04-04,0.0,4
2004-04-05,0.0,4
2004-04-06,0.0,4
2004-04-07,0.0,4
2004-04-08,6.2881633121465486,4
2004-04-09,19.281764587339723,4
2004-04-10,0.02240660591648995,4
2004-04-11,48.55989542655796,4
2004-04-12,6.21827405646101,4
2004-04-13,4.030324398406,4
2004-04-14,0.7583144965119941,4
2004-04-15,1.9396071015216698,4
2004-04-16,2.4647266508138945,4
2004-04-17,0.7979080040719584,4
2004-04-18,0.0,4
2004-04-19,0.0,4
2004-04-20,0.0,4
2004-04-21,0.0,4
2004-04-22,0.04271883606057569,4
2004-04-23,1.3638259139153055,4
2004-04-24,0.0,4
2004-04-25,0.0,4
2004-04-26,20.527021283472557,4
2004-04-27,9.637532480848797,4
2004-04-28,9.811611587921366,4
2004-04-29,0.8642759122212803,4
2004-04-30,1.0060869197122004,4
2004-05-01,0.0,4
2004-05-02,0.0,4
2004-05-03,0.0,4
2004-05-04,0.0,4
2004-05-05,0.0,4
2004-05-06,0.0,4
2004-05-07,0.0,4
2004-05-08,0.0,4
2004-05-09,0.0,4
2004-05-10,0.0,4
2004-05-11,0.0,4
2004-05-12,0.0,4
2004-05-13,0.0,4
2004-05-14,0.0,4
2004-05-15,4.712043830160371,4
2004-05-16,4.663609302071384,4
2004-05-17,0.5169706303036584,4
2004-05-18,0.18267204658062214,4
2004-05-19,0.0,4
2004-05-20,0.0,4
2004-05-21,9.568803989999477,4
2004-05-22,3.4613881466238343,4
2004-05-23,5.8589646233613335,4
2004-05-24,0.19473014935104277,4
2004-05-25,0.0,4
2004-05-26,0.0,4
2004-05-27,0.0,4
2004-05-28,0.26365956672486385,4
2004-05-29,2.0951859052163146,4
2004-05-30,0.7634556068919496,4
2004-05-31,0.01015611507204287,4
2004-06-01,3.142448242110122,4
2004-06-02,0.0,4
2004-06-03,3.398940300435387,4
2004-06-04,2.4581329113354236,4
2004-06-05,23.29734935428244,4
2004-06-06,0.02240660591648995,4
2004-06-07,0.0,4
2004-06-08,0.0,4
2004-06-09,0.0,4
2004-06-10,0.0,4
2004-06-11,0.0,4
2004-06-12,0.0,4
2004-06-13,0.1344396354989397,4
2004-06-14,0.26365956672486385,4
2004-06-15,0.2790353860699223,4
2004-06-16,0.0,4
2004-06-17,0.30112622819643403,4
2004-06-18,0.0,4
2004-06-19,0.0,4
2004-06-20,0.0,4
2004-06-21,0.0,4
2004-06-22,0.0,4
2004-06-23,23.87881830083497,4
2004-06-24,0.0,4
2004-06-25,0.4692572847296989,4
2004-06-26,2.3967403215750123,4
2004-06-27,3.0888406170930973,4
2004-06-28,0.0,4
2004-06-29,0.0448132118329799,4
2004-06-30,2.583043052793884,4
2004-07-01,3.0507950450015393,4
2004-07-02,0.01015611507204287,4
2004-07-03,0.42863282444152745,4
2004-07-04,0.0,4
2004-07-05,0.0,4
2004-07-06,0.0,4
2004-07-07,7.350198116448366,4
2004-07-08,0.0,4
2004-07-09,0.02240660591648995,4
2004-07-10,0.0,4
2004-07-11,1.8297955026750505,4
2004-07-12,0.9214872492043447,4
2004-07-13,1.8155190196209385,4
2004-07-14,1.302026400239182,4
2004-07-15,0.1991068406545552,4
2004-07-16,0.0,4
2004-07-17,0.0,4
2004-07-18,4.433668282695295,4
2004-07-19,3.2178631367236776,4
2004-07-20,3.1342939326564556,4
2004-07-21,4.5909088378498675,4
2004-07-22,1.279211444489294,4
2004-07-23,0.4050975184792451,4
2004-07-24,0.0448132118329799,4
2004-07-25,0.15429362882157532,4
2004-07-26,0.0,4
2004-07-27,3.4822258356056413,4
2004-07-28,1.6019460474556064,4
2004-07-29,1.4173948458486063,4
2004-07-30,0.0,4
2004-07-31,0.0,4
2004-08-01,0.0,4
2004-08-02,0.0,4
2004-08-03,3.0528989742544264,4
2004-08-04,0.0,4
2004-08-05,7.3797626200087185,4
2004-08-06,11.39544276159544,4
2004-08-07,5.6053409464976,4
2004-08-08,0.49972562994582753,4
2004-08-09,0.0,4
2004-08-10,0.0,4
2004-08-11,0.0,4
2004-08-12,0.0,4
2004-08-13,0.28894991098422707,4
2004-08-14,5.552778907319588,4
2004-08-15,12.082668216014115,4
2004-08-16,0.2637740458101707,4
2004-08-17,4.07965330983265,4
2004-08-18,0.1792528473319196,4
2004-08-19,0.0,4
2004-08-20,0.0,4
2004-08-21,0.0,4
2004-08-22,0.0,4
2004-08-23,0.0,4
2004-08-24,0.0,4
2004-08-25,0.0,4
2004-08-26,0.0,4
2004-08-27,0.0,4
2004-08-28,0.0,4
2004-08-29,0.0,4
2004-08-30,0.0,4
2004-08-31,0.0,4
2004-09-01,0.0,4
2004-09-02,0.0,4
2004-09-03,0.0,4
2004-09-04,0.0,4
2004-09-05,0.13188702290508536,4
2004-09-06,0.09891526717881402,4
2004-09-07,0.0,4
2004-09-08,0.0,4
2004-09-09,0.0,4
2004-09-10,0.0,4
2004-09-11,0.0,4
2004-09-12,0.0,4
2004-09-13,0.7490615381913865,4
2004-09-14,0.5867553721538843,4
2004-09-15,0.0,4
2004-09-16,0.0,4
2004-09-17,2.264485995302941,4
2004-09-18,0.0,4
2004-09-19,0.0,4
2004-09-20,0.0,4
2004-09-21,0.4616045801677987,4
2004-09-22,3.8495741778526216,4
2004-09-23,0.0,4
2004-09-24,0.0,4
2004-09-25,0.0,4
2004-09-26,0.0,4
2004-09-27,0.0,4
2004-09-28,0.0,4
2004-09-29,0.0,4
2004-09-30,0.0,4
2004-10-01,2.363401262481755,4
2004-10-02,0.1792528473319196,4
2004-10-03,0.0,4
2004-10-04,1.1532477162473942,4
2004-10-05,3.701390413644255,4
2004-10-06,6.2250510365301714,4
2004-10-07,0.6565718713612572,4
2004-10-08,0.1648587786313567,4
2004-10-09,0.0,4
2004-10-10,0.0,4
2004-10-11,0.0,4
2004-10-12,8.180225857829937,4
2004-10-13,2.8628494267230433,4
2004-10-14,0.0,4
2004-10-15,0.0,4
2004-10-16,1.107374159876859,4
2004-10-17,0.0,4
2004-10-18,0.0,4
2004-10-19,0.0,4
2004-10-20,0.1648587786313567,4
2004-10-21,1.1210396946932255,4
2004-10-22,1.7779713987085095,4
2004-10-23,0.2511145202279851,4
2004-10-24,0.0,4
2004-10-25,0.0,4
2004-10-26,13.868172159828063,4
2004-10-27,24.434422671219025,4
2004-10-28,15.236006143648739,4
2004-10-29,0.0,4
2004-10-30,0.0,4
2004-10-31,0.0,4
2004-11-01,0.0,4
2004-11-02,1.9269681088181356,4
2004-11-03,0.0,4
2004-11-04,0.0,4
2004-11-05,0.0,4
2004-11-06,0.0,4
2004-11-07,0.0,4
2004-11-08,25.15633274978133,4
2004-11-09,0.2967458015364421,4
2004-11-10,6.649609125524211,4
2004-11-11,0.0,4
2004-11-12,0.0,4
2004-11-13,2.688792709978794,4
2004-11-14,0.23080229008389935,4
2004-11-15,0.2637740458101707,4
2004-11-16,0.0,4
2004-11-17,0.1648587786313567,4
2004-11-18,3.9908470225202985,4
2004-11-19,16.26713819567751,4
2004-11-20,11.98447461125834,4
2004-11-21,0.5783830022839302,4
2004-11-22,2.6786498644528227,4
2004-11-23,7.980821127408701,4
2004-11-24,0.7351133948053722,4
2004-11-25,0.0,4
2004-11-26,0.0,4
2004-11-27,0.0,4
2004-11-28,0.0,4
2004-11-29,0.8479409201779539,4
2004-11-30,42.55491214886364,4
2004-12-01,6.505669811728762,4
2004-12-02,17.27744993247009,4
2004-12-03,10.586486785578394,4
2004-12-04,7.126607921558856,4
2004-12-05,0.22343453158494314,4
2004-12-06,6.776784598255536,4
2004-12-07,0.11171726579247157,4
2004-12-08,0.5687424440344007,4
2004-12-09,5.6809532025186575,4
2004-12-10,13.844315442514063,4
2004-12-11,27.727717102993694,4
2004-12-12,4.287474233025726,4
2004-12-13,34.08909773012147,4
2004-12-14,3.291676693951618,4
2004-12-15,13.915305263703935,4
2004-12-16,20.204100891789174,4
2004-12-17,17.49749310762992,4
2004-12-18,0.0,4
2004-12-19,0.0,4
2004-12-20,0.0448132118329799,4
2004-12-21,8.523288310144812,4
2004-12-22,18.461635797847123,4
2004-12-23,3.8200366347993677,4
2004-12-24,11.58598566547417,4
2004-12-25,0.0896264236659598,4
2004-12-26,0.23080229008389935,4
2004-12-27,5.179850471025843,4
2004-12-28,4.896862766018968,4
2004-12-29,25.48863352227676,4
2004-12-30,4.515855416314184,4
2004-12-31,3.793100271384398,4
2005-01-01,6.1574381164530845,4
2005-01-02,19.547036529043822,4
2005-01-03,0.7926882997989428,4
2005-01-04,2.7398203195511868,4
2005-01-05,0.2688792709978794,4
2005-01-06,0.0,4
2005-01-07,0.0,4
2005-01-08,0.0,4
2005-01-09,0.0,4
2005-01-10,0.0,4
2005-01-11,0.0,4
2005-01-12,13.611263614041128,4
2005-01-13,36.80494143518696,4
2005-01-14,7.360694053794273,4
2005-01-15,0.8245788392197274,4
2005-01-16,0.0,4
2005-01-17,0.3704404217183081,4
2005-01-18,17.52986563893146,4
2005-01-19,0.0,4
2005-01-20,0.0,4
2005-01-21,0.0,4
2005-01-22,0.7109280550430008,4
2005-01-23,7.400747490984256,4
2005-01-24,9.971252725433558,4
2005-01-25,6.780085637818041,4
2005-01-26,0.7583503817042407,4
2005-01-27,23.74300096425283,4
2005-01-28,3.30219736312784,4
2005-01-29,7.093000327690154,4
2005-01-30,3.988873044010104,4
2005-01-31,12.791348301229142,4
2005-02-01,51.50876907594395,4
2005-02-02,1.624578825461789,4
2005-02-03,0.0,4
2005-02-04,0.0,4
2005-02-05,6.124221418927602,4
2005-02-06,23.11132944241509,4
2005-02-07,2.6667885980717507,4
2005-02-08,2.652329965328436,4
2005-02-09,1.978199639258163,4
2005-02-10,0.0448132118329799,4
2005-02-11,0.13785883474764224,4
2005-02-12,0.0,4
2005-02-13,7.055417001793188,4
2005-02-14,18.21106906932276,4
2005-02-15,20.255055288139367,4
2005-02-16,10.630344723221656,4
2005-02-17,1.9562020680794117,4
2005-02-18,9.263162634895703,4
2005-02-19,5.593860300374979,4
2005-02-20,16.544531450559916,4
2005-02-21,8.916872469947569,4
2005-02-22,1.5174131285658414,4
2005-02-23,0.02240660591648995,4
2005-02-24,0.4265568330258005,4
2005-02-25,0.49986810297729944,4
2005-02-26,0.23359064665698598,4
2005-02-27,0.0448132118329799,4
2005-02-28,15.267022558781017,4
2005-03-01,41.76487019083939,4
2005-03-02,33.23131258751274,4
2005-03-03,24.40206922502952,4
2005-03-04,14.619355126618874,4
2005-03-05,36.676247018907766,4
2005-03-06,6.177210148351796,4
2005-03-07,52.09435353915733,4
2005-03-08,9.374834860738012,4
2005-03-09,16.783023991427743,4
2005-03-10,0.0,4
2005-03-11,0.0,4
2005-03-12,6.315150927467721,4
2005-03-13,0.9924750633493704,4
2005-03-14,0.0,4
2005-03-15,0.0,4
2005-03-16,0.0,4
2005-03-17,0.0,4
2005-03-18,0.0,4
2005-03-19,0.0,4
2005-03-20,0.0,4
2005-03-21,0.0,4
2005-03-22,0.0,4
2005-03-23,0.0,4
2005-03-24,0.0,4
2005-03-25,0.0,4
2005-03-26,12.474172196409974,4
2005-03-27,10.424860174288366,4
2005-03-28,0.19701246488215102,4
2005-03-29,14.095300212664206,4
2005-03-30,14.80418624704322,4
2005-03-31,17.083241538379077,4
2005-04-01,2.507095508890258,4
2005-04-02,3.754407096795,4
2005-04-03,0.0,4
2005-04-04,0.0,4
2005-04-05,0.0,4
2005-04-06,3.4983042898213643,4
2005-04-07,0.0,4
2005-04-08,0.0,4
2005-04-09,0.0,4
2005-04-10,0.0,4
2005-04-11,0.0,4
2005-04-12,0.0,4
2005-04-13,0.0,4
2005-04-14,0.050780575360214346,4
2005-04-15,0.8420661426941394,4
2005-04-16,0.1648587786313567,4
2005-04-17,0.0,4
2005-04-18,0.0,4
2005-04-19,2.8364925993218986,4
2005-04-20,12.694985507686718,4
2005-04-21,0.0,4
2005-04-22,0.0896264236659598,4
2005-04-23,0.29939168507805675,4
2005-04-24,0.02031223014408574,4
2005-04-25,9.458246870775167,4
2005-04-26,0.0,4
2005-04-27,0.855810271403566,4
2005-04-28,1.2395639221061778,4
2005-04-29,0.6463900998363453,4
2005-04-30,0.0,4
2005-05-01,0.2756155019168792,4
2005-05-02,0.0,4
2005-05-03,0.1344396354989397,4
2005-05-04,0.1344396354989397,4
2005-05-05,1.1982556817021994,4
2005-05-06,2.3114628876921204,4
2005-05-07,1.5173889637851086,4
2005-05-08,7.0842472752087975,4
2005-05-09,0.6467755889432412,4
2005-05-10,0.06093669043225721,4
2005-05-11,0.0,4
2005-05-12,0.3956610687152561,4
2005-05-13,0.880948561096472,4
2005-05-14,0.6736558924674835,4
2005-05-15,0.21359418030287844,4
2005-05-16,0.04062446028817148,4
2005-05-17,2.1835425536681936,4
2005-05-18,0.0,4
2005-05-19,3.377541451317235,4
2005-05-20,0.0,4
2005-05-21,0.0448132118329799,4
2005-05-22,0.0,4
2005-05-23,20.370124028987306,4
2005-05-24,12.475106932546096,4
2005-05-25,0.01015611507204287,4
2005-05-26,19.278565678537507,4
2005-05-27,0.0,4
2005-05-28,2.462601475723513,4
2005-05-29,1.30635317650014,4
2005-05-30,43.58776549556743,4
2005-05-31,16.598817618695897,4
2005-06-01,27.999169013139394,4
2005-06-02,3.8394853287407447,4
2005-06-03,7.786857021668556,4
2005-06-04,4.173795765737612,4
2005-06-05,14.561055164970316,4
2005-06-06,1.744466519569705,4
2005-06-07,2.392722357488064,4
2005-06-08,0.0,4
2005-06-09,0.04271883606057569,4
2005-06-10,0.0,4
2005-06-11,10.82876553784081,4
2005-06-12,20.85764545882652,4
2005-06-13,0.0,4
2005-06-14,2.2215005975360986,4
2005-06-15,0.07109280550430008,4
2005-06-16,0.03256272098853282,4
2005-06-17,0.0,4
2005-06-18,0.02031223014408574,4
2005-06-19,1.8646952791417961,4
2005-06-20,4.020086573234308,4
2005-06-21,12.780821463023326,4
2005-06-22,1.4650897790113864,4
2005-06-23,1.348520504791505,4
2005-06-24,1.2802580796567646,4
2005-06-25,0.3446470868691056,4
2005-06-26,0.0,4
2005-06-27,0.0,4
2005-06-28,3.5126874230676535,4
2005-06-29,0.0,4
2005-06-30,0.0,4
2005-07-01,0.0,4
2005-07-02,0.0,4
2005-07-03,0.0,4
2005-07-04,0.0,4
2005-07-05,0.0,4
2005-07-06,0.0,4
2005-07-07,1.4942811049717446,4
2005-07-08,0.27990197272477046,4
2005-07-09,0.5914515626038543,4
2005-07-10,20.345090388362895,4
2005-07-11,8.489076299121212,4
2005-07-12,2.3294032009593666,4
2005-07-13,0.0,4
2005-07-14,1.6326067807457614,4
2005-07-15,0.0,4
2005-07-16,0.0,4
2005-07-17,0.0,4
2005-07-18,0.0,4
2005-07-19,0.0,4
2005-07-20,2.6173819921625414,4
2005-07-21,2.777280185568693,4
2005-07-22,0.8242938931567835,4
2005-07-23,0.0,4
2005-07-24,0.0,4
2005-07-25,0.0,4
2005-07-26,0.0,4
2005-07-27,0.5182592481074872,4
2005-07-28,0.0,4
2005-07-29,0.0,4
2005-07-30,0.0,4
2005-07-31,0.0,4
2005-08-01,0.0,4
2005-08-02,0.0,4
2005-08-03,0.0,4
2005-08-04,0.0,4
2005-08-05,0.0,4
2005-08-06,0.0,4
2005-08-07,0.0,4
2005-08-08,0.0,4
2005-08-09,0.0,4
2005-08-10,0.0,4
2005-08-11,0.0,4
2005-08-12,0.0,4
2005-08-13,0.0,4
2005-08-14,2.533891664768655,4
2005-08-15,7.923984278001026,4
2005-08-16,1.210088241178263,4
2005-08-17,4.277389944447181,4
2005-08-18,3.464848640820774,4
2005-08-19,0.0,4
2005-08-20,1.7701218674027062,4
2005-08-21,0.0,4
2005-08-22,0.0,4
2005-08-23,0.0,4
2005-08-24,0.43085431128636287,4
2005-08-25,0.0,4
2005-08-26,0.3956610687152561,4
2005-08-27,0.0,4
2005-08-28,0.0,4
2005-08-29,0.0,4
2005-08-30,0.0,4
2005-08-31,0.0,4
2005-09-01,0.0,4
2005-09-02,0.0,4
2005-09-03,0.0,4
2005-09-04,0.0,4
2005-09-05,0.0,4
2005-09-06,0.0,4
2005-09-07,0.0,4
2005-09-08,2.3682839948272463,4
2005-09-09,3.681239112886716,4
2005-09-10,1.9534137115063248,4
2005-09-11,0.13188702290508536,4
2005-09-12,0.0,4
2005-09-13,0.10339412606073169,4
2005-09-14,7.627986151608194,4
2005-09-15,4.297253867839528,4
2005-09-16,0.0,4
2005-09-17,0.3956610687152561,4
2005-09-18,0.5275480916203414,4
2005-09-19,0.7938747500243665,4
2005-09-20,0.0,4
2005-09-21,9.655306775453727,4
2005-09-22,0.23344817362551407,4
2005-09-23,3.5216817109280765,4
2005-09-24,0.40624460288171477,4
2005-09-25,0.01015611507204287,4
2005-09-26,6.449300548085088,4
2005-09-27,29.870011185647492,4
2005-09-28,9.705871276836561,4
2005-09-29,5.317627649263176,4
2005-09-30,4.7235951315845774,4
2005-10-01,0.0,4
2005-10-02,0.0,4
2005-10-03,0.06512544197706564,4
2005-10-04,0.030468345216128605,4
2005-10-05,0.0,4
2005-10-06,0.0,4
2005-10-07,0.448132118329799,4
2005-10-08,0.0,4
2005-10-09,0.0,4
2005-10-10,0.0,4
2005-10-11,0.0,4
2005-10-12,0.0,4
2005-10-13,0.0,4
2005-10-14,0.0,4
2005-10-15,0.0,4
2005-10-16,0.0,4
2005-10-17,0.0,4
2005-10-18,0.0,4
2005-10-19,5.440976318816276,4
2005-10-20,0.17670023473806526,4
2005-10-21,0.0,4
2005-10-22,0.0,4
2005-10-23,0.0,4
2005-10-24,12.945907703075463,4
2005-10-25,0.19296618636881452,4
2005-10-26,0.0,4
2005-10-27,0.0,4
2005-10-28,1.0755170839915176,4
2005-10-29,16.981435562832363,4
2005-10-30,13.17138796174454,4
2005-10-31,19.705990901929688,4
2005-11-01,13.81050662597086,4
2005-11-02,11.038731775642466,4
2005-11-03,13.030684449886147,4
2005-11-04,8.36376144937688,4
2005-11-05,6.818087376480431,4
2005-11-06,3.5257487892109465,4
2005-11-07,0.02031223014408574,4
2005-11-08,21.84269763450391,4
2005-11-09,4.732348121712981,4
2005-11-10,2.3250293334367234,4
2005-11-11,16.630797170925064,4
2005-11-12,10.046621387976316,4
2005-11-13,7.033201818785774,4
2005-11-14,0.07109280550430008,4
2005-11-15,0.6309862584906194,4
2005-11-16,10.290282238418783,4
2005-11-17,0.0,4
2005-11-18,1.3941565548955073,4
2005-11-19,2.351747325600628,4
2005-11-20,0.5419913624046159,4
2005-11-21,46.363996504780886,4
2005-11-22,0.8632948464811253,4
2005-11-23,0.3446470868691056,4
2005-11-24,0.2602403674761613,4
2005-11-25,1.9059074809261503,4
2005-11-26,5.192727636491194,4
2005-11-27,23.942906768452527,4
2005-11-28,4.0876495015155285,4
2005-11-29,14.070927365841364,4
2005-11-30,0.6514225773094997,4
2005-12-01,0.0,4
2005-12-02,0.1792528473319196,4
2005-12-03,52.5564824480592,4
2005-12-04,2.843489501824764,4
2005-12-05,0.0,4
2005-12-06,0.0,4
2005-12-07,9.8918564882221,4
2005-12-08,4.3415493278644615,4
2005-12-09,0.1649079807150683,4
2005-12-10,0.0,4
2005-12-11,0.06721981774946985,4
2005-12-12,25.539546398471288,4
2005-12-13,25.339287458520943,4
2005-12-14,5.574531511164292,4
2005-12-15,39.339288504839786,4
2005-12-16,17.227370798978075,4
2005-12-17,3.5843297034386983,4
2005-12-18,1.3487241269894725,4
2005-12-19,0.0,4
2005-12-20,0.8902374046093262,4
2005-12-21,0.0,4
2005-12-22,0.0,4
2005-12-23,0.0,4
2005-12-24,0.6946047834111885,4
2005-12-25,0.0,4
2005-12-26,20.371977487341198,4
2005-12-27,4.8014552342167365,4
2005-12-28,7.0764513151778505,4
2005-12-29,4.656772341656774,4
2005-12-30,12.703956586285916,4
2005-12-31,1.1171726579247157,4
2006-01-01,0.0,4
2006-01-02,0.0,4
2006-01-03,0.0,4
2006-01-04,0.02031223014408574,4
2006-01-05,0.0,4
2006-01-06,0.0,4
2006-01-07,21.709297428302282,4
2006-01-08,20.61107615526651,4
2006-01-09,0.3656201425935433,4
2006-01-10,0.7109280550430008,4
2006-01-11,2.372206184665788,4
2006-01-12,10.451673149822273,4
2006-01-13,4.067256943245584,4
2006-01-14,2.3642971970020565,4
2006-01-15,1.571608897203114,4
2006-01-16,0.19783053435762804,4
2006-01-17,0.0,4
2006-01-18,0.16249784115268592,4
2006-01-19,2.148960946758837,4
2006-01-20,0.0,4
2006-01-21,0.0,4
2006-01-22,0.0,4
2006-01-23,0.10339412606073169,4
2006-01-24,0.0,4
2006-01-25,0.0,4
2006-01-26,0.12187338086451442,4
2006-01-27,9.746873573673128,4
2006-01-28,0.0,4
2006-01-29,1.0082972662420477,4
2006-01-30,0.0,4
2006-01-31,0.0,4
2006-02-01,0.0,4
2006-02-02,0.0,4
2006-02-03,0.0,4
2006-02-04,0.0,4
2006-02-05,0.0,4
2006-02-06,0.0,4
2006-02-07,0.0,4
2006-02-08,0.0,4
2006-02-09,0.0,4
2006-02-10,0.0,4
2006-02-11,0.0,4
2006-02-12,16.289857614513156,4
2006-02-13,0.0,4
2006-02-14,0.0,4
2006-02-15,0.06721981774946985,4
2006-02-16,0.0,4
2006-02-17,0.0,4
2006-02-18,0.0,4
2006-02-19,0.0,4
2006-02-20,1.7253086555697261,4
2006-02-21,0.0,4
2006-02-22,0.0,4
2006-02-23,0.8239391937224194,4
2006-02-24,0.0,4
2006-02-25,0.0,4
2006-02-26,0.6548294650513007,4
2006-02-27,35.94256203855512,4
2006-02-28,19.86580961404859,4
2006-03-01,14.159585957848543,4
2006-03-02,15.528880789196384,4
2006-03-03,28.056910649469707,4
2006-03-04,1.2661561353063842,4
2006-03-05,0.0,4
2006-03-06,3.5245198422712045,4
2006-03-07,34.591400716333794,4
2006-03-08,25.127244124001713,4
2006-03-09,9.989756571510728,4
2006-03-10,34.22295849533046,4
2006-03-11,16.692686852673717,4
2006-03-12,10.273549787170602,4
2006-03-13,0.0448132118329799,4
2006-03-14,2.910306156549839,4
2006-03-15,8.365034750047396,4
2006-03-16,8.13543070274763,4
2006-03-17,0.0448132118329799,4
2006-03-18,9.64480161461739,4
2006-03-19,13.85659049742086,4
2006-03-20,9.643952256829529,4
2006-03-21,3.249956823053718,4
2006-03-22,16.468777095080178,4
2006-03-23,0.3101823781821951,4
2006-03-24,0.220237140274118,4
2006-03-25,0.0,4
2006-03-26,0.0,4
2006-03-27,21.361925448033126,4
2006-03-28,0.35641131889143496,4
2006-03-29,0.10339412606073169,4
2006-03-30,1.6859151019591165,4
2006-03-31,24.227755861963946,4
2006-04-01,1.9846342019919427,4
2006-04-02,0.8857923577975769,4
2006-04-03,22.064166833641025,4
2006-04-04,0.425725512413309,4
2006-04-05,0.2757176694952845,4
2006-04-06,1.6686079969152847,4
2006-04-07,0.0,4
2006-04-08,0.07737593282151271,4
2006-04-09,9.302794092006382,4
2006-04-10,0.0,4
2006-04-11,0.1323452597265355,4
2006-04-12,1.9805584098058024,4
2006-04-13,4.702301543274616,4
2006-04-14,9.288974567403125,4
2006-04-15,0.12396775663691864,4
2006-04-16,3.714723773383145,4
2006-04-17,0.0,4
2006-04-18,14.003889729559884,4
2006-04-19,8.683303345664404,4
2006-04-20,4.867615756757109,4
2006-04-21,0.0,4
2006-04-22,0.0,4
2006-04-23,0.0,4
2006-04-24,0.0448132118329799,4
2006-04-25,0.2742151069451575,4
2006-04-26,0.0,4
2006-04-27,0.01015611507204287,4
2006-04-28,1.0684059692942274,4
2006-04-29,3.013874487464352,4
2006-04-30,0.0,4
2006-05-01,0.0,4
2006-05-02,0.0,4
2006-05-03,0.0448132118329799,4
2006-05-04,7.699625331662042,4
2006-05-05,0.07927792051989047,4
2006-05-06,0.0,4
2006-05-07,0.0,4
2006-05-08,0.0,4
2006-05-09,0.0,4
2006-05-10,0.0,4
2006-05-11,0.0,4
2006-05-12,0.1344396354989397,4
2006-05-13,0.0,4
2006-05-14,0.0,4
2006-05-15,0.04062446028817148,4
2006-05-16,0.0,4
2006-05-17,0.0,4
2006-05-18,0.0,4
2006-05-19,0.0,4
2006-05-20,0.0,4
2006-05-21,0.0,4
2006-05-22,0.0,4
2006-05-23,0.0,4
2006-05-24,0.0448132118329799,4
2006-05-25,0.0448132118329799,4
2006-05-26,0.0,4
2006-05-27,0.0,4
2006-05-28,0.0,4
2006-05-29,0.0,4
2006-05-30,0.0,4
2006-05-31,0.0,4
2006-06-01,0.0,4
2006-06-02,0.0,4
2006-06-03,0.0,4
2006-06-04,0.40624460288171477,4
2006-06-05,0.0,4
2006-06-06,1.088067938966954,4
2006-06-07,0.0448132118329799,4
2006-06-08,1.2323633254069473,4
2006-06-09,2.880095677545764,4
2006-06-10,1.5423047606357967,4
2006-06-11,2.029992107731012,4
2006-06-12,0.0,4
2006-06-13,1.1531933809440198,4
2006-06-14,0.21327841651290025,4
2006-06-15,0.0,4
2006-06-16,0.0,4
2006-06-17,0.0,4
2006-06-18,5.671141984918671,4
2006-06-19,11.419210368606196,4
2006-06-20,1.412250685016512,4
2006-06-21,1.2647182586624648,4
2006-06-22,0.23999714969015035,4
2006-06-23,0.0,4
2006-06-24,0.6950527537933129,4
2006-06-25,0.1480149498196851,4
2006-06-26,0.0,4
2006-06-27,0.0896264236659598,4
2006-06-28,0.10156115072042869,4
2006-06-29,0.49207292538392733,4
2006-06-30,0.0,4
2006-07-01,0.0,4
2006-07-02,8.388692701995561,4
2006-07-03,13.420654973574315,4
2006-07-04,0.0,4
2006-07-05,0.0,4
2006-07-06,0.0,4
2006-07-07,0.0,4
2006-07-08,0.0,4
2006-07-09,0.0,4
2006-07-10,0.0,4
2006-07-11,0.0,4
2006-07-12,0.02240660591648995,4
2006-07-13,0.0,4
2006-07-14,0.0,4
2006-07-15,0.4616045801677987,4
2006-07-16,0.22343453158494314,4
2006-07-17,2.6937892109704134,4
2006-07-18,0.0,4
2006-07-19,0.0,4
2006-07-20,0.0,4
2006-07-21,0.0,4
2006-07-22,0.0,4
2006-07-23,0.0,4
2006-07-24,0.0,4
2006-07-25,0.0,4
2006-07-26,0.0,4
2006-07-27,0.0,4
2006-07-28,0.0,4
2006-07-29,0.0,4
2006-07-30,0.02031223014408574,4
2006-07-31,0.5039143814906359,4
2006-08-01,0.16471559264104185,4
2006-08-02,0.0,4
2006-08-03,0.0896264236659598,4
2006-08-04,3.3689641053300248,4
2006-08-05,0.02031223014408574,4
2006-08-06,2.339603827239136,4
2006-08-07,0.0,4
2006-08-08,0.0,4
2006-08-09,0.0,4
2006-08-10,0.0,4
2006-08-11,0.0,4
2006-08-12,0.0,4
2006-08-13,0.0,4
2006-08-14,0.0,4
2006-08-15,0.0,4
2006-08-16,0.0,4
2006-08-17,0.0,4
2006-08-18,0.0,4
2006-08-19,0.0,4
2006-08-20,0.0,4
2006-08-21,0.2171367552675327,4
2006-08-22,0.06512544197706564,4
2006-08-23,0.43814649828989566,4
2006-08-24,0.01015611507204287,4
2006-08-25,24.139493244874494,4
2006-08-26,0.0,4
2006-08-27,0.0,4
2006-08-28,0.01015611507204287,4
2006-08-29,6.253388685848166,4
2006-08-30,6.600874430567586,4
2006-08-31,0.02031223014408574,4
2006-09-01,0.0,4
2006-09-02,0.0,4
2006-09-03,0.0,4
2006-09-04,0.0,4
2006-09-05,22.78942609430682,4
2006-09-06,0.07927792051989047,4
2006-09-07,0.4058171837872989,4
2006-09-08,0.4785095581459659,4
2006-09-09,3.1127999992719366,4
2006-09-10,0.06512544197706564,4
2006-09-11,0.1344396354989397,4
2006-09-12,0.0,4
2006-09-13,0.0,4
2006-09-14,0.0,4
2006-09-15,0.0,4
2006-09-16,0.0,4
2006-09-17,0.0,4
2006-09-18,0.0,4
2006-09-19,18.23857581842577,4
2006-09-20,0.4444296256071083,4
2006-09-21,6.308291330478214,4
2006-09-22,0.2545344043810281,4
2006-09-23,0.06721981774946985,4
2006-09-24,0.8960824258596746,4
2006-09-25,26.836198603678216,4
2006-09-26,2.0556812763977934,4
2006-09-27,3.2669556033773617,4
2006-09-28,0.9699847960746079,4
2006-09-29,0.01015611507204287,4
2006-09-30,0.030468345216128605,4
2006-10-01,0.30468345216128606,4
2006-10-02,5.599595692979409,4
2006-10-03,0.49684633991827676,4
2006-10-04,0.0,4
2006-10-05,2.1731754626581488,4
2006-10-06,0.03446470868691056,4
2006-10-07,0.0,4
2006-10-08,14.681965900623899,4
2006-10-09,5.831336989542292,4
2006-10-10,6.804651522438967,4
2006-10-11,0.02031223014408574,4
2006-10-12,0.0,4
2006-10-13,2.7423011521151017,4
2006-10-14,10.421047940701746,4
2006-10-15,37.06015956013492,4
2006-10-16,18.669873399101245,4
2006-10-17,1.0440973756793597,4
2006-10-18,1.764720352329767,4
2006-10-19,2.0937291859826477,4
2006-10-20,15.897755234733802,4
2006-10-21,0.18699882284158006,4
2006-10-22,0.14250137479857836,4
2006-10-23,12.982504646118986,4
2006-10-24,4.417960945122597,4
2006-10-25,2.438322942932942,4
2006-10-26,0.3548032019411485,4
2006-10-27,0.0,4
2006-10-28,1.7326228965319652,4
2006-10-29,0.030468345216128605,4
2006-10-30,8.599626607883899,4
2006-10-31,0.04062446028817148,4
2006-11-01,0.05496932690502277,4
2006-11-02,0.0448132118329799,4
2006-11-03,0.18731458663155823,4
2006-11-04,46.33190009770435,4
2006-11-05,0.896264236659598,4
2006-11-06,0.2967458015364421,4
2006-11-07,0.0,4
2006-11-08,25.324811478112714,4
2006-11-09,3.0207420012347774,4
2006-11-10,0.26007223799182044,4
2006-11-11,23.538587405120897,4
2006-11-12,18.858165492040857,4
2006-11-13,5.7712583073792105,4
2006-11-14,34.94836744984317,4
2006-11-15,28.1431009232816,4
2006-11-16,1.0444715745533095,4
2006-11-17,0.0,4
2006-11-18,0.0,4
2006-11-19,0.0,4
2006-11-20,0.8290444189101281,4
2006-11-21,1.9300236864669913,4
2006-11-22,23.794100297572168,4
2006-11-23,0.47053872424628895,4
2006-11-24,41.25754052222437,4
2006-11-25,2.1617058398775915,4
2006-11-26,0.0,4
2006-11-27,0.0,4
2006-11-28,1.0339842679777975,4
2006-11-29,0.5153519360792688,4
2006-11-30,25.28154281035864,4
2006-12-01,35.44717760971884,4
2006-12-02,5.348535398356452,4
2006-12-03,0.7184376954780415,4
2006-12-04,1.8464183206711948,4
2006-12-05,0.0,4
2006-12-06,0.0,4
2006-12-07,0.0,4
2006-12-08,14.156078943871629,4
2006-12-09,21.976843850510846,4
2006-12-10,42.208406873600865,4
2006-12-11,14.73685204434018,4
2006-12-12,10.123189137448167,4
2006-12-13,0.7821368313047441,4
2006-12-14,2.341611369337673,4
2006-12-15,10.087062526029955,4
2006-12-16,0.3256272098853282,4
2006-12-17,0.19956507747600533,4
2006-12-18,2.5351838570121434,4
2006-12-19,2.2934698636559525,4
2006-12-20,0.0,4
2006-12-21,0.0,4
2006-12-22,0.0,4
2006-12-23,0.0,4
2006-12-24,0.0,4
2006-12-25,4.64741855751194,4
2006-12-26,1.5785327193460925,4
2006-12-27,2.171346398127121,4
2006-12-28,12.844089880498867,4
2006-12-29,27.231674345633763,4
2006-12-30,13.478479989797671,4
2006-12-31,3.099050090138454,4
2007-01-01,0.7164269810639099,4
2007-01-02,9.425253906911347,4
2007-01-03,43.9991947505404,4
2007-01-04,22.077216532962147,4
2007-01-05,3.5969916736928607,4
2007-01-06,1.9123618321237377,4
2007-01-07,0.0,4
2007-01-08,0.0,4
2007-01-09,0.10339412606073169,4
2007-01-10,3.789401850387802,4
2007-01-11,16.670734120211446,4
2007-01-12,2.9920133139476324,4
2007-01-13,0.49587102654767456,4
2007-01-14,22.359538521594054,4
2007-01-15,2.505757041798325,4
2007-01-16,31.47798727460986,4
2007-01-17,33.9239569128125,4
2007-01-18,0.0,4
2007-01-19,0.0,4
2007-01-20,0.30468345216128606,4
2007-01-21,0.0,4
2007-01-22,12.309557401538656,4
2007-01-23,7.41015594680208,4
2007-01-24,12.562918927311499,4
2007-01-25,3.4656225915671444,4
2007-01-26,0.02031223014408574,4
2007-01-27,7.293176315703956,4
2007-01-28,3.602261830514478,4
2007-01-29,0.06721981774946985,4
2007-01-30,0.11203302958244975,4
2007-01-31,3.3484457873872735,4
2007-02-01,19.03828715130291,4
2007-02-02,5.460673444833015,4
2007-02-03,1.0395425967672933,4
2007-02-04,14.151793195990813,4
2007-02-05,40.449465317559344,4
2007-02-06,8.157008225492026,4
2007-02-07,0.0,4
2007-02-08,0.0,4
2007-02-09,0.0,4
2007-02-10,0.0,4
2007-02-11,0.0,4
2007-02-12,4.363704827842678,4
2007-02-13,3.6523135515102734,4
2007-02-14,0.0,4
2007-02-15,27.730808565834796,4
2007-02-16,10.79430908198165,4
2007-02-17,2.2479748326112343,4
2007-02-18,0.09978253873800266,4
2007-02-19,4.807979132758781,4
2007-02-20,0.0,4
2007-02-21,0.0,4
2007-02-22,0.0,4
2007-02-23,0.0,4
2007-02-24,8.426370494078006,4
2007-02-25,2.352693621231445,4
2007-02-26,0.0,4
2007-02-27,0.6252905898893144,4
2007-02-28,0.4786004635459276,4
2007-03-01,0.0,4
2007-03-02,0.0,4
2007-03-03,3.9840476316656765,4
2007-03-04,2.046398141310597,4
2007-03-05,3.9786082583313127,4
2007-03-06,4.603097372760024,4
2007-03-07,0.0,4
2007-03-08,0.0,4
2007-03-09,0.0,4
2007-03-10,0.0,4
2007-03-11,0.0,4
2007-03-12,0.0,4
2007-03-13,0.0,4
2007-03-14,0.0,4
2007-03-15,0.0,4
2007-03-16,0.0,4
2007-03-17,0.0,4
2007-03-18,5.224615499529403,4
2007-03-19,0.0896264236659598,4
2007-03-20,0.0,4
2007-03-21,0.0,4
2007-03-22,0.0,4
2007-03-23,0.0,4
2007-03-24,0.0,4
2007-03-25,0.0,4
2007-03-26,0.0,4
2007-03-27,0.0,4
2007-03-28,0.0,4
2007-03-29,0.0,4
2007-03-30,0.0,4
2007-03-31,0.0448132118329799,4
2007-04-01,0.0,4
2007-04-02,0.0,4
2007-04-03,0.0,4
2007-04-04,0.0,4
2007-04-05,1.171800095354959,4
2007-04-06,0.2240660591648995,4
2007-04-07,0.06721981774946985,4
2007-04-08,0.0896264236659598,4
2007-04-09,0.0,4
2007-04-10,0.0,4
2007-04-11,21.39585265089543,4
2007-04-12,0.32499568230537185,4
2007-04-13,0.0,4
2007-04-14,10.172599086086437,4
2007-04-15,3.241262334929984,4
2007-04-16,4.0918294380735345,4
2007-04-17,5.225505678278653,4
2007-04-18,7.921931583734315,4
2007-04-19,1.6107041988581765,4
2007-04-20,1.0785620843662702,4
2007-04-21,1.2059709332937785,4
2007-04-22,0.3704404217183081,4
2007-04-23,13.118604056284394,4
2007-04-24,10.522902801253446,4
2007-04-25,0.0,4
2007-04-26,0.0,4
2007-04-27,0.0,4
2007-04-28,2.0431754018620154,4
2007-04-29,2.4226085430152975,4
2007-04-30,0.9186708425760879,4
2007-05-01,0.20312230144085738,4
2007-05-02,0.0,4
2007-05-03,0.0,4
2007-05-04,0.7093535515461153,4
2007-05-05,1.2293422095523172,4
2007-05-06,0.0448132118329799,4
2007-05-07,0.0,4
2007-05-08,0.0,4
2007-05-09,0.0,4
2007-05-10,0.5717841111767394,4
2007-05-11,1.3844230901223349,4
2007-05-12,0.0,4
2007-05-13,0.0,4
2007-05-14,0.0,4
2007-05-15,0.0,4
2007-05-16,0.0,4
2007-05-17,0.0,4
2007-05-18,0.0,4
2007-05-19,0.3791117955560162,4
2007-05-20,0.0,4
2007-05-21,0.2688792709978794,4
2007-05-22,0.0,4
2007-05-23,0.0,4
2007-05-24,3.520658266612776,4
2007-05-25,2.133483644739714,4
2007-05-26,0.0448132118329799,4
2007-05-27,0.0,4
2007-05-28,0.1344396354989397,4
2007-05-29,0.0,4
2007-05-30,0.0448132118329799,4
2007-05-31,0.0,4
2007-06-01,0.0,4
2007-06-02,0.0,4
2007-06-03,0.0,4
2007-06-04,0.11203302958244975,4
2007-06-05,0.02240660591648995,4
2007-06-06,0.0,4
2007-06-07,0.0,4
2007-06-08,0.0,4
2007-06-09,0.0,4
2007-06-10,0.0,4
2007-06-11,0.0,4
2007-06-12,0.0448132118329799,4
2007-06-13,0.0,4
2007-06-14,0.0,4
2007-06-15,0.0448132118329799,4
2007-06-16,0.0,4
2007-06-17,0.0,4
2007-06-18,0.0,4
2007-06-19,0.0,4
2007-06-20,0.0,4
2007-06-21,0.0,4
2007-06-22,0.0,4
2007-06-23,0.0,4
2007-06-24,0.0,4
2007-06-25,0.0,4
2007-06-26,7.276232778670631,4
2007-06-27,0.6831180267388439,4
2007-06-28,0.20312230144085738,4
2007-06-29,0.0,4
2007-06-30,17.08683319455625,4
2007-07-01,0.0,4
2007-07-02,0.0,4
2007-07-03,0.0,4
2007-07-04,0.0,4
2007-07-05,0.0,4
2007-07-06,0.0,4
2007-07-07,0.0,4
2007-07-08,0.0,4
2007-07-09,0.0,4
2007-07-10,0.0,4
2007-07-11,0.0,4
2007-07-12,0.0,4
2007-07-13,0.0,4
2007-07-14,0.0,4
2007-07-15,0.0,4
2007-07-16,0.0,4
2007-07-17,0.0,4
2007-07-18,0.0,4
2007-07-19,0.0,4
2007-07-20,0.0,4
2007-07-21,0.0,4
2007-07-22,0.0,4
2007-07-23,0.0,4
2007-07-24,0.0,4
2007-07-25,0.0,4
2007-07-26,0.0,4
2007-07-27,0.04062446028817148,4
2007-07-28,4.928433507623627,4
2007-07-29,0.4549705168272041,4
2007-07-30,0.02240660591648995,4
2007-07-31,0.02240660591648995,4
2007-08-01,0.0,4
2007-08-02,0.0,4
2007-08-03,0.0,4
2007-08-04,0.0,4
2007-08-05,0.01015611507204287,4
2007-08-06,0.0,4
2007-08-07,0.0,4
2007-08-08,0.0,4
2007-08-09,0.0,4
2007-08-10,0.42863282444152745,4
2007-08-11,0.09978253873800266,4
2007-08-12,0.8871643005900631,4
2007-08-13,2.4172743596569752,4
2007-08-14,3.094277388562948,4
2007-08-15,6.983671180310775,4
2007-08-16,0.6856282230576052,4
2007-08-17,0.0,4
2007-08-18,0.0,4
2007-08-19,0.0,4
2007-08-20,0.0,4
2007-08-21,0.0,4
2007-08-22,0.0,4
2007-08-23,0.0,4
2007-08-24,0.0,4
2007-08-25,0.0,4
2007-08-26,0.0,4
2007-08-27,0.0,4
2007-08-28,0.0,4
2007-08-29,0.0,4
2007-08-30,0.0896264236659598,4
2007-08-31,9.050701543443436,4
2007-09-01,0.06093669043225721,4
2007-09-02,0.0,4
2007-09-03,0.0,4
2007-09-04,1.4019469636933342,4
2007-09-05,21.68578058238099,4
2007-09-06,12.2281132728317,4
2007-09-07,0.0,4
2007-09-08,0.0,4
2007-09-09,0.0,4
2007-09-10,1.483053411238205,4
2007-09-11,0.0448132118329799,4
2007-09-12,0.7908765325961864,4
2007-09-13,3.1694207990324514,4
2007-09-14,0.0,4
2007-09-15,0.0,4
2007-09-16,0.0,4
2007-09-17,0.0,4
2007-09-18,0.7042483263584067,4
2007-09-19,0.9692986784655047,4
2007-09-20,0.0,4
2007-09-21,0.0,4
2007-09-22,0.0,4
2007-09-23,0.0,4
2007-09-24,0.7913221374305122,4
2007-09-25,0.0,4
2007-09-26,0.01015611507204287,4
2007-09-27,0.2756155019168792,4
2007-09-28,0.0,4
2007-09-29,0.01015611507204287,4
2007-09-30,0.6025463271409593,4
2007-10-01,0.0,4
2007-10-02,1.2858984733245822,4
2007-10-03,0.0,4
2007-10-04,0.0,4
2007-10-05,0.0,4
2007-10-06,0.0,4
2007-10-07,0.0,4
2007-10-08,0.0,4
2007-10-09,0.0,4
2007-10-10,0.0,4
2007-10-11,0.0,4
2007-10-12,0.0,4
2007-10-13,0.0,4
2007-10-14,0.0,4
2007-10-15,0.0,4
2007-10-16,0.0,4
2007-10-17,0.0,4
2007-10-18,0.5078057536021434,4
2007-10-19,17.19899938358189,4
2007-10-20,5.731363113224969,4
2007-10-21,0.0,4
2007-10-22,0.0,4
2007-10-23,0.0,4
2007-10-24,0.0448132118329799,4
2007-10-25,0.0,4
2007-10-26,24.872668015138185,4
2007-10-27,11.283549770899764,4
2007-10-28,8.30215214467864,4
2007-10-29,0.0,4
2007-10-30,6.341506398391543,4
2007-10-31,1.933715601915579,4
2007-11-01,0.0,4
2007-11-02,0.0,4
2007-11-03,0.2240660591648995,4
2007-11-04,0.3585056946638392,4
2007-11-05,9.69787161029534,4
2007-11-06,2.916069467700538,4
2007-11-07,0.2757176694952845,4
2007-11-08,0.4653190199732734,4
2007-11-09,0.25160146395444327,4
2007-11-10,0.0,4
2007-11-11,0.0,4
2007-11-12,0.0,4
2007-11-13,0.19783053435762804,4
2007-11-14,0.0,4
2007-11-15,0.0,4
2007-11-16,8.32054027585202,4
2007-11-17,35.95467160255955,4
2007-11-18,17.384126455796547,4
2007-11-19,12.074275050657961,4
2007-11-20,2.1747218112920494,4
2007-11-21,13.869600019396316,4
2007-11-22,1.0339412606073168,4
2007-11-23,0.0,4
2007-11-24,3.446470868691056,4
2007-11-25,0.0,4
2007-11-26,0.0,4
2007-11-27,14.118394241597446,4
2007-11-28,5.388048228089584,4
2007-11-29,0.0,4
2007-11-30,0.0,4
2007-12-01,4.70797879070113,4
2007-12-02,2.019044547320976,4
2007-12-03,0.6093669043225721,4
2007-12-04,2.756012527728264,4
2007-12-05,14.5292957214909,4
2007-12-06,0.0,4
2007-12-07,2.33590646656986,4
2007-12-08,32.509068783211,4
2007-12-09,4.392447621733443,4
2007-12-10,0.1344396354989397,4
2007-12-11,2.515923734144471,4
2007-12-12,11.02870677981138,4
2007-12-13,4.7138969705537095,4
2007-12-14,15.649496392999279,4
2007-12-15,18.542586641597932,4
2007-12-16,1.4757656725499948,4
2007-12-17,0.0,4
2007-12-18,0.0,4
2007-12-19,0.9634840544090678,4
2007-12-20,0.23212779846453815,4
2007-12-21,11.05707831543319,4
2007-12-22,4.525362103217502,4
2007-12-23,0.0,4
2007-12-24,0.0,4
2007-12-25,0.0,4
2007-12-26,3.044419104969637,4
2007-12-27,0.425725512413309,4
2007-12-28,0.0,4
2007-12-29,0.0,4
2007-12-30,0.06892941737382112,4
2007-12-31,0.0,4
2008-01-01,0.0,4
2008-01-02,0.0,4
2008-01-03,0.0,4
2008-01-04,0.0,4
2008-01-05,0.0,4
2008-01-06,0.0,4
2008-01-07,0.747479734543807,4
2008-01-08,2.8340927261988416,4
2008-01-09,18.56480474099055,4
2008-01-10,0.6053330591795927,4
2008-01-11,0.3453079124494575,4
2008-01-12,0.0,4
2008-01-13,0.0,4
2008-01-14,0.02031223014408574,4
2008-01-15,0.0,4
2008-01-16,3.9192877684682434,4
2008-01-17,0.0,4
2008-01-18,0.0,4
2008-01-19,0.0,4
2008-01-20,0.0,4
2008-01-21,2.361902444933553,4
2008-01-22,22.381415569735687,4
2008-01-23,9.926180940673628,4
2008-01-24,1.5226486371415757,4
2008-01-25,0.2580916283458802,4
2008-01-26,2.0024381431319958,4
2008-01-27,3.7245313874583363,4
2008-01-28,19.464883391860308,4
2008-01-29,20.39998882319122,4
2008-01-30,6.1437940821999835,4
2008-01-31,16.428865437427703,4
2008-02-01,1.5519072010075978,4
2008-02-02,0.0,4
2008-02-03,0.0896264236659598,4
2008-02-04,32.191791690768945,4
2008-02-05,37.65668779334868,4
2008-02-06,30.4204056338709,4
2008-02-07,25.457470874164862,4
2008-02-08,4.8939886335413,4
2008-02-09,0.0,4
2008-02-10,0.0,4
2008-02-11,0.0,4
2008-02-12,0.0,4
2008-02-13,0.0,4
2008-02-14,0.0,4
2008-02-15,0.0,4
2008-02-16,0.0,4
2008-02-17,0.0,4
2008-02-18,0.0,4
2008-02-19,0.0,4
2008-02-20,2.884278542692454,4
2008-02-21,4.741196593664073,4
2008-02-22,3.585056946638392,4
2008-02-23,0.22343453158494314,4
2008-02-24,42.651560116306534,4
2008-02-25,24.837495775843912,4
2008-02-26,18.850618629265508,4
2008-02-27,36.41769988552417,4
2008-02-28,13.145982259956458,4
2008-02-29,0.0,4
2008-03-01,0.0,4
2008-03-02,7.1726134017412635,4
2008-03-03,0.3256272098853282,4
2008-03-04,7.415469258392471,4
2008-03-05,4.9266203668879065,4
2008-03-06,5.01634528260908,4
2008-03-07,0.4265568330258005,4
2008-03-08,10.13686199930348,4
2008-03-09,31.187474422850954,4
2008-03-10,12.387223246520378,4
2008-03-11,8.453713937570592,4
2008-03-12,0.0,4
2008-03-13,0.0,4
2008-03-14,0.0,4
2008-03-15,8.136638828989117,4
2008-03-16,1.019284701926582,4
2008-03-17,3.3670907805927603,4
2008-03-18,0.20312230144085738,4
2008-03-19,1.7379168305462258,4
2008-03-20,1.4890207747654396,4
2008-03-21,0.0,4
2008-03-22,0.0,4
2008-03-23,0.0,4
2008-03-24,0.0,4
2008-03-25,0.2240660591648995,4
2008-03-26,52.76230211516944,4
2008-03-27,24.77681047161054,4
2008-03-28,18.461713807919377,4
2008-03-29,6.058823782367308,4
2008-03-30,1.9534905431120841,4
2008-03-31,0.15684624141542963,4
2008-04-01,0.0,4
2008-04-02,0.0,4
2008-04-03,0.0,4
2008-04-04,0.0,4
2008-04-05,2.599166286312834,4
2008-04-06,27.118443392542783,4
2008-04-07,11.854773960562724,4
2008-04-08,0.0448132118329799,4
2008-04-09,0.0,4
2008-04-10,0.30858725764315065,4
2008-04-11,15.524866569229527,4
2008-04-12,4.773374083860149,4
2008-04-13,0.0,4
2008-04-14,0.0,4
2008-04-15,4.762506558963083,4
2008-04-16,16.853956780002942,4
2008-04-17,6.416845542370966,4
2008-04-18,2.0442488550288234,4
2008-04-19,0.20165945324840956,4
2008-04-20,2.698868496924978,4
2008-04-21,4.943039193222638,4
2008-04-22,0.0,4
2008-04-23,0.0,4
2008-04-24,0.0,4
2008-04-25,0.0,4
2008-04-26,0.0,4
2008-04-27,0.0,4
2008-04-28,0.0,4
2008-04-29,0.0,4
2008-04-30,0.03446470868691056,4
2008-05-01,10.788613611115279,4
2008-05-02,0.8142802511162126,4
2008-05-03,0.3297175572627134,4
2008-05-04,0.0,4
2008-05-05,0.4616045801677987,4
2008-05-06,0.89699000287193,4
2008-05-07,0.0,4
2008-05-08,0.0,4
2008-05-09,0.0,4
2008-05-10,0.0,4
2008-05-11,0.0,4
2008-05-12,0.0448132118329799,4
2008-05-13,0.0,4
2008-05-14,1.0955576192096739,4
2008-05-15,6.044947516544467,4
2008-05-16,0.0,4
2008-05-17,0.0,4
2008-05-18,0.0,4
2008-05-19,0.0,4
2008-05-20,0.0,4
2008-05-21,0.0,4
2008-05-22,0.0,4
2008-05-23,0.0,4
2008-05-24,0.0,4
2008-05-25,0.0,4
2008-05-26,0.0,4
2008-05-27,0.0,4
2008-05-28,0.0,4
2008-05-29,0.0,4
2008-05-30,0.0,4
2008-05-31,0.0448132118329799,4
2008-06-01,0.0,4
2008-06-02,1.0762756849439572,4
2008-06-03,3.495006106984762,4
2008-06-04,0.0,4
2008-06-05,0.0,4
2008-06-06,0.0,4
2008-06-07,0.0,4
2008-06-08,0.0,4
2008-06-09,0.0,4
2008-06-10,0.0,4
2008-06-11,0.0,4
2008-06-12,0.0,4
2008-06-13,0.0,4
2008-06-14,0.0,4
2008-06-15,0.0,4
2008-06-16,0.0,4
2008-06-17,0.0,4
2008-06-18,0.02031223014408574,4
2008-06-19,0.0,4
2008-06-20,0.0,4
2008-06-21,0.0,4
2008-06-22,0.0,4
2008-06-23,0.0896264236659598,4
2008-06-24,0.0,4
2008-06-25,1.2632304389214886,4
2008-06-26,4.515903037807338,4
2008-06-27,3.2740355920325053,4
2008-06-28,0.8213609246756961,4
2008-06-29,0.0,4
2008-06-30,0.0,4
2008-07-01,0.02031223014408574,4
2008-07-02,0.0,4
2008-07-03,0.030468345216128605,4
2008-07-04,6.231273873833406,4
2008-07-05,11.540678281762435,4
2008-07-06,0.0,4
2008-07-07,0.0,4
2008-07-08,0.0,4
2008-07-09,0.0,4
2008-07-10,0.05496932690502277,4
2008-07-11,0.1792528473319196,4
2008-07-12,2.5902365809042207,4
2008-07-13,0.4159732988593418,4
2008-07-14,0.0,4
2008-07-15,0.0,4
2008-07-16,0.0,4
2008-07-17,0.0,4
2008-07-18,0.0,4
2008-07-19,0.0,4
2008-07-20,0.0,4
2008-07-21,0.0,4
2008-07-22,0.0,4
2008-07-23,0.0,4
2008-07-24,0.0,4
2008-07-25,0.0,4
2008-07-26,0.0,4
2008-07-27,0.0,4
2008-07-28,0.0,4
2008-07-29,0.0,4
2008-07-30,0.0,4
2008-07-31,0.0,4
2008-08-01,0.0,4
2008-08-02,0.0,4
2008-08-03,0.0,4
2008-08-04,0.0,4
2008-08-05,0.0,4
2008-08-06,0.0,4
2008-08-07,0.0448132118329799,4
2008-08-08,0.0,4
2008-08-09,0.0,4
2008-08-10,0.0,4
2008-08-11,0.0,4
2008-08-12,0.0,4
2008-08-13,0.0,4
2008-08-14,0.0,4
2008-08-15,0.0,4
2008-08-16,1.2174515513618969,4
2008-08-17,0.0,4
2008-08-18,0.0,4
2008-08-19,0.0,4
2008-08-20,0.0,4
2008-08-21,0.0,4
2008-08-22,0.0,4
2008-08-23,0.0,4
2008-08-24,15.225265562291456,4
2008-08-25,0.20312230144085738,4
2008-08-26,0.0,4
2008-08-27,0.0,4
2008-08-28,0.02240660591648995,4
2008-08-29,0.0,4
2008-08-30,0.0,4
2008-08-31,0.06721981774946985,4
2008-09-01,0.44175058684516316,4
2008-09-02,0.0,4
2008-09-03,0.0,4
2008-09-04,0.0,4
2008-09-05,0.0,4
2008-09-06,0.0,4
2008-09-07,0.0,4
2008-09-08,0.0,4
2008-09-09,0.0,4
2008-09-10,0.0,4
2008-09-11,0.0,4
2008-09-12,0.0,4
2008-09-13,0.0,4
2008-09-14,0.0,4
2008-09-15,7.732296422067992,4
2008-09-16,3.3476420744862736,4
2008-09-17,1.6966076065682398,4
2008-09-18,1.8112106934711083,4
2008-09-19,1.3689922882695096,4
2008-09-20,0.0,4
2008-09-21,0.0,4
2008-09-22,1.338984262642355,4
2008-09-23,0.0,4
2008-09-24,0.0,4
2008-09-25,0.10156115072042869,4
2008-09-26,1.1166219849778034,4
2008-09-27,6.526482264790823,4
2008-09-28,1.734488143571491,4
2008-09-29,8.803683477418277,4
2008-09-30,0.0,4
2008-10-01,0.0,4
2008-10-02,0.0,4
2008-10-03,0.0,4
2008-10-04,0.0,4
2008-10-05,0.0,4
2008-10-06,0.0,4
2008-10-07,0.0,4
2008-10-08,0.0,4
2008-10-09,1.4858725855383261,4
2008-10-10,1.415282085719525,4
2008-10-11,3.3041109493742766,4
2008-10-12,6.1331627061130485,4
2008-10-13,6.426303727945936,4
2008-10-14,0.5704227456583564,4
2008-10-15,0.0,4
2008-10-16,0.0,4
2008-10-17,0.0,4
2008-10-18,0.0,4
2008-10-19,0.0,4
2008-10-20,21.197780280133486,4
2008-10-21,6.004274585540484,4
2008-10-22,13.596896292830536,4
2008-10-23,4.267485714026705,4
2008-10-24,0.0,4
2008-10-25,0.0,4
2008-10-26,0.0,4
2008-10-27,0.0,4
2008-10-28,0.0,4
2008-10-29,0.0,4
2008-10-30,0.0,4
2008-10-31,0.0,4
2008-11-01,3.52788377875153,4
2008-11-02,0.1792528473319196,4
2008-11-03,0.0,4
2008-11-04,3.9300432796935327,4
2008-11-05,0.15429362882157532,4
2008-11-06,2.8642627364621642,4
2008-11-07,0.030468345216128605,4
2008-11-08,1.8128407034632816,4
2008-11-09,21.248759810115274,4
2008-11-10,10.313288539158185,4
2008-11-11,41.509662755706316,4
2008-11-12,1.0819707063408697,4
2008-11-13,1.6322435332154779,4
2008-11-14,4.294538822021881,4
2008-11-15,34.09446417199646,4
2008-11-16,5.6321515624048715,4
2008-11-17,5.918672255802088,4
2008-11-18,53.07800648225293,4
2008-11-19,1.6345015901569007,4
2008-11-20,8.280260196174165,4
2008-11-21,1.56661920042917,4
2008-11-22,36.845724645019324,4
2008-11-23,39.16003593925751,4
2008-11-24,22.771592311739163,4
2008-11-25,17.748164281566684,4
2008-11-26,7.5041308448784,4
2008-11-27,2.961783737628037,4
2008-11-28,37.32509789255184,4
2008-11-29,18.86276264076446,4
2008-11-30,22.57630282376516,4
2008-12-01,0.4009528357984854,4
2008-12-02,0.01015611507204287,4
2008-12-03,2.57866923397005,4
2008-12-04,16.744100163016714,4
2008-12-05,0.5056423654716644,4
2008-12-06,1.578942467042674,4
2008-12-07,0.10339412606073169,4
2008-12-08,4.704558906548087,4
2008-12-09,0.0448132118329799,4
2008-12-10,0.0,4
2008-12-11,0.0,4
2008-12-12,1.4564293845718468,4
2008-12-13,36.78208409358735,4
2008-12-14,11.42183692667199,4
2008-12-15,9.18249433247106,4
2008-12-16,19.519568823943313,4
2008-12-17,9.456740709132376,4
2008-12-18,6.465037231003573,4
2008-12-19,3.071323704783513,4
2008-12-20,2.3751002271479345,4
2008-12-21,0.0,4
2008-12-22,8.576825708872573,4
2008-12-23,10.560744006732193,4
2008-12-24,26.530588032610225,4
2008-12-25,9.157909210546515,4
2008-12-26,10.436718827521647,4
2008-12-27,28.205947481982243,4
2008-12-28,38.19104682166419,4
2008-12-29,2.0216324259571876,4
2008-12-30,0.0,4
2008-12-31,0.0,4
2009-01-01,0.2688792709978794,4
2009-01-02,8.692904494147085,4
2009-01-03,10.518075353809671,4
2009-01-04,22.44065083949885,4
2009-01-05,62.78952358274736,4
2009-01-06,12.912439626948464,4
2009-01-07,32.77361799864081,4
2009-01-08,47.95188294238175,4
2009-01-09,35.79827606560751,4
2009-01-10,0.0,4
2009-01-11,0.6387630517273142,4
2009-01-12,1.6504156003797046,4
2009-01-13,0.02240660591648995,4
2009-01-14,0.0,4
2009-01-15,0.0,4
2009-01-16,0.0,4
2009-01-17,0.0,4
2009-01-18,0.06721981774946985,4
2009-01-19,0.896264236659598,4
2009-01-20,0.08753204789355559,4
2009-01-21,0.0,4
2009-01-22,12.703166954304898,4
2009-01-23,75.0912265112899,4
2009-01-24,11.184094244760455,4
2009-01-25,6.341703329794463,4
2009-01-26,18.078547044128175,4
2009-01-27,14.14843609635041,4
2009-01-28,5.789291702622895,4
2009-01-29,0.16249784115268592,4
2009-01-30,0.0,4
2009-01-31,0.0,4
2009-02-01,0.6273849656617185,4
2009-02-02,4.31554079780407,4
2009-02-03,11.071646184195005,4
2009-02-04,0.0,4
2009-02-05,3.033401526816963,4
2009-02-06,0.0,4
2009-02-07,10.70437192308636,4
2009-02-08,0.0,4
2009-02-09,0.0,4
2009-02-10,0.0,4
2009-02-11,0.0,4
2009-02-12,0.0,4
2009-02-13,17.885044139585645,4
2009-02-14,5.751185980505459,4
2009-02-15,0.0448132118329799,4
2009-02-16,0.18267204658062214,4
2009-02-17,0.992093795886527,4
2009-02-18,1.5382892998494946,4
2009-02-19,3.0445226327112773,4
2009-02-20,13.723532164617453,4
2009-02-21,0.02240660591648995,4
2009-02-22,3.033401526816963,4
2009-02-23,0.0,4
2009-02-24,0.0,4
2009-02-25,0.0,4
2009-02-26,3.330147328353405,4
2009-02-27,0.0,4
2009-02-28,0.0,4
2009-03-01,0.0,4
2009-03-02,0.0,4
2009-03-03,0.0,4
2009-03-04,0.0,4
2009-03-05,0.0,4
2009-03-06,0.0,4
2009-03-07,0.0,4
2009-03-08,0.0,4
2009-03-09,0.0,4
2009-03-10,0.0,4
2009-03-11,0.0,4
2009-03-12,0.0,4
2009-03-13,0.0,4
2009-03-14,0.0,4
2009-03-15,9.033017677596337,4
2009-03-16,10.016306114876317,4
2009-03-17,23.00664959181013,4
2009-03-18,3.0817631133295436,4
2009-03-19,5.761438853399915,4
2009-03-20,0.49207292538392733,4
2009-03-21,0.24437828930898522,4
2009-03-22,21.372084017533023,4
2009-03-23,28.918654450197003,4
2009-03-24,15.110229728928243,4
2009-03-25,29.30535827882118,4
2009-03-26,2.1698544409055995,4
2009-03-27,9.565923911290403,4
2009-03-28,18.420257907526125,4
2009-03-29,18.381743781985946,4
2009-03-30,21.726964699811724,4
2009-03-31,0.13831262325376992,4
2009-04-01,17.022839041616532,4
2009-04-02,30.655782511787812,4
2009-04-03,1.7804748092186524,4
2009-04-04,2.4592601854635303,4
2009-04-05,13.829614827134392,4
2009-04-06,0.0,4
2009-04-07,3.0476054888277906,4
2009-04-08,10.090593439211764,4
2009-04-09,22.786468259220634,4
2009-04-10,0.0,4
2009-04-11,21.571047794383503,4
2009-04-12,0.4618998207245709,4
2009-04-13,7.812929534321756,4
2009-04-14,2.7059796116222685,4
2009-04-15,0.0,4
2009-04-16,32.39146117106688,4
2009-04-17,0.3956610687152561,4
2009-04-18,0.0,4
2009-04-19,0.0,4
2009-04-20,0.0,4
2009-04-21,0.0,4
2009-04-22,7.049141193035727,4
2009-04-23,2.288531762568022,4
2009-04-24,0.0,4
2009-04-25,2.602130958561728,4
2009-04-26,3.757704682615052,4
2009-04-27,1.6771120480364476,4
2009-04-28,0.19783053435762804,4
2009-04-29,0.0,4
2009-04-30,0.2240660591648995,4
2009-05-01,0.40090876693443667,4
2009-05-02,1.998084450307833,4
2009-05-03,1.3188702290508536,4
2009-05-04,0.0,4
2009-05-05,0.0,4
2009-05-06,0.0,4
2009-05-07,0.0,4
2009-05-08,0.0,4
2009-05-09,0.6769024858620203,4
2009-05-10,0.0,4
2009-05-11,5.58328280727951,4
2009-05-12,5.356331826414715,4
2009-05-13,3.046834521612861,4
2009-05-14,0.0,4
2009-05-15,0.0,4
2009-05-16,3.282342009641969,4
2009-05-17,1.0550961832406829,4
2009-05-18,0.0,4
2009-05-19,2.2006026270195114,4
2009-05-20,0.0,4
2009-05-21,1.5645688935208149,4
2009-05-22,3.558252714415672,4
2009-05-23,0.0,4
2009-05-24,0.0,4
2009-05-25,0.0,4
2009-05-26,0.0,4
2009-05-27,0.19296618636881452,4
2009-05-28,0.0,4
2009-05-29,0.0,4
2009-05-30,0.02031223014408574,4
2009-05-31,0.0,4
2009-06-01,0.0,4
2009-06-02,2.1368119385884548,4
2009-06-03,16.259432625673817,4
2009-06-04,0.0,4
2009-06-05,0.0,4
2009-06-06,0.02240660591648995,4
2009-06-07,0.0,4
2009-06-08,0.0,4
2009-06-09,0.0,4
2009-06-10,0.0,4
2009-06-11,0.0,4
2009-06-12,0.0,4
2009-06-13,36.69604035070489,4
2009-06-14,10.699479380337733,4
2009-06-15,0.0,4
2009-06-16,0.0,4
2009-06-17,0.0,4
2009-06-18,0.01015611507204287,4
2009-06-19,0.0448132118329799,4
2009-06-20,0.0,4
2009-06-21,0.0,4
2009-06-22,0.0,4
2009-06-23,0.0,4
2009-06-24,0.0,4
2009-06-25,0.0,4
2009-06-26,0.0,4
2009-06-27,3.236404508378571,4
2009-06-28,3.225055157272486,4
2009-06-29,0.44707245869658385,4
2009-06-30,0.0,4
2009-07-01,0.0,4
2009-07-02,0.0,4
2009-07-03,0.0,4
2009-07-04,0.0,4
2009-07-05,13.551962621382394,4
2009-07-06,6.39399008996144,4
2009-07-07,2.2830189005057577,4
2009-07-08,0.0,4
2009-07-09,0.0448132118329799,4
2009-07-10,0.0,4
2009-07-11,0.0,4
2009-07-12,0.0,4
2009-07-13,0.06594351145254268,4
2009-07-14,0.0,4
2009-07-15,0.0,4
2009-07-16,8.6730857513002,4
2009-07-17,0.6620119857089667,4
2009-07-18,0.0,4
2009-07-19,0.0,4
2009-07-20,22.844822066483495,4
2009-07-21,1.1865566986269627,4
2009-07-22,3.297175572627134,4
2009-07-23,0.0,4
2009-07-24,0.0,4
2009-07-25,0.0,4
2009-07-26,0.0,4
2009-07-27,0.0,4
2009-07-28,0.02240660591648995,4
2009-07-29,0.02240660591648995,4
2009-07-30,0.0,4
2009-07-31,0.0,4
2009-08-01,0.42863282444152745,4
2009-08-02,0.2096719904643366,4
2009-08-03,0.0,4
2009-08-04,0.0,4
2009-08-05,0.42863282444152745,4
2009-08-06,0.02240660591648995,4
2009-08-07,0.0,4
2009-08-08,0.0,4
2009-08-09,0.0,4
2009-08-10,0.0,4
2009-08-11,0.0,4
2009-08-12,0.0,4
2009-08-13,0.4616045801677987,4
2009-08-14,0.0,4
2009-08-15,0.0,4
2009-08-16,0.49457633589407013,4
2009-08-17,0.6054755322110646,4
2009-08-18,0.5605198473466128,4
2009-08-19,0.0,4
2009-08-20,0.0,4
2009-08-21,8.765517297282631,4
2009-08-22,1.0872498694914772,4
2009-08-23,1.097945180825829,4
2009-08-24,0.5491366280613543,4
2009-08-25,1.3785883474764224,4
2009-08-26,15.33590340687516,4
2009-08-27,1.9961192964298862,4
2009-08-28,3.0284483561957116,4
2009-08-29,2.9086002667471296,4
2009-08-30,0.0,4
2009-08-31,0.0,4
2009-09-01,0.0,4
2009-09-02,0.0,4
2009-09-03,4.877316436978015,4
2009-09-04,0.6203647563643901,4
2009-09-05,0.7160897824651151,4
2009-09-06,1.2895776190331976,4
2009-09-07,0.0448132118329799,4
2009-09-08,0.16750466217297139,4
2009-09-09,0.0,4
2009-09-10,0.0,4
2009-09-11,0.2637740458101707,4
2009-09-12,2.417671767792153,4
2009-09-13,0.0,4
2009-09-14,0.0,4
2009-09-15,0.0,4
2009-09-16,0.0,4
2009-09-17,0.06594351145254268,4
2009-09-18,0.0,4
2009-09-19,0.0,4
2009-09-20,0.0,4
2009-09-21,6.215581298683535,4
2009-09-22,5.836686589615244,4
2009-09-23,1.6986589628050532,4
2009-09-24,0.14372847901179392,4
2009-09-25,1.8939420177884898,4
2009-09-26,0.03297175572627134,4
2009-09-27,0.0,4
2009-09-28,0.0,4
2009-09-29,0.8835820112677295,4
2009-09-30,13.168061561692,4
2009-10-01,7.943080433517906,4
2009-10-02,1.2855673475755633,4
2009-10-03,0.0,4
2009-10-04,2.988262963415073,4
2009-10-05,1.8352684639279777,4
2009-10-06,0.0,4
2009-10-07,0.3757762576655862,4
2009-10-08,0.0,4
2009-10-09,3.589219331291153,4
2009-10-10,0.6133947984792313,4
2009-10-11,0.7964273626182208,4
2009-10-12,3.0057225812584325,4
2009-10-13,0.0,4
2009-10-14,1.3578688168273967,4
2009-10-15,0.0,4
2009-10-16,0.0,4
2009-10-17,9.638320302763905,4
2009-10-18,23.243794721474377,4
2009-10-19,0.0,4
2009-10-20,24.079696734935283,4
2009-10-21,1.6963137358201483,4
2009-10-22,3.186971346605992,4
2009-10-23,8.38491291067043,4
2009-10-24,0.8226741496039358,4
2009-10-25,0.0,4
2009-10-26,0.0,4
2009-10-27,30.984104239689835,4
2009-10-28,39.95523297367004,4
2009-10-29,48.306783879475375,4
2009-10-30,55.379132787975045,4
2009-10-31,28.192598303689074,4
2009-11-01,31.098727569378127,4
2009-11-02,3.213277430386232,4
2009-11-03,0.41357650424292675,4
2009-11-04,0.0448132118329799,4
2009-11-05,0.0,4
2009-11-06,0.0,4
2009-11-07,0.0,4
2009-11-08,0.0,4
2009-11-09,12.721571960958379,4
2009-11-10,8.178869146841006,4
2009-11-11,3.375831851692884,4
2009-11-12,0.0,4
2009-11-13,2.4647266508138945,4
2009-11-14,0.0,4
2009-11-15,0.0,4
2009-11-16,1.5836669999735347,4
2009-11-17,16.750197150562474,4
2009-11-18,0.5736376097502485,4
2009-11-19,0.0,4
2009-11-20,0.0,4
2009-11-21,0.0,4
2009-11-22,0.0,4
2009-11-23,0.0,4
2009-11-24,0.0,4
2009-11-25,4.48132118329799,4
2009-11-26,0.0,4
2009-11-27,0.0,4
2009-11-28,0.0,4
2009-11-29,0.0,4
2009-11-30,5.652204430940486,4
2009-12-01,0.37708338168954764,4
2009-12-02,0.0,4
2009-12-03,1.6161753576041904,4
2009-12-04,25.375066051963994,4
2009-12-05,68.21019277116031,4
2009-12-06,111.32963376614344,4
2009-12-07,2.1506705463831883,4
2009-12-08,0.0,4
2009-12-09,0.0,4
2009-12-10,2.6778890965693516,4
2009-12-11,0.0,4
2009-12-12,0.0,4
2009-12-13,0.0,4
2009-12-14,3.40521256886447,4
2009-12-15,5.506919830268818,4
2009-12-16,2.688792709978794,4
2009-12-17,9.1331478020313,4
2009-12-18,3.462034351258491,4
2009-12-19,13.225108360873191,4
2009-12-20,29.396096241752893,4
2009-12-21,11.857739695187018,4
2009-12-22,0.6093669043225721,4
2009-12-23,0.0,4
2009-12-24,3.7311001641518904,4
2009-12-25,0.6404667771186571,4
2009-12-26,0.0896264236659598,4
2009-12-27,0.34949666399426593,4
2009-12-28,8.769025319163772,4
2009-12-29,15.416209246442344,4
2009-12-30,0.5287495113261855,4
2009-12-31,16.90291429080167,4
2010-01-01,1.6764081748660025,4
2010-01-02,0.0,4
2010-01-03,0.0,4
2010-01-04,0.7618246011606583,4
2010-01-05,4.780973247534193,4
2010-01-06,8.045108397210207,4
2010-01-07,0.0,4
2010-01-08,0.0,4
2010-01-09,0.0,4
2010-01-10,0.0,4
2010-01-11,0.0,4
2010-01-12,0.0,4
2010-01-13,0.0,4
2010-01-14,0.0,4
2010-01-15,0.0,4
2010-01-16,0.0,4
2010-01-17,0.0,4
2010-01-18,2.8605708210135767,4
2010-01-19,0.0,4
2010-01-20,0.6296791344666579,4
2010-01-21,0.0,4
2010-01-22,0.0,4
2010-01-23,0.0,4
2010-01-24,0.7618246011606583,4
2010-01-25,0.0,4
2010-01-26,0.0,4
2010-01-27,0.0,4
2010-01-28,0.0,4
2010-01-29,0.0,4
2010-01-30,0.0,4
2010-01-31,2.6439794981458142,4
2010-02-01,0.2688792709978794,4
2010-02-02,0.06892941737382112,4
2010-02-03,0.0,4
2010-02-04,0.1792528473319196,4
2010-02-05,5.389520147012057,4
2010-02-06,1.3974710991545507,4
2010-02-07,0.0,4
2010-02-08,0.0,4
2010-02-09,0.0,4
2010-02-10,0.0,4
2010-02-11,1.1210396946932255,4
2010-02-12,1.0506453183049302,4
2010-02-13,0.02031223014408574,4
2010-02-14,0.0,4
2010-02-15,0.0,4
2010-02-16,0.6946047834111885,4
2010-02-17,0.0,4
2010-02-18,0.0,4
2010-02-19,1.1259408113953935,4
2010-02-20,3.7824630650083493,4
2010-02-21,0.9186708425760879,4
2010-02-22,0.5859000476774795,4
2010-02-23,1.6887707256586175,4
2010-02-24,0.5605198473466128,4
2010-02-25,0.0,4
2010-02-26,17.317236526055368,4
2010-02-27,2.042576344598049,4
2010-02-28,3.19826030544832,4
2010-03-01,7.407354031981484,4
2010-03-02,21.02794124492166,4
2010-03-03,8.687742027200658,4
2010-03-04,7.257008896655712,4
2010-03-05,52.290561494797316,4
2010-03-06,24.122531106819817,4
2010-03-07,4.32233436713319,4
2010-03-08,12.418053108719906,4
2010-03-09,14.858372179742517,4
2010-03-10,4.4524633293435585,4
2010-03-11,5.7711293985547805,4
2010-03-12,11.475194767183396,4
2010-03-13,4.347000274212046,4
2010-03-14,0.5377585419957588,4
2010-03-15,0.6721981774946985,4
2010-03-16,0.0,4
2010-03-17,1.3442876843826481,4
2010-03-18,1.2320813640416919,4
2010-03-19,0.0,4
2010-03-20,18.75097877178282,4
2010-03-21,16.210075844722493,4
2010-03-22,8.691661828191812,4
2010-03-23,0.02240660591648995,4
2010-03-24,0.1792528473319196,4
2010-03-25,0.0,4
2010-03-26,7.220814504053423,4
2010-03-27,3.728341945156413,4
2010-03-28,0.0,4
2010-03-29,0.0,4
2010-03-30,0.0,4
2010-03-31,29.253584854917978,4
2010-04-01,7.973365250472539,4
2010-04-02,5.837210024314111,4
2010-04-03,8.132312389097773,4
2010-04-04,7.040062802355187,4
2010-04-05,6.321288255931243,4
2010-04-06,27.456877799172418,4
2010-04-07,18.221649481038682,4
2010-04-08,0.0,4
2010-04-09,0.0,4
2010-04-10,0.0,4
2010-04-11,0.0,4
2010-04-12,1.6722706985269842,4
2010-04-13,5.694294039214453,4
2010-04-14,1.7449996429822383,4
2010-04-15,2.7478103068753885,4
2010-04-16,4.453665766599076,4
2010-04-17,14.17772051513727,4
2010-04-18,2.3177743855447255,4
2010-04-19,4.52613439513097,4
2010-04-20,0.0,4
2010-04-21,0.0,4
2010-04-22,0.0,4
2010-04-23,0.0,4
2010-04-24,0.0,4
2010-04-25,0.0,4
2010-04-26,0.0,4
2010-04-27,0.0,4
2010-04-28,6.015789071787776,4
2010-04-29,3.233071053255665,4
2010-04-30,3.066639451770881,4
2010-05-01,6.425441313070083,4
2010-05-02,3.4685057388146303,4
2010-05-03,1.5612603940570446,4
2010-05-04,0.0,4
2010-05-05,0.0,4
2010-05-06,0.0,4
2010-05-07,0.0,4
2010-05-08,0.0,4
2010-05-09,0.0,4
2010-05-10,26.113398237101528,4
2010-05-11,12.151720516572368,4
2010-05-12,4.767756706893571,4
2010-05-13,0.0,4
2010-05-14,0.0,4
2010-05-15,0.0,4
2010-05-16,0.0,4
2010-05-17,0.0,4
2010-05-18,0.0,4
2010-05-19,0.0,4
2010-05-20,0.0,4
2010-05-21,0.0,4
2010-05-22,2.5957422366247433,4
2010-05-23,15.922080388672295,4
2010-05-24,11.598419725681559,4
2010-05-25,0.01015611507204287,4
2010-05-26,0.02031223014408574,4
2010-05-27,0.8450643601223194,4
2010-05-28,8.66179684604721,4
2010-05-29,1.0957206435288545,4
2010-05-30,0.3348227824504221,4
2010-05-31,0.0,4
2010-06-01,2.1866026051672094,4
2010-06-02,3.5251955789877223,4
2010-06-03,0.7564360824989614,4
2010-06-04,4.23930546476574,4
2010-06-05,0.9664678775628225,4
2010-06-06,0.06594351145254268,4
2010-06-07,0.0,4
2010-06-08,0.0,4
2010-06-09,0.0,4
2010-06-10,0.0,4
2010-06-11,0.0,4
2010-06-12,0.16613508492828388,4
2010-06-13,0.23207859638082656,4
2010-06-14,0.17506409578711118,4
2010-06-15,0.0,4
2010-06-16,0.0,4
2010-06-17,0.0,4
2010-06-18,0.0,4
2010-06-19,0.0,4
2010-06-20,0.0,4
2010-06-21,0.0,4
2010-06-22,0.3101823781821951,4
2010-06-23,0.09891526717881402,4
2010-06-24,2.6506849297468364,4
2010-06-25,0.02031223014408574,4
2010-06-26,0.0,4
2010-06-27,2.0967140584648605,4
2010-06-28,0.06594351145254268,4
2010-06-29,0.0,4
2010-06-30,0.0,4
2010-07-01,0.0,4
2010-07-02,1.39675736418851,4
2010-07-03,1.683829546064045,4
2010-07-04,2.677901840774486,4
2010-07-05,5.908512348382726,4
2010-07-06,1.7312073175736633,4
2010-07-07,0.0,4
2010-07-08,0.0448132118329799,4
2010-07-09,0.4480412129298373,4
2010-07-10,11.758177724039031,4
2010-07-11,9.992805852009404,4
2010-07-12,2.6206440036251237,4
2010-07-13,0.0,4
2010-07-14,0.0,4
2010-07-15,0.9133379913264985,4
2010-07-16,3.7188076432670236,4
2010-07-17,0.9579154591802461,4
2010-07-18,13.54455645406902,4
2010-07-19,4.461253558583498,4
2010-07-20,0.11075672328552258,4
2010-07-21,0.0,4
2010-07-22,0.0,4
2010-07-23,0.0,4
2010-07-24,0.0,4
2010-07-25,4.863689024794292,4
2010-07-26,0.18267204658062214,4
2010-07-27,0.0,4
2010-07-28,0.5605198473466128,4
2010-07-29,0.0,4
2010-07-30,0.0448132118329799,4
2010-07-31,0.0,4
2010-08-01,0.0,4
2010-08-02,0.0,4
2010-08-03,0.02240660591648995,4
2010-08-04,0.0,4
2010-08-05,0.0,4
2010-08-06,0.0,4
2010-08-07,0.06721981774946985,4
2010-08-08,0.0,4
2010-08-09,0.0,4
2010-08-10,0.0,4
2010-08-11,0.3956610687152561,4
2010-08-12,0.7786626118483265,4
2010-08-13,0.0,4
2010-08-14,0.0,4
2010-08-15,0.7372200820846782,4
2010-08-16,9.100425381515171,4
2010-08-17,0.15556993511850248,4
2010-08-18,0.0,4
2010-08-19,0.49233877413135096,4
2010-08-20,0.0,4
2010-08-21,0.0,4
2010-08-22,0.0,4
2010-08-23,0.0,4
2010-08-24,0.0,4
2010-08-25,0.0,4
2010-08-26,0.0,4
2010-08-27,0.0,4
2010-08-28,0.0,4
2010-08-29,0.0,4
2010-08-30,0.0,4
2010-08-31,0.1648587786313567,4
2010-09-01,0.5025139865189141,4
2010-09-02,0.0,4
2010-09-03,0.0,4
2010-09-04,0.0,4
2010-09-05,0.0,4
2010-09-06,0.0,4
2010-09-07,0.0,4
2010-09-08,0.0,4
2010-09-09,0.9490356504051305,4
2010-09-10,4.055525954331375,4
2010-09-11,0.7230176884992987,4
2010-09-12,0.0,4
2010-09-13,0.0,4
2010-09-14,0.0,4
2010-09-15,0.0,4
2010-09-16,0.0,4
2010-09-17,0.0,4
2010-09-18,0.0,4
2010-09-19,0.6264633587991554,4
2010-09-20,1.745482138393374,4
2010-09-21,2.3177699811732984,4
2010-09-22,0.07528155704910851,4
2010-09-23,0.03446470868691056,4
2010-09-24,0.0,4
2010-09-25,0.0448132118329799,4
2010-09-26,0.0,4
2010-09-27,0.0,4
2010-09-28,1.3202363914192843,4
2010-09-29,2.496657844222471,4
2010-09-30,0.14372847901179392,4
2010-10-01,0.0,4
2010-10-02,20.168793494014487,4
2010-10-03,0.34155901336942196,4
2010-10-04,0.28408627595425645,4
2010-10-05,0.48956951487378464,4
2010-10-06,0.0,4
2010-10-07,0.0,4
2010-10-08,0.0,4
2010-10-09,0.4570251782419291,4
2010-10-10,0.6924068702516982,4
2010-10-11,0.8344500082288264,4
2010-10-12,0.15347555934609827,4
2010-10-13,0.1913109501023402,4
2010-10-14,0.09891526717881402,4
2010-10-15,0.0,4
2010-10-16,0.0,4
2010-10-17,0.0,4
2010-10-18,0.0,4
2010-10-19,19.681875773449022,4
2010-10-20,0.33609908874734923,4
2010-10-21,7.715390839947493,4
2010-10-22,0.14204313797712823,4
2010-10-23,0.0,4
2010-10-24,0.0,4
2010-10-25,0.07109280550430008,4
2010-10-26,0.0,4
2010-10-27,16.370054011153044,4
2010-10-28,5.077650381845786,4
2010-10-29,2.538825190922893,4
2010-10-30,0.0,4
2010-10-31,0.0,4
2010-11-01,14.268235681107516,4
2010-11-02,57.81664044871805,4
2010-11-03,5.3786377723143275,4
2010-11-04,4.023162052446815,4
2010-11-05,0.0448132118329799,4
2010-11-06,0.01015611507204287,4
2010-11-07,50.89069770911216,4
2010-11-08,12.775756996631223,4
2010-11-09,0.0,4
2010-11-10,0.0,4
2010-11-11,2.8803842042923153,4
2010-11-12,6.3056634839248,4
2010-11-13,2.9065099907553225,4
2010-11-14,14.312702270881086,4
2010-11-15,3.3085375557203434,4
2010-11-16,2.506510845900717,4
2010-11-17,3.772364289228261,4
2010-11-18,0.9056009124474829,4
2010-11-19,1.088067938966954,4
2010-11-20,0.06892941737382112,4
2010-11-21,0.0,4
2010-11-22,0.0,4
2010-11-23,20.105049797114997,4
2010-11-24,5.253126500469824,4
2010-11-25,3.11928339966531,4
2010-11-26,6.798954081904917,4
2010-11-27,0.0,4
2010-11-28,0.7159348760632864,4
2010-11-29,0.0,4
2010-11-30,0.0,4
2010-12-01,1.5523551713897221,4
2010-12-02,0.11203302958244975,4
2010-12-03,0.0,4
2010-12-04,6.075313021442961,4
2010-12-05,3.1777734084931004,4
2010-12-06,0.9891526717881403,4
2010-12-07,14.313984585439588,4
2010-12-08,1.7060485327020536,4
2010-12-09,5.6112253055164,4
2010-12-10,0.5275480916203414,4
2010-12-11,0.0,4
2010-12-12,0.0,4
2010-12-13,0.0,4
2010-12-14,0.0,4
2010-12-15,1.2093898120622584,4
2010-12-16,0.0,4
2010-12-17,0.0,4
2010-12-18,0.0,4
2010-12-19,0.0,4
2010-12-20,0.0,4
2010-12-21,0.0,4
2010-12-22,12.075325398166738,4
2010-12-23,3.5698837625157953,4
2010-12-24,20.194793250512305,4
2010-12-25,53.6675736659802,4
2010-12-26,0.7330313305398697,4
2010-12-27,35.299628688236574,4
2010-12-28,4.001401623110479,4
2010-12-29,85.85380765036224,4
2010-12-30,77.35111333967674,4
2010-12-31,23.083429827165563,4
2011-01-01,9.518454352064332,4
2011-01-02,6.796467237355144,4
2011-01-03,1.1373353866680485,4
2011-01-04,1.3115024705518974,4
2011-01-05,5.407066708376426,4
2011-01-06,0.6594351145254268,4
2011-01-07,0.6264633587991554,4
2011-01-08,0.0,4
2011-01-09,0.0,4
2011-01-10,0.0,4
2011-01-11,2.8355709924593353,4
2011-01-12,1.422603608423401,4
2011-01-13,0.7913221374305122,4
2011-01-14,9.17798954801014,4
2011-01-15,16.939619471430927,4
2011-01-16,5.090973814916464,4
2011-01-17,0.7515525153311724,4
2011-01-18,0.0,4
2011-01-19,0.0,4
2011-01-20,0.0,4
2011-01-21,1.6356822319037663,4
2011-01-22,0.0,4
2011-01-23,0.8572656488830549,4
2011-01-24,0.4616045801677987,4
2011-01-25,0.547327198351894,4
2011-01-26,0.5275480916203414,4
2011-01-27,0.49231380258282254,4
2011-01-28,0.01015611507204287,4
2011-01-29,0.0,4
2011-01-30,0.0,4
2011-01-31,0.0,4
2011-02-01,0.0,4
2011-02-02,0.0,4
2011-02-03,0.0,4
2011-02-04,0.0,4
2011-02-05,0.0,4
2011-02-06,0.0,4
2011-02-07,0.0,4
2011-02-08,0.0,4
2011-02-09,0.050780575360214346,4
2011-02-10,0.0,4
2011-02-11,0.0,4
2011-02-12,2.2402060646491866,4
2011-02-13,0.0,4
2011-02-14,0.0,4
2011-02-15,12.441759835974713,4
2011-02-16,0.0,4
2011-02-17,0.6924068702516982,4
2011-02-18,0.0,4
2011-02-19,0.3956610687152561,4
2011-02-20,0.6277396650960826,4
2011-02-21,6.2709061269001865,4
2011-02-22,0.0,4
2011-02-23,3.6928366413423896,4
2011-02-24,13.641746830173808,4
2011-02-25,3.4274802897076744,4
2011-02-26,12.36035308413214,4
2011-02-27,11.807714410562005,4
2011-02-28,2.0684629784495145,4
2011-03-01,35.10175848522883,4
2011-03-02,25.54392562219895,4
2011-03-03,17.00371880771768,4
2011-03-04,7.878915375366219,4
2011-03-05,2.8928635813089785,4
2011-03-06,17.664708335205013,4
2011-03-07,22.710480910551876,4
2011-03-08,56.90691088605283,4
2011-03-09,48.20122364644672,4
2011-03-10,4.502228578305823,4
2011-03-11,6.00757249184076,4
2011-03-12,17.69592799235737,4
2011-03-13,26.633095721709303,4
2011-03-14,10.980423074271386,4
2011-03-15,3.380807936629978,4
2011-03-16,29.15247075324819,4
2011-03-17,18.742194616746072,4
2011-03-18,1.709982713567274,4
2011-03-19,0.11075672328552258,4
2011-03-20,2.5717969466491644,4
2011-03-21,2.491197225050612,4
2011-03-22,3.243358463344244,4
2011-03-23,18.842062570973233,4
2011-03-24,7.2732599798895725,4
2011-03-25,0.0,4
2011-03-26,0.0,4
2011-03-27,5.660577616057433,4
2011-03-28,0.0,4
2011-03-29,0.0448132118329799,4
2011-03-30,33.407196653162174,4
2011-03-31,6.721559586754266,4
2011-04-01,13.895262598224063,4
2011-04-02,0.27034211919032725,4
2011-04-03,3.3123996127758146,4
2011-04-04,20.52330261102417,4
2011-04-05,13.27779498228815,4
2011-04-06,3.7660193935946626,4
2011-04-07,0.9891526717881403,4
2011-04-08,1.0747328169407635,4
2011-04-09,0.0,4
2011-04-10,0.0,4
2011-04-11,1.3472363353029988,4
2011-04-12,0.0,4
2011-04-13,0.0,4
2011-04-14,0.10339412606073169,4
2011-04-15,0.6892941737382112,4
2011-04-16,0.0,4
2011-04-17,1.9862429942011244,4
2011-04-18,1.727627852032199,4
2011-04-19,4.633734980952458,4
2011-04-20,7.292900231973208,4
2011-04-21,10.629078398348529,4
2011-04-22,4.474336777549065,4
2011-04-23,0.0,4
2011-04-24,1.1924174462604695,4
2011-04-25,1.3518419847771248,4
2011-04-26,0.17265395622472876,4
2011-04-27,3.110417626984449,4
2011-04-28,19.867424246663916,4
2011-04-29,6.31696274693835,3
2011-04-30,0.0,3
2011-05-01,0.0,4
2011-05-02,0.0,4
2011-05-03,0.0,4
2011-05-04,0.0,4
2011-05-05,0.0,4
2011-05-06,1.2199549618720396,4
2011-05-07,0.0,4
2011-05-08,0.0,4
2011-05-09,0.0,4
2011-05-10,0.0,4
2011-05-11,7.910253554070853,4
2011-05-12,0.0,4
2011-05-13,0.0,4
2011-05-14,0.09891526717881402,4
2011-05-15,0.0,4
2011-05-16,0.0,4
2011-05-17,0.0,4
2011-05-18,0.0,4
2011-05-19,0.0,4
2011-05-20,0.8572656488830549,4
2011-05-21,7.50567345326529,4
2011-05-22,2.741282162359071,4
2011-05-23,0.0,4
2011-05-24,0.0,4
2011-05-25,0.0,4
2011-05-26,0.0,4
2011-05-27,0.0,4
2011-05-28,0.0,4
2011-05-29,0.11203302958244975,4
2011-05-30,0.42863282444152745,4
2011-05-31,0.0,4
2011-06-01,0.0,4
2011-06-02,0.0,4
2011-06-03,0.0,4
2011-06-04,0.42863282444152745,4
2011-06-05,7.389225332887572,4
2011-06-06,0.4570251782419291,4
2011-06-07,0.0,4
2011-06-08,0.0,4
2011-06-09,0.0,4
2011-06-10,12.55625316392738,4
2011-06-11,0.0,4
2011-06-12,0.0,4
2011-06-13,0.0,4
2011-06-14,0.0,4
2011-06-15,0.24264374619060794,4
2011-06-16,0.5381316257868002,4
2011-06-17,0.0,4
2011-06-18,0.3639656192859119,4
2011-06-19,0.0,4
2011-06-20,0.0,4
2011-06-21,0.0,4
2011-06-22,0.0,4
2011-06-23,0.2637740458101707,4
2011-06-24,1.0550961832406829,4
2011-06-25,3.502943757609606,4
2011-06-26,0.0448132118329799,4
2011-06-27,0.06721981774946985,4
2011-06-28,3.2782754906757017,4
2011-06-29,1.1633494960160626,4
2011-06-30,0.0,4
2011-07-01,0.0,4
2011-07-02,0.0,4
2011-07-03,0.0,4
2011-07-04,0.0,4
2011-07-05,0.0,4
2011-07-06,0.0,4
2011-07-07,0.0,4
2011-07-08,0.42863282444152745,4
2011-07-09,0.13188702290508536,4
2011-07-10,0.0,4
2011-07-11,0.0,4
2011-07-12,0.0,4
2011-07-13,0.0,4
2011-07-14,0.0,4
2011-07-15,0.0,4
2011-07-16,0.4616045801677987,4
2011-07-17,0.0448132118329799,4
2011-07-18,0.0,4
2011-07-19,0.0,4
2011-07-20,0.0,4
2011-07-21,0.0,4
2011-07-22,0.0,4
2011-07-23,0.19783053435762804,4
2011-07-24,7.4924570880774635,4
2011-07-25,16.73919010266129,4
2011-07-26,5.869275092793181,4
2011-07-27,0.5605198473466128,4
2011-07-28,0.0,4
2011-07-29,0.0,4
2011-07-30,0.0,4
2011-07-31,0.0,4
2011-08-01,0.0,4
2011-08-02,0.0,4
2011-08-03,0.0,4
2011-08-04,0.09891526717881402,4
2011-08-05,0.23207859638082656,4
2011-08-06,0.02240660591648995,4
2011-08-07,0.0,4
2011-08-08,0.0,4
2011-08-09,0.0,4
2011-08-10,0.0,4
2011-08-11,2.074717200244952,4
2011-08-12,1.1413519248373112,4
2011-08-13,0.06594351145254268,4
2011-08-14,0.0,4
2011-08-15,0.0,4
2011-08-16,0.0,4
2011-08-17,0.0,4
2011-08-18,0.0,4
2011-08-19,0.0,4
2011-08-20,0.0,4
2011-08-21,0.2096719904643366,4
2011-08-22,0.5934916030728842,4
2011-08-23,1.6521009414143706,4
2011-08-24,0.19296618636881452,4
2011-08-25,0.0,4
2011-08-26,0.0,4
2011-08-27,0.0,4
2011-08-28,0.0,4
2011-08-29,0.0,4
2011-08-30,0.0,4
2011-08-31,0.0,4
2011-09-01,0.0,4
2011-09-02,0.13188702290508536,4
2011-09-03,0.0,4
2011-09-04,0.0,4
2011-09-05,0.0,4
2011-09-06,0.0,4
2011-09-07,0.0,4
2011-09-08,0.0,4
2011-09-09,0.0,4
2011-09-10,0.0,4
2011-09-11,0.0,4
2011-09-12,0.0,4
2011-09-13,0.0,4
2011-09-14,0.0,4
2011-09-15,14.246969395595432,4
2011-09-16,13.03623928839949,4
2011-09-17,0.2008164402789065,4
2011-09-18,7.211045430624333,4
2011-09-19,2.74154767473688,4
2011-09-20,0.327090058077776,4
2011-09-21,0.0,4
2011-09-22,0.0,4
2011-09-23,0.0,4
2011-09-24,0.0,4
2011-09-25,0.8361353492634921,4
2011-09-26,1.5207739584850226,4
2011-09-27,0.7230176884992987,4
2011-09-28,0.06594351145254268,4
2011-09-29,3.8063474885977078,4
2011-09-30,0.2859140900203941,4
2011-10-01,0.0,4
2011-10-02,0.0,4
2011-10-03,0.0,4
2011-10-04,1.6336350035020524,4
2011-10-05,5.667517373130197,4
2011-10-06,2.6120953863534773,4
2011-10-07,3.183068590452586,4
2011-10-08,0.0,4
2011-10-09,0.0,4
2011-10-10,0.0,4
2011-10-11,0.0,4
2011-10-12,0.0,4
2011-10-13,1.0374298366382118,4
2011-10-14,0.8902374046093262,4
2011-10-15,0.0448132118329799,4
2011-10-16,2.065796288894419,4
2011-10-17,28.9720563727682,4
2011-10-18,13.712841846230251,4
2011-10-19,2.870035701146246,4
2011-10-20,2.097122380243756,4
2011-10-21,0.5530096158161846,4
2011-10-22,9.900205761048836,4
2011-10-23,15.836567160945112,4
2011-10-24,12.502786361872538,4
2011-10-25,0.7853636424794201,4
2011-10-26,0.04062446028817148,4
2011-10-27,0.0,4
2011-10-28,0.0,4
2011-10-29,4.798296804085136,4
2011-10-30,0.0,4
2011-10-31,18.659859233073153,4
2011-11-01,14.7045645631737,4
2011-11-02,1.1132717980871756,4
2011-11-03,0.02031223014408574,4
2011-11-04,0.0,4
2011-11-05,0.0,4
2011-11-06,0.0,4
2011-11-07,0.0,4
2011-11-08,0.0,4
2011-11-09,4.139456957877855,4
2011-11-10,0.0,4
2011-11-11,0.0,4
2011-11-12,0.0,4
2011-11-13,1.7839755309490988,4
2011-11-14,8.542059014039882,4
2011-11-15,10.931962755513796,4
2011-11-16,11.889828564022705,4
2011-11-17,3.204088162232714,4
2011-11-18,0.7677560137411956,4
2011-11-19,13.642965253428788,4
2011-11-20,17.92690936178024,4
2011-11-21,0.8442954927305539,4
2011-11-22,0.13785883474764224,4
2011-11-23,7.330445854281621,4
2011-11-24,46.86676983996198,4
2011-11-25,13.554028760647972,4
2011-11-26,23.832498897256613,4
2011-11-27,32.70647619702037,4
2011-11-28,25.263868476465888,4
2011-11-29,14.36141074010001,4
2011-11-30,10.635696597553117,4
2011-12-01,6.326881386286079,4
2011-12-02,9.671418627450445,4
2011-12-03,26.578857541364684,4
2011-12-04,3.5404852617283638,4
2011-12-05,10.163582012166373,4
2011-12-06,17.71383611184495,4
2011-12-07,32.22186265370752,4
2011-12-08,47.273318396980955,4
2011-12-09,0.2757176694952845,4
2011-12-10,9.506897421487444,4
2011-12-11,7.513297638540088,4
2011-12-12,15.424957950338495,4
2011-12-13,27.436427067780485,4
2011-12-14,10.298109498888854,4
2011-12-15,1.0646134705820751,4
2011-12-16,0.6527972877738502,4
2011-12-17,6.718446918295282,4
2011-12-18,5.6157959751299416,4
2011-12-19,0.23422217423694236,4
2011-12-20,3.2320914511331438,4
2011-12-21,0.0,4
2011-12-22,0.11203302958244975,4
2011-12-23,0.0,4
2011-12-24,0.0,4
2011-12-25,0.0,4
2011-12-26,1.254769931323437,4
2011-12-27,1.7804748092186524,4
2011-12-28,0.0,4
2011-12-29,36.63426068113,4
2011-12-30,4.5012635435396575,4
2011-12-31,10.135088967774927,4
2012-01-01,2.1752532163611766,4
2012-01-02,16.404145773801762,4
2012-01-03,54.82121899861181,4
2012-01-04,16.374217079679518,4
2012-01-05,25.676920762690536,4
2012-01-06,26.605008995279423,4
2012-01-07,0.0,4
2012-01-08,0.0,4
2012-01-09,27.456127641656884,4
2012-01-10,38.176708193429825,4
2012-01-11,15.706186595510035,4
2012-01-12,0.6924068702516982,4
2012-01-13,1.9717813206511157,4
2012-01-14,0.0,4
2012-01-15,0.0,4
2012-01-16,0.0,4
2012-01-17,0.0,4
2012-01-18,0.0,4
2012-01-19,0.0,4
2012-01-20,0.09891526717881402,4
2012-01-21,8.021564918103401,4
2012-01-22,0.0,4
2012-01-23,0.42863282444152745,4
2012-01-24,1.171800095354959,4
2012-01-25,0.24647266508138946,4
2012-01-26,0.0,4
2012-01-27,0.0,4
2012-01-28,0.4616045801677987,4
2012-01-29,0.0,4
2012-01-30,0.981070381200793,4
2012-01-31,0.3783596879864748,4
2012-02-01,0.37996500921039456,4
2012-02-02,0.4616045801677987,4
2012-02-03,0.8902374046093262,4
2012-02-04,0.3190283187781374,4
2012-02-05,0.7913221374305122,4
2012-02-06,1.0758402527400044,4
2012-02-07,0.448132118329799,4
2012-02-08,0.7842312070771482,4
2012-02-09,0.0,4
2012-02-10,0.15684624141542963,4
2012-02-11,0.0,4
2012-02-12,0.0,4
2012-02-13,0.0,4
2012-02-14,7.849629815812815,4
2012-02-15,6.154340068939794,4
2012-02-16,7.504375630515703,4
2012-02-17,1.5535014380255343,4
2012-02-18,4.0159347562102035,4
2012-02-19,2.943532059021077,4
2012-02-20,0.0,4
2012-02-21,3.4776298237755054,4
2012-02-22,0.692194643848806,4
2012-02-23,0.0,4
2012-02-24,0.0,4
2012-02-25,0.0,4
2012-02-26,0.0,4
2012-02-27,0.0,4
2012-02-28,0.0,4
2012-02-29,2.757176694952845,4
2012-03-01,0.0,4
2012-03-02,0.0,4
2012-03-03,0.0,4
2012-03-04,0.0,4
2012-03-05,0.5605198473466128,4
2012-03-06,0.0,4
2012-03-07,1.1591166756072055,4
2012-03-08,4.078002276801171,4
2012-03-09,15.199979389811089,4
2012-03-10,11.25674146191162,4
2012-03-11,1.0550961832406829,4
2012-03-12,0.0,4
2012-03-13,0.0,4
2012-03-14,0.0,4
2012-03-15,0.0,4
2012-03-16,5.686676933340243,4
2012-03-17,14.589515573089624,4
2012-03-18,0.44356235404791966,4
2012-03-19,1.2057293431360403,4
2012-03-20,2.4743701937611124,4
2012-03-21,0.0896264236659598,4
2012-03-22,0.0,4
2012-03-23,0.0,4
2012-03-24,0.5024699176548654,4
2012-03-25,0.0,4
2012-03-26,0.0,4
2012-03-27,0.0,4
2012-03-28,0.0,4
2012-03-29,1.4116161727388667,4
2012-03-30,9.349600143348358,4
2012-03-31,0.6264633587991554,4
2012-04-01,10.261847918284328,4
2012-04-02,15.989597746623087,4
2012-04-03,0.0,4
2012-04-04,4.093602935245355,4
2012-04-05,0.0448132118329799,4
2012-04-06,4.604811006410522,4
2012-04-07,11.668494615088509,4
2012-04-08,0.0,4
2012-04-09,0.24647266508138946,4
2012-04-10,0.2240660591648995,4
2012-04-11,1.9686618006290622,4
2012-04-12,1.624550174665786,4
2012-04-13,0.06594351145254268,4
2012-04-14,0.0,4
2012-04-15,0.0,4
2012-04-16,0.0,4
2012-04-17,0.0,4
2012-04-18,0.0,4
2012-04-19,0.0,4
2012-04-20,0.0,4
2012-04-21,0.0,4
2012-04-22,0.0,4
2012-04-23,2.3843736710018,4
2012-04-24,12.147387742861532,4
2012-04-25,0.11075672328552258,4
2012-04-26,0.0,4
2012-04-27,0.0,4
2012-04-28,0.0,4
2012-04-29,0.0,4
2012-04-30,0.0,4
2012-05-01,0.0,4
2012-05-02,5.2217461299261165,4
2012-05-03,0.0,4
2012-05-04,3.9567531601840327,4
2012-05-05,4.392397159539396,4
2012-05-06,0.331545371328851,4
2012-05-07,1.2858984733245822,4
2012-05-08,6.990012213969524,4
2012-05-09,8.052969807001896,4
2012-05-10,0.0,4
2012-05-11,0.0,4
2012-05-12,0.0,4
2012-05-13,0.0,4
2012-05-14,9.205588610021742,4
2012-05-15,18.087401815600312,4
2012-05-16,8.77600381297974,4
2012-05-17,0.02240660591648995,4
2012-05-18,0.0448132118329799,4
2012-05-19,3.562167433541255,4
2012-05-20,1.458415089737502,4
2012-05-21,0.17670023473806526,4
2012-05-22,5.698977355116637,4
2012-05-23,0.08835011736903263,4
2012-05-24,0.9634840544090678,4
2012-05-25,0.0,4
2012-05-26,0.0,4
2012-05-27,0.0,4
2012-05-28,0.02240660591648995,4
2012-05-29,0.0,4
2012-05-30,0.0,4
2012-05-31,0.0,4
2012-06-01,10.091880040002518,4
2012-06-02,2.474591355848014,4
2012-06-03,0.2742151069451575,4
2012-06-04,0.0,4
2012-06-05,0.0,4
2012-06-06,0.0,4
2012-06-07,0.8902374046093262,4
2012-06-08,1.5631518044813193,4
2012-06-09,1.3426210762393849,4
2012-06-10,8.256168349275908,4
2012-06-11,25.50030878754402,4
2012-06-12,1.4034966175051464,4
2012-06-13,5.795448986103794,4
2012-06-14,5.971306222557129,4
2012-06-15,0.3757762576655862,4
2012-06-16,0.0,4
2012-06-17,0.0,4
2012-06-18,0.0,4
2012-06-19,0.0,4
2012-06-20,0.0,4
2012-06-21,0.0,4
2012-06-22,0.0,4
2012-06-23,0.0,4
2012-06-24,0.09891526717881402,4
2012-06-25,0.0,4
2012-06-26,0.0,4
2012-06-27,1.7145312977661098,4
2012-06-28,3.920568943613616,4
2012-06-29,0.0,4
2012-06-30,0.0,4
2012-07-01,0.0,4
2012-07-02,0.0,4
2012-07-03,0.0,4
2012-07-04,0.4616045801677987,4
2012-07-05,0.6843943330357711,4
2012-07-06,1.2633677787332978,4
2012-07-07,0.6949594828455524,4
2012-07-08,0.0,4
2012-07-09,0.5288243979172685,4
2012-07-10,0.0,4
2012-07-11,0.0,4
2012-07-12,0.0,4
2012-07-13,0.0,4
2012-07-14,0.0,4
2012-07-15,0.0,4
2012-07-16,1.747503053492381,4
2012-07-17,6.767950994985748,4
2012-07-18,1.1986978716602685,4
2012-07-19,0.0,4
2012-07-20,0.0,4
2012-07-21,0.0,4
2012-07-22,0.0,4
2012-07-23,0.0,4
2012-07-24,0.0,4
2012-07-25,0.0,4
2012-07-26,0.0,4
2012-07-27,0.0,4
2012-07-28,0.0,4
2012-07-29,0.0,4
2012-07-30,0.0,4
2012-07-31,2.0442488550288234,4
2012-08-01,7.434744777517634,4
2012-08-02,5.697780692041228,4
2012-08-03,0.0,4
2012-08-04,0.0,4
2012-08-05,0.0,4
2012-08-06,1.816973036937192,4
2012-08-07,0.0,4
2012-08-08,0.0,4
2012-08-09,1.9200145366856378,4
2012-08-10,0.1344396354989397,4
2012-08-11,0.8473944798739559,4
2012-08-12,3.3144970560559988,4
2012-08-13,5.403176976688766,4
2012-08-14,11.136906832469464,4
2012-08-15,18.493216039342926,4
2012-08-16,13.600894069731112,4
2012-08-17,7.3625022576918475,4
2012-08-18,20.953757549869785,4
2012-08-19,14.67323874123491,4
2012-08-20,9.03238135451975,4
2012-08-21,2.634732238605419,4
2012-08-22,5.432465729486486,4
2012-08-23,6.022737793480886,4
2012-08-24,5.345251163726315,4
2012-08-25,2.042617849297532,4
2012-08-26,0.5119945051469519,4
2012-08-27,1.5354167675760597,4
2012-08-28,0.0448132118329799,4
2012-08-29,12.155460056033775,4
2012-08-30,15.288274285377572,4
2012-08-31,0.0,4
2012-09-01,0.0,4
2012-09-02,0.0,4
2012-09-03,0.0,4
2012-09-04,2.6707122138279784,4
2012-09-05,0.0,4
2012-09-06,0.0,4
2012-09-07,0.0,4
2012-09-08,0.24861110971784237,4
2012-09-09,0.0,4
2012-09-10,0.0,4
2012-09-11,0.0,4
2012-09-12,0.0,4
2012-09-13,0.0,4
2012-09-14,2.050252987269412,4
2012-09-15,3.4773140758749195,4
2012-09-16,0.09891526717881402,4
2012-09-17,1.504389079453644,4
2012-09-18,0.0,4
2012-09-19,0.0,4
2012-09-20,0.0,4
2012-09-21,4.57094760696395,4
2012-09-22,2.2912042141381157,4
2012-09-23,0.0,4
2012-09-24,0.28745695802358784,4
2012-09-25,0.0,4
2012-09-26,20.223185736615974,4
2012-09-27,11.258537975649064,4
2012-09-28,0.0,4
2012-09-29,0.0448132118329799,4
2012-09-30,0.0,4
2012-10-01,0.0,4
2012-10-02,0.0,4
2012-10-03,0.0,4
2012-10-04,0.0,4
2012-10-05,0.10784427803764132,4
2012-10-06,0.0,4
2012-10-07,1.9737259416504107,4
2012-10-08,1.6099035460547617,4
2012-10-09,2.799486540219577,4
2012-10-10,3.1491366846979862,4
2012-10-11,0.0,4
2012-10-12,0.0,4
2012-10-13,0.7621793005950224,4
2012-10-14,1.4625987080626475,4
2012-10-15,0.3559530820699849,4
2012-10-16,0.0,4
2012-10-17,0.0,4
2012-10-18,3.8032925263744604,4
2012-10-19,1.6983975343184496,4
2012-10-20,0.0,4
2012-10-21,0.0,4
2012-10-22,0.0,4
2012-10-23,0.0,4
2012-10-24,11.737945038552597,4
2012-10-25,7.322029812781153,4
2012-10-26,0.0,4
2012-10-27,0.0,4
2012-10-28,0.0,4
2012-10-29,0.0,4
2012-10-30,5.825717538287387,4
2012-10-31,0.0,4
2012-11-01,8.583133639695712,4
2012-11-02,11.43763398256334,4
2012-11-03,1.2184138122122519,4
2012-11-04,11.223087316806946,4
2012-11-05,4.973898433900154,4
2012-11-06,4.006547508529927,4
2012-11-07,4.791803878265782,4
2012-11-08,15.499351806404162,4
2012-11-09,26.27498422022302,4
2012-11-10,6.963445849595007,4
2012-11-11,11.506153225786296,4
2012-11-12,1.2767448026925057,4
2012-11-13,4.408926423807506,4
2012-11-14,41.09445888812309,4
2012-11-15,8.60515801670869,4
2012-11-16,16.523236375009947,4
2012-11-17,1.7156786745942996,4
2012-11-18,2.352938280250379,4
2012-11-19,5.184710751012844,4
2012-11-20,0.0,4
2012-11-21,9.215334352003367,4
2012-11-22,0.0,4
2012-11-23,0.0,4
2012-11-24,0.0,4
2012-11-25,39.90853070964764,4
2012-11-26,28.055908149815757,4
2012-11-27,4.059269376411937,4
2012-11-28,1.4494091752745184,4
2012-11-29,5.064602577351501,4
2012-11-30,24.392877551715795,4
2012-12-01,22.188625394813005,4
2012-12-02,9.071165291529766,4
2012-12-03,0.0,4
2012-12-04,3.495430522972432,4
2012-12-05,0.0,4
2012-12-06,2.9501972446795364,4
2012-12-07,0.0,4
2012-12-08,0.0,4
2012-12-09,0.0,4
2012-12-10,9.291630340646039,4
2012-12-11,16.436269127408476,4
2012-12-12,4.484158778772902,4
2012-12-13,24.830164802791167,4
2012-12-14,0.0,4
2012-12-15,0.15684624141542963,4
2012-12-16,0.0,4
2012-12-17,0.0,4
2012-12-18,4.714961068856802,4
2012-12-19,6.8005149527850275,4
2012-12-20,4.375719883023005,4
2012-12-21,0.02240660591648995,4
2012-12-22,0.0,4
2012-12-23,0.11203302958244975,4
2012-12-24,0.0,4
2012-12-25,0.0,4
2012-12-26,0.0,4
2012-12-27,0.0,4
2012-12-28,0.0,4
2012-12-29,0.0,4
2012-12-30,0.0,4
2012-12-31,0.0,4
2013-01-01,0.0,4
2013-01-02,0.0448132118329799,4
2013-01-03,0.0,4
2013-01-04,0.06721981774946985,4
2013-01-05,3.6928366413423896,4
2013-01-06,2.102347229901544,4
2013-01-07,0.0,4
2013-01-08,0.0,4
2013-01-09,0.0,4
2013-01-10,0.0,4
2013-01-11,6.686153485260649,4
2013-01-12,3.087703478649731,4
2013-01-13,0.4679861116524346,4
2013-01-14,0.02240660591648995,4
2013-01-15,0.0,4
2013-01-16,1.723235434345528,4
2013-01-17,10.875065189637859,4
2013-01-18,21.240718489279395,4
2013-01-19,12.752714573029444,4
2013-01-20,26.432026760063348,4
2013-01-21,5.487056406682573,4
2013-01-22,0.8600225966337196,4
2013-01-23,6.101412638600055,4
2013-01-24,2.0034767700804594,4
2013-01-25,0.0,4
2013-01-26,0.7487068387570226,4
2013-01-27,7.149046102105118,4
2013-01-28,13.377467995834632,4
2013-01-29,38.40729029610161,4
2013-01-30,38.75465083188838,4
2013-01-31,38.267579233431256,4
2013-02-01,15.94777535216349,4
2013-02-02,4.925943196979125,4
2013-02-03,0.0,4
2013-02-04,0.0,4
2013-02-05,9.455923517256844,4
2013-02-06,24.795983589770497,4
2013-02-07,2.888332843960773,4
2013-02-08,0.0,4
2013-02-09,0.0,4
2013-02-10,0.0,4
2013-02-11,0.0,4
2013-02-12,0.0,4
2013-02-13,0.0,4
2013-02-14,0.0,4
2013-02-15,0.0,4
2013-02-16,0.0,4
2013-02-17,0.0,4
2013-02-18,0.0,4
2013-02-19,0.0,4
2013-02-20,0.0,4
2013-02-21,0.0,4
2013-02-22,0.0,4
2013-02-23,0.0,4
2013-02-24,0.7926882997989428,4
2013-02-25,0.0,4
2013-02-26,0.0,4
2013-02-27,0.0,4
2013-02-28,54.741236396529025,4
2013-03-01,20.56113288324552,4
2013-03-02,16.14146846581952,4
2013-03-03,5.267311394573049,4
2013-03-04,0.02240660591648995,4
2013-03-05,0.0,4
2013-03-06,0.0,4
2013-03-07,0.4616045801677987,4
2013-03-08,0.11203302958244975,4
2013-03-09,0.21327841651290025,4
2013-03-10,0.30468345216128606,4
2013-03-11,1.936966351199718,4
2013-03-12,9.433499860258657,4
2013-03-13,5.967887786455113,4
2013-03-14,7.866845560947897,4
2013-03-15,3.4631917021002865,4
2013-03-16,4.742987781524619,4
2013-03-17,3.2351435189305415,4
2013-03-18,3.08235016027594,4
2013-03-19,29.86568996714802,4
2013-03-20,8.152371355136166,4
2013-03-21,14.23568214512828,4
2013-03-22,0.0,4
2013-03-23,0.42863282444152745,4
2013-03-24,5.49671306166054,4
2013-03-25,14.8599696193658,4
2013-03-26,0.34155901336942196,4
2013-03-27,2.163252510345131,4
2013-03-28,22.535206812755327,4
2013-03-29,13.556440612632597,4
2013-03-30,16.255245091500065,4
2013-03-31,3.4670978291860544,4
2013-04-01,2.7984692248630574,4
2013-04-02,2.113862681313787,4
2013-04-03,1.6001578635836406,4
2013-04-04,13.138579324146399,4
2013-04-05,3.8469911680648554,4
2013-04-06,2.9344862596381494,4
2013-04-07,0.957673869022508,4
2013-04-08,44.067087413558596,4
2013-04-09,17.342355627143466,4
2013-04-10,21.013946314021325,4
2013-04-11,3.818728891625516,4
2013-04-12,1.1257902204465702,4
2013-04-13,0.0,4
2013-04-14,0.0,4
2013-04-15,0.0,4
2013-04-16,0.2008164402789065,4
2013-04-17,0.0,4
2013-04-18,0.6296791344666579,4
2013-04-19,0.0,4
2013-04-20,0.0,4
2013-04-21,0.0,4
2013-04-22,0.1792528473319196,4
2013-04-23,0.6936831765486252,4
2013-04-24,0.0,4
2013-04-25,0.0,4
2013-04-26,0.0,4
2013-04-27,0.0,4
2013-04-28,0.0,4
2013-04-29,0.8650608264764269,4
2013-04-30,0.0,4
2013-05-01,0.0,4
2013-05-02,0.0448132118329799,4
2013-05-03,0.0,4
2013-05-04,0.0,4
2013-05-05,0.0,4
2013-05-06,0.0,4
2013-05-07,0.0,4
2013-05-08,0.0,4
2013-05-09,0.0,4
2013-05-10,0.0,4
2013-05-11,0.6924068702516982,4
2013-05-12,0.31210041274395395,4
2013-05-13,0.0,4
2013-05-14,0.15056311409821702,4
2013-05-15,0.0,4
2013-05-16,0.0,4
2013-05-17,0.0,4
2013-05-18,9.258476729294117,4
2013-05-19,2.5756258655399464,4
2013-05-20,2.864024450316089,4
2013-05-21,0.0,4
2013-05-22,0.0,4
2013-05-23,9.509211606593711,4
2013-05-24,7.527030196755958,4
2013-05-25,12.319728036472863,4
2013-05-26,0.3585056946638392,4
2013-05-27,1.1374848880688013,4
2013-05-28,0.8065469075936765,4
2013-05-29,4.9281178121077645,4
2013-05-30,4.951132664344585,4
2013-05-31,0.0,4
2013-06-01,1.945333587850009,4
2013-06-02,0.0,4
2013-06-03,0.3757762576655862,4
2013-06-04,8.673521862164545,4
2013-06-05,4.391491715159723,4
2013-06-06,0.0,4
2013-06-07,0.0,4
2013-06-08,1.171800095354959,4
2013-06-09,9.67903727146035,4
2013-06-10,0.4852874923812159,4
2013-06-11,0.5179618686741863,4
2013-06-12,0.11171726579247157,4
2013-06-13,0.0,4
2013-06-14,2.1368119385884548,4
2013-06-15,0.0,4
2013-06-16,2.6946062847067727,4
2013-06-17,0.13316332920201251,4
2013-06-18,0.030468345216128605,4
2013-06-19,0.050780575360214346,4
2013-06-20,0.0,4
2013-06-21,0.0,4
2013-06-22,0.0,4
2013-06-23,0.1320294959365573,4
2013-06-24,3.0604984770049177,4
2013-06-25,4.918371781101918,4
2013-06-26,0.0,4
2013-06-27,0.0,4
2013-06-28,0.548430213890315,4
2013-06-29,0.0,4
2013-06-30,0.0,4
2013-07-01,0.0,4
2013-07-02,0.06594351145254268,4
2013-07-03,1.2330727242756752,4
2013-07-04,0.7596266880011681,4
2013-07-05,1.1523917068666492,4
2013-07-06,1.0339412606073168,4
2013-07-07,0.41357650424292675,4
2013-07-08,1.9783053435762805,4
2013-07-09,1.869803853451311,4
2013-07-10,7.413822670274817,4
2013-07-11,1.1490046293992113,4
2013-07-12,0.0,4
2013-07-13,0.5605198473466128,4
2013-07-14,1.6526873227473173,4
2013-07-15,0.04271883606057569,4
2013-07-16,5.917164606495857,4
2013-07-17,0.0,4
2013-07-18,0.0,4
2013-07-19,0.050780575360214346,4
2013-07-20,0.030468345216128605,4
2013-07-21,0.01015611507204287,4
2013-07-22,0.0,4
2013-07-23,0.0,4
2013-07-24,0.1333799758657246,4
2013-07-25,0.0,4
2013-07-26,0.13188702290508536,4
2013-07-27,0.861617717172764,4
2013-07-28,0.1648587786313567,4
2013-07-29,0.0,4
2013-07-30,0.0,4
2013-07-31,0.0,4
2013-08-01,0.0,4
2013-08-02,0.0,4
2013-08-03,0.0,4
2013-08-04,0.0,4
2013-08-05,0.0,4
2013-08-06,0.0,4
2013-08-07,0.0,4
2013-08-08,0.0,4
2013-08-09,0.0,4
2013-08-10,0.0,4
2013-08-11,0.0,4
2013-08-12,0.30057472042722355,4
2013-08-13,0.0,4
2013-08-14,0.0,4
2013-08-15,0.06594351145254268,4
2013-08-16,0.0,4
2013-08-17,0.02240660591648995,4
2013-08-18,2.0412850688207014,4
2013-08-19,9.232177574153042,4
2013-08-20,2.929621911649336,4
2013-08-21,9.198932548831445,4
2013-08-22,0.9692986784655047,4
2013-08-23,0.0,4
2013-08-24,0.02240660591648995,4
2013-08-25,0.02240660591648995,4
2013-08-26,3.5749525053590903,4
2013-08-27,0.0,4
2013-08-28,24.96556030865291,4
2013-08-29,1.7251948517433142,4
2013-08-30,0.030468345216128605,4
2013-08-31,0.0,4
2013-09-01,0.0,4
2013-09-02,0.0,4
2013-09-03,0.0,4
2013-09-04,0.19783053435762804,4
2013-09-05,5.957780839168332,4
2013-09-06,2.6744877747454465,4
2013-09-07,2.7546070179459363,4
2013-09-08,0.09891526717881402,4
2013-09-09,0.3297175572627134,4
2013-09-10,0.14218561100860017,4
2013-09-11,1.0553811293036268,4
2013-09-12,5.6872916671223095,4
2013-09-13,0.0,4
2013-09-14,0.8290444189101281,4
2013-09-15,0.02240660591648995,4
2013-09-16,0.0,4
2013-09-17,0.0,4
2013-09-18,0.11171726579247157,4
2013-09-19,1.5072099599320612,4
2013-09-20,0.0,4
2013-09-21,0.0,4
2013-09-22,0.0,4
2013-09-23,0.02240660591648995,4
2013-09-24,0.0,4
2013-09-25,2.994658823419684,4
2013-09-26,8.149936812987303,4
2013-09-27,0.0,4
2013-09-28,0.10339412606073169,4
2013-09-29,0.19783053435762804,4
2013-09-30,1.4486423248958262,4
2013-10-01,0.11203302958244975,4
2013-10-02,5.4640226070481885,4
2013-10-03,14.388490189452398,4
2013-10-04,0.40624460288171477,4
2013-10-05,10.193618543562105,4
2013-10-06,8.138115387905065,4
2013-10-07,0.8178456587528666,4
2013-10-08,10.083388168879358,4
2013-10-09,12.840068420214601,4
2013-10-10,5.607769171746993,4
2013-10-11,0.13188702290508536,4
2013-10-12,6.090973230054024,4
2013-10-13,1.0438554369868964,4
2013-10-14,0.21778293184768685,4
2013-10-15,0.0,4
2013-10-16,0.0,4
2013-10-17,0.288733264320515,4
2013-10-18,0.08543767212115139,4
2013-10-19,0.4929453301627789,4
2013-10-20,0.7477852318944594,4
2013-10-21,0.0,4
2013-10-22,1.6087711106524898,4
2013-10-23,0.09891526717881402,4
2013-10-24,0.0,4
2013-10-25,0.06594351145254268,4
2013-10-26,0.06093669043225721,4
2013-10-27,0.030468345216128605,4
2013-10-28,0.2637740458101707,4
2013-10-29,0.09891526717881402,4
2013-10-30,0.5721323452827076,4
2013-10-31,3.923078134547814,4
2013-11-01,12.963600956918476,4
2013-11-02,3.887572150584366,4
2013-11-03,1.521992530491711,4
2013-11-04,0.0,4
2013-11-05,0.0,4
2013-11-06,4.524763749266933,4
2013-11-07,5.064872149290294,4
2013-11-08,11.97688305110802,4
2013-11-09,19.26311006959009,4
2013-11-10,10.707092508159185,4
2013-11-11,2.340994656565265,4
2013-11-12,0.0,4
2013-11-13,0.0,4
2013-11-14,0.0,4
2013-11-15,2.143164122207637,4
2013-11-16,1.3760918044187411,4
2013-11-17,0.06721981774946985,4
2013-11-18,1.3307403359535652,4
2013-11-19,5.968554354436788,4
2013-11-20,0.0,4
2013-11-21,0.0,4
2013-11-22,0.0,4
2013-11-23,0.02240660591648995,4
2013-11-24,1.9244154962242814,4
2013-11-25,28.70129459477969,4
2013-11-26,23.27588036099045,4
2013-11-27,56.986689872469405,4
2013-11-28,2.810332872681321,4
2013-11-29,0.979646468652731,4
2013-11-30,6.032186228027607,4
2013-12-01,0.220237140274118,4
2013-12-02,0.0,4
2013-12-03,0.0,4
2013-12-04,0.9140503564838582,4
2013-12-05,1.6550212059099358,4
2013-12-06,54.23978179058393,4
2013-12-07,10.636484583922162,4
2013-12-08,5.007592968621404,4
2013-12-09,8.061115958318597,4
2013-12-10,0.02031223014408574,4
2013-12-11,7.964297476403881,4
2013-12-12,48.86035157896934,4
2013-12-13,25.152311743857055,4
2013-12-14,11.959662171587027,4
2013-12-15,11.696387331145159,4
2013-12-16,28.544587402022827,4
2013-12-17,65.22689431317444,4
2013-12-18,55.30032395070203,4
2013-12-19,37.2421110405847,4
2013-12-20,3.8738556672863784,4
2013-12-21,63.447520980702215,4
2013-12-22,53.177804362964416,4
2013-12-23,29.517012447356908,4
2013-12-24,39.04166477831416,4
2013-12-25,13.084504825480751,4
2013-12-26,23.18045875507123,4
2013-12-27,10.870511162589198,4
2013-12-28,0.0,4
2013-12-29,0.4265568330258005,4
2013-12-30,0.0,4
2013-12-31,0.0,4
2014-01-01,0.0,4
2014-01-02,0.4616045801677987,4
2014-01-03,0.0,4
2014-01-04,0.0,4
2014-01-05,0.0,4
2014-01-06,0.0,4
2014-01-07,0.0,4
2014-01-08,0.23080229008389935,4
2014-01-09,0.19783053435762804,4
2014-01-10,0.547047385508613,4
2014-01-11,2.9726947559959878,4
2014-01-12,0.0,4
2014-01-13,0.0,4
2014-01-14,0.0,4
2014-01-15,0.0,4
2014-01-16,0.0,4
2014-01-17,0.0,4
2014-01-18,0.0,4
2014-01-19,9.678065348313002,4
2014-01-20,0.8095451250218566,4
2014-01-21,7.586224215340793,4
2014-01-22,2.625453397160673,4
2014-01-23,2.6487676287882276,4
2014-01-24,0.06093669043225721,4
2014-01-25,0.0,4
2014-01-26,0.0,4
2014-01-27,0.0,4
2014-01-28,0.0,4
2014-01-29,0.0,4
2014-01-30,0.0,4
2014-01-31,0.0,4
2014-02-01,0.0,4
2014-02-02,0.0,4
2014-02-03,0.0,4
2014-02-04,0.0,4
2014-02-05,0.0,4
2014-02-06,0.1991068406545552,4
2014-02-07,0.0,4
2014-02-08,0.0,4
2014-02-09,0.0,4
2014-02-10,0.0,4
2014-02-11,0.0,4
2014-02-12,0.0,4
2014-02-13,0.0896264236659598,4
2014-02-14,0.0,4
2014-02-15,5.011706870393243,4
2014-02-16,0.288733264320515,4
2014-02-17,3.1066314277933422,4
2014-02-18,21.148670314133266,4
2014-02-19,17.762322845124395,4
2014-02-20,0.8168512480667443,4
2014-02-21,11.001039618221933,4
2014-02-22,1.72566335500409,4
2014-02-23,0.09891526717881402,4
2014-02-24,0.42090523328854423,4
2014-02-25,0.7656975889154886,4
2014-02-26,0.2237502953749213,4
2014-02-27,0.0,4
2014-02-28,0.0,4
2014-03-01,0.0,4
2014-03-02,0.6946047834111885,4
2014-03-03,11.461027889004031,4
2014-03-04,0.0,4
2014-03-05,4.298253019266693,4
2014-03-06,0.0,4
2014-03-07,0.0,4
2014-03-08,0.0,4
2014-03-09,0.0,4
2014-03-10,0.0,4
2014-03-11,6.444900524452275,4
2014-03-12,0.863127308092172,4
2014-03-13,2.8020808121857868,4
2014-03-14,1.6468412521685107,4
2014-03-15,0.5385062012499777,4
2014-03-16,0.13785883474764224,4
2014-03-17,0.0,4
2014-03-18,0.0,4
2014-03-19,0.0,4
2014-03-20,0.0,4
2014-03-21,0.0,4
2014-03-22,5.856740412788529,4
2014-03-23,4.414655876424476,4
2014-03-24,3.341435524049048,4
2014-03-25,0.15684624141542963,4
2014-03-26,6.854797400423295,4
2014-03-27,0.48702203549959316,4
2014-03-28,4.748261821101009,4
2014-03-29,6.6055141530816,4
2014-03-30,8.6462908614533,4
2014-03-31,2.2701919144541796,4
2014-04-01,3.272817583066702,4
2014-04-02,7.404201389548517,4
2014-04-03,10.148590604545252,4
2014-04-04,30.346359081603744,4
2014-04-05,32.81656842796596,4
2014-04-06,0.99193761348497,4
2014-04-07,0.0,4
2014-04-08,0.0,4
2014-04-09,1.0221244275144117,4
2014-04-10,0.2742151069451575,4
2014-04-11,0.9059886171842194,4
2014-04-12,0.0,4
2014-04-13,0.0,4
2014-04-14,0.0,4
2014-04-15,0.0,4
2014-04-16,16.93409802714828,4
2014-04-17,2.7140361641129034,4
2014-04-18,2.607259757434782,4
2014-04-19,2.46646480994496,4
2014-04-20,6.9312595992192705,4
2014-04-21,8.831481235639762,4
2014-04-22,0.16890434418585026,4
2014-04-23,3.3164238494955542,4
2014-04-24,9.13914814801972,4
2014-04-25,18.367359097272605,4
2014-04-26,0.02240660591648995,4
2014-04-27,1.5167007634084815,4
2014-04-28,0.0,4
2014-04-29,0.0,4
2014-04-30,0.23080229008389935,4
2014-05-01,1.648587786313567,4
2014-05-02,0.0,4
2014-05-03,0.0,4
2014-05-04,0.7173660887620423,4
2014-05-05,0.0,4
2014-05-06,0.0,4
2014-05-07,0.0,4
2014-05-08,0.0,4
2014-05-09,2.0953143764519813,4
2014-05-10,32.019886100700504,4
2014-05-11,0.18726538454784664,4
2014-05-12,1.0653066336161001,4
2014-05-13,0.11922749732289975,4
2014-05-14,0.1344396354989397,4
2014-05-15,0.11203302958244975,4
2014-05-16,0.0,4
2014-05-17,0.0,4
2014-05-18,0.0,4
2014-05-19,0.02031223014408574,4
2014-05-20,0.0,4
2014-05-21,0.0,4
2014-05-22,0.0,4
2014-05-23,0.0,4
2014-05-24,0.0,4
2014-05-25,0.09891526717881402,4
2014-05-26,0.1344396354989397,4
2014-05-27,0.06594351145254268,4
2014-05-28,2.231989192276449,4
2014-05-29,0.0,4
2014-05-30,0.0,4
2014-05-31,0.0,4
2014-06-01,0.0,4
2014-06-02,0.0,4
2014-06-03,0.030468345216128605,4
2014-06-04,0.0,4
2014-06-05,0.3830015431330705,4
2014-06-06,0.0,4
2014-06-07,0.02240660591648995,4
2014-06-08,0.0,4
2014-06-09,0.11203302958244975,4
2014-06-10,0.0,4
2014-06-11,3.1936207877950205,4
2014-06-12,6.583460229586401,4
2014-06-13,4.527250079474629,4
2014-06-14,3.42069430955347,4
2014-06-15,0.0,4
2014-06-16,0.22343453158494314,4
2014-06-17,0.5078057536021434,4
2014-06-18,0.02031223014408574,4
2014-06-19,0.0,4
2014-06-20,0.1648587786313567,4
2014-06-21,2.704605576416813,4
2014-06-22,0.7688010524287153,4
2014-06-23,1.186972949351888,4
2014-06-24,0.0,4
2014-06-25,0.0,4
2014-06-26,0.0,4
2014-06-27,0.0,4
2014-06-28,0.0,4
2014-06-29,0.0,4
2014-06-30,1.7562632596079724,4
2014-07-01,0.06721981774946985,4
2014-07-02,0.0,4
2014-07-03,0.5992107892505293,4
2014-07-04,0.030468345216128605,4
2014-07-05,0.02031223014408574,4
2014-07-06,1.4169175117116362,4
2014-07-07,6.885423335549611,4
2014-07-08,3.74658399725386,4
2014-07-09,1.907707985950463,4
2014-07-10,0.43378725171294774,4
2014-07-11,0.3757762576655862,4
2014-07-12,1.4834992146892982,4
2014-07-13,1.5862066320455392,4
2014-07-14,0.5478603217644272,4
2014-07-15,0.0,4
2014-07-16,0.09891526717881402,4
2014-07-17,0.7583503817042407,4
2014-07-18,0.0,4
2014-07-19,0.0,4
2014-07-20,0.0,4
2014-07-21,0.0,4
2014-07-22,0.0,4
2014-07-23,0.0,4
2014-07-24,0.0,4
2014-07-25,0.0,4
2014-07-26,1.363340003627913,4
2014-07-27,25.367189363446787,4
2014-07-28,9.189880822508004,4
2014-07-29,2.241098323646296,4
2014-07-30,0.3585056946638392,4
2014-07-31,0.13188702290508536,4
2014-08-01,0.0,4
2014-08-02,0.02031223014408574,4
2014-08-03,0.030468345216128605,4
2014-08-04,0.0,4
2014-08-05,0.0,4
2014-08-06,0.01015611507204287,4
2014-08-07,0.0,4
2014-08-08,0.0,4
2014-08-09,0.0,4
2014-08-10,0.0,4
2014-08-11,0.0,4
2014-08-12,0.0,4
2014-08-13,0.0,4
2014-08-14,0.21094829676126375,4
2014-08-15,1.2106661183591854,4
2014-08-16,17.49068911751139,4
2014-08-17,27.461353847045775,4
2014-08-18,9.193344725660037,4
2014-08-19,5.508996676269318,4
2014-08-20,1.967813731193208,4
2014-08-21,0.0,4
2014-08-22,0.0,4
2014-08-23,0.0,4
2014-08-24,0.0,4
2014-08-25,0.0,4
2014-08-26,0.0,4
2014-08-27,0.0,4
2014-08-28,0.0,4
2014-08-29,0.5605198473466128,4
2014-08-30,0.6463665542055026,4
2014-08-31,0.5275480916203414,4
2014-09-01,0.0,4
2014-09-02,0.0,4
2014-09-03,0.09891526717881402,4
2014-09-04,0.8651643638635129,4
2014-09-05,8.392820502990642,4
2014-09-06,2.0406167444728878,4
2014-09-07,0.15429362882157532,4
2014-09-08,0.0,4
2014-09-09,0.1648587786313567,4
2014-09-10,0.0,4
2014-09-11,0.0,4
2014-09-12,0.0,4
2014-09-13,0.0,4
2014-09-14,0.0,4
2014-09-15,0.0,4
2014-09-16,0.0,4
2014-09-17,0.09891526717881402,4
2014-09-18,0.3956610687152561,4
2014-09-19,0.0,4
2014-09-20,0.0,4
2014-09-21,0.0,4
2014-09-22,5.813636059566555,4
2014-09-23,0.0,4
2014-09-24,0.0,4
2014-09-25,0.0,4
2014-09-26,0.0,4
2014-09-27,0.0,4
2014-09-28,0.0,4
2014-09-29,0.0,4
2014-09-30,0.0,4
2014-10-01,13.965206933492205,4
2014-10-02,8.403584207533177,4
2014-10-03,1.8134208804375522,4
2014-10-04,2.2246528425999146,4
2014-10-05,0.1960020073326475,4
2014-10-06,3.5908086776500894,4
2014-10-07,2.371494731084038,4
2014-10-08,0.1792528473319196,4
2014-10-09,0.030468345216128605,4
2014-10-10,0.07109280550430008,4
2014-10-11,0.0,4
2014-10-12,0.0,4
2014-10-13,0.0,4
2014-10-14,0.0,4
2014-10-15,0.0,4
2014-10-16,0.13188702290508536,4
2014-10-17,0.0,4
2014-10-18,0.0,4
2014-10-19,0.0,4
2014-10-20,0.0448132118329799,4
2014-10-21,13.459463163117237,4
2014-10-22,0.8687472723357366,4
2014-10-23,0.06721981774946985,4
2014-10-24,0.0,4
2014-10-25,0.0,4
2014-10-26,16.914510687577195,4
2014-10-27,4.293144046557394,4
2014-10-28,28.760561725503194,4
2014-10-29,0.9056852867645985,4
2014-10-30,0.9225438303309181,4
2014-10-31,1.7218596623876095,4
2014-11-01,0.0,4
2014-11-02,0.0,4
2014-11-03,0.0,4
2014-11-04,0.0,4
2014-11-05,0.0,4
2014-11-06,0.0,4
2014-11-07,0.8125692255741754,4
2014-11-08,0.06594351145254268,4
2014-11-09,0.0,4
2014-11-10,4.465446702334624,4
2014-11-11,6.160740195562985,4
2014-11-12,0.0,4
2014-11-13,2.176135877933908,4
2014-11-14,40.27564070548205,4
2014-11-15,1.518223080123967,4
2014-11-16,0.15684624141542963,4
2014-11-17,0.13188702290508536,4
2014-11-18,0.0,4
2014-11-19,0.0,4
2014-11-20,0.0,4
2014-11-21,0.0,4
2014-11-22,0.0,4
2014-11-23,0.02240660591648995,4
2014-11-24,9.272815822612692,4
2014-11-25,15.852080061651925,4
2014-11-26,0.07737593282151271,4
2014-11-27,0.0,4
2014-11-28,5.824208509527031,4
2014-11-29,67.39514600064773,4
2014-11-30,1.552417155378516,4
2014-12-01,4.443704458738198,4
2014-12-02,0.06594351145254268,4
2014-12-03,0.0,4
2014-12-04,0.0,4
2014-12-05,7.103730220162522,4
2014-12-06,27.39769804558836,4
2014-12-07,5.489867830009124,4
2014-12-08,2.42183454240387,4
2014-12-09,6.738717849766847,4
2014-12-10,0.0,4
2014-12-11,0.0,4
2014-12-12,0.0,4
2014-12-13,0.7913221374305122,4
2014-12-14,5.128236452066001,4
2014-12-15,28.48764746994921,4
2014-12-16,6.924144372576272,4
2014-12-17,0.0,4
2014-12-18,0.0,4
2014-12-19,0.0,4
2014-12-20,0.11203302958244975,4
2014-12-21,0.0,4
2014-12-22,0.6092641456487794,4
2014-12-23,0.0,4
2014-12-24,0.0,4
2014-12-25,0.0,4
2014-12-26,0.0,4
2014-12-27,0.0,4
2014-12-28,0.0,4
2014-12-29,0.0,4
2014-12-30,0.0,4
2014-12-31,0.0,4
2015-01-01,0.0,4
2015-01-02,0.0,4
2015-01-03,2.452304926443627,4
2015-01-04,0.0,4
2015-01-05,0.0,4
2015-01-06,0.0,4
2015-01-07,0.0,4
2015-01-08,0.0,4
2015-01-09,0.0,4
2015-01-10,0.0,4
2015-01-11,0.0,4
2015-01-12,0.0,4
2015-01-13,0.0,4
2015-01-14,0.0,4
2015-01-15,0.0,4
2015-01-16,0.0,4
2015-01-17,0.0,4
2015-01-18,0.0,4
2015-01-19,0.0,4
2015-01-20,0.0,4
2015-01-21,0.0,4
2015-01-22,0.11171726579247157,4
2015-01-23,0.8902374046093262,4
2015-01-24,0.0,4
2015-01-25,0.0,4
2015-01-26,1.1869832061457684,4
2015-01-27,0.0,4
2015-01-28,1.7468517923913733,4
2015-01-29,0.0,4
2015-01-30,0.0,4
2015-01-31,0.0,4
2015-02-01,0.0,4
2015-02-02,0.0,4
2015-02-03,0.0,4
2015-02-04,0.0,4
2015-02-05,3.5266489210450804,4
2015-02-06,4.771245509595735,4
2015-02-07,26.727463665494284,4
2015-02-08,21.505811547529273,4
2015-02-09,11.473300575433113,4
2015-02-10,1.3939138751896987,4
2015-02-11,0.0,4
2015-02-12,0.0,4
2015-02-13,0.0,4
2015-02-14,0.0,4
2015-02-15,0.0,4
2015-02-16,0.0,4
2015-02-17,0.0,4
2015-02-18,0.0,4
2015-02-19,0.0,4
2015-02-20,0.0,4
2015-02-21,0.0,4
2015-02-22,1.0478708977731985,4
2015-02-23,5.255626922880778,4
2015-02-24,1.3649289294537263,4
2015-02-25,1.0598467089940276,4
2015-02-26,18.523084744866065,4
2015-02-27,33.737540543675216,4
2015-02-28,13.392878436575689,4
2015-03-01,11.90453830507516,4
2015-03-02,2.2553088070945244,4
2015-03-03,17.34116290325462,4
2015-03-04,11.006262678742535,4
2015-03-05,23.979343774967802,4
2015-03-06,0.0,4
2015-03-07,0.0,4
2015-03-08,0.0,4
2015-03-09,0.0,4
2015-03-10,0.0,4
2015-03-11,0.0,4
2015-03-12,0.0,4
2015-03-13,0.0,4
2015-03-14,0.0,4
2015-03-15,0.0,4
2015-03-16,0.0,4
2015-03-17,0.0,4
2015-03-18,1.1200145320345194,4
2015-03-19,0.0,4
2015-03-20,4.397451175275765,4
2015-03-21,1.4904549537528273,4
2015-03-22,3.4291165664114764,4
2015-03-23,24.410163619184345,4
2015-03-24,2.030470895840171,4
2015-03-25,0.02240660591648995,4
2015-03-26,0.0,4
2015-03-27,0.0,4
2015-03-28,0.6892941737382112,4
2015-03-29,0.0,4
2015-03-30,0.0,4
2015-03-31,6.255801558783963,4
2015-04-01,1.9783053435762805,4
2015-04-02,18.90475830623327,4
2015-04-03,0.6406769865084759,4
2015-04-04,0.14630535019533383,4
2015-04-05,0.6125644174968526,4
2015-04-06,0.0,4
2015-04-07,1.19634138249692,4
2015-04-08,0.44011444789420906,4
2015-04-09,0.33270346318399185,4
2015-04-10,6.552362395613944,4
2015-04-11,0.3788179248079249,4
2015-04-12,0.0,4
2015-04-13,0.0,4
2015-04-14,0.0,4
2015-04-15,0.0,4
2015-04-16,0.0,4
2015-04-17,0.19783053435762804,4
2015-04-18,1.5509118909109754,4
2015-04-19,0.0,4
2015-04-20,0.0,4
2015-04-21,0.0,4
2015-04-22,25.99221743073368,4
2015-04-23,3.50806321126439,4
2015-04-24,2.492217949039442,4
2015-04-25,0.030468345216128605,4
2015-04-26,0.08543767212115139,4
2015-04-27,5.83342993716176,4
2015-04-28,2.004978902452019,4
2015-04-29,0.6892941737382112,4
2015-04-30,7.3212601874560175,4
2015-05-01,0.04062446028817148,4
2015-05-02,3.0526226165070147,4
2015-05-03,1.3518419847771248,4
2015-05-04,0.0,4
2015-05-05,0.0,4
2015-05-06,33.76729118732981,4
2015-05-07,18.926222438558593,4
2015-05-08,12.206190980722653,4
2015-05-09,0.3333731853949886,4
2015-05-10,0.0,4
2015-05-11,0.20380234620018492,4
2015-05-12,0.0,4
2015-05-13,0.09891526717881402,4
2015-05-14,0.6239599482890127,4
2015-05-15,0.02031223014408574,4
2015-05-16,5.349077132217857,4
2015-05-17,6.8566744605170395,4
2015-05-18,10.074208500669883,4
2015-05-19,4.9800114209638995,4
2015-05-20,5.345947519720242,4
2015-05-21,1.5377561764369612,4
2015-05-22,4.953946683614488,4
2015-05-23,0.7696030469863088,4
2015-05-24,0.02031223014408574,4
2015-05-25,0.0,4
2015-05-26,0.0,4
2015-05-27,0.09891526717881402,4
2015-05-28,0.0,4
2015-05-29,9.072870641927144,4
2015-05-30,11.098545251184818,4
2015-05-31,0.0,4
2015-06-01,0.2740726339136855,4
2015-06-02,5.216015571871683,4
2015-06-03,0.2322952430445386,4
2015-06-04,1.0550961832406829,4
2015-06-05,0.0448132118329799,5
2015-06-06,0.26338590560788344,5
2015-06-07,1.2529267175983108,4
2015-06-08,0.5179618686741863,4
2015-06-09,0.0,4
2015-06-10,0.0,4
2015-06-11,0.0,4
2015-06-12,0.0,4
2015-06-13,0.0,4
2015-06-14,0.0,4
2015-06-15,0.0,4
2015-06-16,0.6383048149058641,4
2015-06-17,0.0448132118329799,4
2015-06-18,0.0,4
2015-06-19,25.981743512301815,4
2015-06-20,10.851126090689597,4
2015-06-21,4.522505862887775,4
2015-06-22,1.5775730884147539,4
2015-06-23,0.11171726579247157,4
2015-06-24,0.3170580316805278,4
2015-06-25,1.5789629622213777,4
2015-06-26,3.163745289240235,4
2015-06-27,6.361929375988739,4
2015-06-28,3.502801284578134,4
2015-06-29,0.7671604371079364,4
2015-06-30,0.13188702290508536,4
2015-07-01,0.0,4
2015-07-02,0.0,4
2015-07-03,17.490885111307094,4
2015-07-04,0.0,4
2015-07-05,0.0,4
2015-07-06,1.5167007634084815,4
2015-07-07,3.4915267358996247,4
2015-07-08,0.5368112506258242,4
2015-07-09,0.3101823781821951,4
2015-07-10,0.0,4
2015-07-11,0.0448132118329799,4
2015-07-12,0.0,4
2015-07-13,0.02240660591648995,4
2015-07-14,0.0,4
2015-07-15,0.0,4
2015-07-16,2.56060540247909,4
2015-07-17,1.993186676483524,4
2015-07-18,0.0,4
2015-07-19,0.13188702290508536,4
2015-07-20,0.9891526717881403,4
2015-07-21,0.2380951619917726,4
2015-07-22,0.5825717538287387,4
2015-07-23,5.572226717739856,4
2015-07-24,12.337505939680288,4
2015-07-25,0.0,4
2015-07-26,0.0,4
2015-07-27,1.9269681088181356,4
2015-07-28,0.09891526717881402,4
2015-07-29,0.8271530084858535,4
2015-07-30,0.0,5
2015-07-31,0.0,5
2015-08-01,0.03292323820098543,5
2015-08-02,0.0,5
2015-08-03,0.0,5
2015-08-04,0.0,5
2015-08-05,0.9186708425760879,5
2015-08-06,0.6721981774946985,5
2015-08-07,0.2688792709978794,5
2015-08-08,0.0,5
2015-08-09,3.610655390483789,5
2015-08-10,2.7742083008170173,5
2015-08-11,1.4155892965081036,5
2015-08-12,1.2315466914598125,5
2015-08-13,1.3618892075704205,5
2015-08-14,2.3705976105280957,5
2015-08-15,1.3942148295094814,5
2015-08-16,0.3101823781821951,5
2015-08-17,0.09050246117090387,5
2015-08-18,0.93781449097753,5
2015-08-19,0.0,5
2015-08-20,0.0,5
2015-08-21,0.0,5
2015-08-22,0.0,5
2015-08-23,0.0,5
2015-08-24,0.0,5
2015-08-25,0.0,5
2015-08-26,3.621556202108397,5
2015-08-27,0.0,5
2015-08-28,0.03292323820098543,5
2015-08-29,0.0,5
2015-08-30,0.0,5
2015-08-31,0.0,5
2015-09-01,0.0,5
2015-09-02,0.633517228196327,5
2015-09-03,0.2412529608083739,5
2015-09-04,0.0,5
2015-09-05,1.245728448765869,5
2015-09-06,1.3115732233280366,5
2015-09-07,1.9893654456483238,5
2015-09-08,8.30244175011045,5
2015-09-09,0.0,4
2015-09-10,0.09891526717881402,4
2015-09-11,0.220237140274118,4
2015-09-12,0.2951588646691996,4
2015-09-13,3.4528879807771085,4
2015-09-14,7.671415644128169,4
2015-09-15,2.0784969170520218,4
2015-09-16,0.19783053435762804,4
2015-09-17,0.0,4
2015-09-18,0.0,5
2015-09-19,0.0,5
2015-09-20,0.0,5
2015-09-21,0.0,5
2015-09-22,0.0,5
2015-09-23,0.0,5
2015-09-24,0.0,5
2015-09-25,0.0,5
2015-09-26,0.0,5
2015-09-27,0.0,5
2015-09-28,0.0,5
2015-09-29,0.0,5
2015-09-30,5.333564588559639,5
2015-10-01,0.0,5
2015-10-02,0.03292323820098543,5
2015-10-03,0.018100492234180775,5
2015-10-04,0.8271530084858535,5
2015-10-05,1.6148367369613863,5
2015-10-06,0.0,5
2015-10-07,0.02715073835127116,5
2015-10-08,0.0,5
2015-10-09,0.0,5
2015-10-10,0.0,5
2015-10-11,0.0,5
2015-10-12,0.0,5
2015-10-13,0.0,5
2015-10-14,0.0,5
2015-10-15,0.0,5
2015-10-16,0.0,5
2015-10-17,0.017315797203576178,5
2015-10-18,0.2246901675571837,5
2015-10-19,0.21275111799688626,5
2015-10-20,0.18100492234180773,5
2015-10-21,0.0,5
2015-10-22,0.4213510652870203,5
2015-10-23,12.480161884241475,5
2015-10-24,0.0,5
2015-10-25,0.0490614254101325,5
2015-10-26,1.6188604063637588,5
2015-10-27,0.0,5
2015-10-28,0.2870254344692299,5
2015-10-29,0.7818876261489869,5
2015-10-30,8.43144833879556,5
2015-10-31,12.2527460841499,5
2015-11-01,0.13785883474764224,5
2015-11-02,0.0,5
2015-11-03,0.0,5
2015-11-04,0.0,5
2015-11-05,0.0,5
2015-11-06,0.0,5
2015-11-07,0.0,5
2015-11-08,0.0,5
2015-11-09,0.06349125641311265,5
2015-11-10,0.7421201816014117,5
2015-11-11,0.0,5
2015-11-12,0.0,5
2015-11-13,8.73203188263312,5
2015-11-14,0.02715073835127116,5
2015-11-15,0.9283914085007667,5
2015-11-16,21.362013244015216,5
2015-11-17,8.643926218735055,5
2015-11-18,7.225258163487001,5
2015-11-19,4.749954523710926,5
2015-11-20,0.06873244260256689,5
2015-11-21,2.384178378506326,5
2015-11-22,22.202854601324272,5
2015-11-23,0.0,5
2015-11-24,1.4282605063212102,5
2015-11-25,0.23152415983037364,5
2015-11-26,2.1277742079640847,5
2015-11-27,5.537676572718468,5
2015-11-28,0.5610678315185085,5
2015-11-29,0.2412529608083739,5
2015-11-30,0.0,5
2015-12-01,0.8181816777960224,5
2015-12-02,2.419999347431129,5
2015-12-03,58.10961506895543,5
2015-12-04,15.368541762661787,5
2015-12-05,0.47342469044688495,5
2015-12-06,3.8414456414625002,5
2015-12-07,0.9433531206125292,5
2015-12-08,52.583925468024916,5
2015-12-09,0.18907737047833428,5
2015-12-10,0.03292323820098543,5
2015-12-11,0.0,5
2015-12-12,0.0,5
2015-12-13,0.0,5
2015-12-14,0.0,5
2015-12-15,0.0,5
2015-12-16,0.0,5
2015-12-17,6.048769492183312,5
2015-12-18,0.0,5
2015-12-19,2.764693394911168,5
2015-12-20,2.824367667069487,5
2015-12-21,4.416304041470041,5
2015-12-22,0.0,5
2015-12-23,0.0,5
2015-12-24,0.5596950494167523,5
2015-12-25,0.0,5
2015-12-26,1.048930574223538,5
2015-12-27,5.150487732490358,5
2015-12-28,0.0,5
2015-12-29,0.0,5
2015-12-30,0.0,5
2015-12-31,0.0,5
2016-01-01,0.0,5
2016-01-02,0.2683948566554307,5
2016-01-03,40.33842436226626,5
2016-01-04,13.488783765673302,5
2016-01-05,0.9890501190104263,5
2016-01-06,0.0,5
2016-01-07,0.0,5
2016-01-08,0.0,5
2016-01-09,0.0,5
2016-01-10,0.0,5
2016-01-11,0.0,5
2016-01-12,0.3550608697365165,5
2016-01-13,0.6754209393648851,5
2016-01-14,0.0,5
2016-01-15,0.22757613375777974,5
2016-01-16,4.710267566357611,5
2016-01-17,34.39634348227207,5
2016-01-18,43.51006293540539,5
2016-01-19,5.969957691129352,5
2016-01-20,16.15553408556706,5
2016-01-21,4.4333906794050595,5
2016-01-22,4.162426353773812,5
2016-01-23,12.638597486515645,5
2016-01-24,8.971569178106316,5
2016-01-25,32.50856924166643,5
2016-01-26,27.44958788370213,5
2016-01-27,1.428372901130205,5
2016-01-28,0.0,5
2016-01-29,0.3292323820098543,5
2016-01-30,0.0028859662005960296,5
2016-01-31,0.0,5
2016-02-01,0.0,5
2016-02-02,0.0,5
2016-02-03,1.2305198855639516,5
2016-02-04,9.211787806094387,5
2016-02-05,0.7572344786226648,5
2016-02-06,0.0,5
2016-02-07,0.0,5
2016-02-08,0.0,5
2016-02-09,0.0,5
2016-02-10,0.0,5
2016-02-11,0.0,5
2016-02-12,10.908329915695798,5
2016-02-13,16.592504859635373,5
2016-02-14,2.633859056078834,5
2016-02-15,0.0,5
2016-02-16,0.0,5
2016-02-17,0.0,5
2016-02-18,0.0,5
2016-02-19,0.0,5
2016-02-20,0.0,5
2016-02-21,0.0,5
2016-02-22,0.0,5
2016-02-23,0.0,5
2016-02-24,0.29630914380886886,5
2016-02-25,0.691388002220694,5
2016-02-26,0.3950788584118251,5
2016-02-27,0.0,5
2016-02-28,0.0,5
2016-02-29,0.0,5
2016-03-01,5.1365322119882135,5
2016-03-02,0.04525123058545193,5
2016-03-03,0.0,5
2016-03-04,0.19624570164053,5
2016-03-05,12.933765748959468,5
2016-03-06,0.0,5
2016-03-07,0.06584647640197086,5
2016-03-08,0.0,5
2016-03-09,0.0,5
2016-03-10,0.0,5
2016-03-11,0.0,5
2016-03-12,0.0,5
2016-03-13,0.028859662005960296,5
2016-03-14,55.47065635634616,5
2016-03-15,3.3367340447323195,5
2016-03-16,6.254536700998488,5
2016-03-17,5.561438887528546,5
2016-03-18,11.1630927907017,5
2016-03-19,12.232686555897097,5
2016-03-20,0.3729355256668193,5
2016-03-21,0.2497362300473302,5
2016-03-22,0.0,5
2016-03-23,0.0028859662005960296,5
2016-03-24,0.0028859662005960296,5
2016-03-25,2.929500238387398,5
2016-03-26,0.03292323820098543,5
2016-03-27,0.0,5
2016-03-28,0.020201763404172207,5
2016-03-29,0.0,5
2016-03-30,0.0,5
2016-03-31,0.16828401499351672,5
2016-04-01,0.08683179993970325,5
2016-04-02,5.78679114365787,5
2016-04-03,0.0,5
2016-04-04,1.8061143649140445,5
2016-04-05,0.5847387417944494,5
2016-04-06,0.23046266740689797,5
2016-04-07,0.0,5
2016-04-08,0.0,5
2016-04-09,0.0028859662005960296,5
2016-04-10,0.0,5
2016-04-11,0.0028859662005960296,5
2016-04-12,0.0,5
2016-04-13,0.0,5
2016-04-14,0.69427396842129,5
2016-04-15,0.0,5
2016-04-16,0.0028859662005960296,5
2016-04-17,0.02715073835127116,5
2016-04-18,0.15287525111292832,5
2016-04-19,0.0,5
2016-04-20,0.0,5
2016-04-21,0.0,5
2016-04-22,0.0,5
2016-04-23,0.0028859662005960296,5
2016-04-24,0.0028859662005960296,5
2016-04-25,0.0,5
2016-04-26,0.0,5
2016-04-27,0.0,5
2016-04-28,0.0028859662005960296,5
2016-04-29,11.034472902076326,5
2016-04-30,1.7397548551978947,5
2016-05-01,0.0,5
2016-05-02,0.0,5
2016-05-03,0.0,5
2016-05-04,0.0,5
2016-05-05,0.0028859662005960296,5
2016-05-06,0.0,5
2016-05-07,0.0,5
2016-05-08,0.0,5
2016-05-09,0.0,5
2016-05-10,0.0028859662005960296,5
2016-05-11,0.0,5
2016-05-12,3.9994879442240654,5
2016-05-13,8.066125902142922,5
2016-05-14,0.03292323820098543,5
2016-05-15,0.0,5
2016-05-16,0.0028859662005960296,5
2016-05-17,0.0,5
2016-05-18,0.03908695066895758,5
2016-05-19,0.03580920440158146,5
2016-05-20,0.15267714144462968,5
2016-05-21,0.08316227360554704,5
2016-05-22,0.20678825212146337,5
2016-05-23,0.008657898601788089,5
2016-05-24,0.3332931209622684,5
2016-05-25,0.10493342707092844,5
2016-05-26,0.0,5
2016-05-27,0.0028859662005960296,5
2016-05-28,0.0,5
2016-05-29,0.0,5
2016-05-30,0.018100492234180775,5
2016-05-31,0.06584534150492644,5
2016-06-01,1.435989886088433,5
2016-06-02,11.032472945599032,5
2016-06-03,2.535089341475878,5
2016-06-04,0.3340532007903617,5
2016-06-05,0.0,5
2016-06-06,0.0,5
2016-06-07,0.0,5
2016-06-08,1.5918592984496844,5
2016-06-09,14.68598217651795,5
2016-06-10,0.3648108601131378,5
2016-06-11,0.05430147670254232,5
2016-06-12,0.0,5
2016-06-13,0.16598953235242614,5
2016-06-14,0.018100492234180775,5
2016-06-15,0.10339412606073169,5
2016-06-16,0.0,5
2016-06-17,0.13785883474764224,5
2016-06-18,0.0,5
2016-06-19,0.0,5
2016-06-20,0.0,5
2016-06-21,0.2585687580119501,5
2016-06-22,0.4071534694259471,5
2016-06-23,3.6064984778613143,5
2016-06-24,0.0,5
2016-06-25,0.025973695805364266,5
2016-06-26,1.2238586768194835,5
2016-06-27,4.224732607628304,5
2016-06-28,6.437128960457088,5
2016-06-29,4.6706160918954325,5
2016-06-30,1.269714374803271,5
2016-07-01,1.6536427748136955,5
2016-07-02,0.23393899047273453,5
2016-07-03,0.0,5
2016-07-04,0.05601096780575367,5
2016-07-05,0.3810515840859272,5
2016-07-06,0.0,5
2016-07-07,0.0,5
2016-07-08,0.0,5
2016-07-09,0.0,5
2016-07-10,0.0028859662005960296,5
2016-07-11,0.0,5
2016-07-12,0.0028859662005960296,5
2016-07-13,0.0,5
2016-07-14,0.0,5
2016-07-15,0.0,5
2016-07-16,0.0,5
2016-07-17,0.0028859662005960296,5
2016-07-18,0.2429892365898249,5
2016-07-19,0.08394696863615164,5
2016-07-20,0.0,5
2016-07-21,0.599417514897957,5
2016-07-22,1.4489380019935452,5
2016-07-23,0.34601062361942614,5
2016-07-24,0.02715073835127116,5
2016-07-25,0.0028859662005960296,5
2016-07-26,0.0,5
2016-07-27,0.0028859662005960296,5
2016-07-28,0.0,5
2016-07-29,0.03908695066895758,5
2016-07-30,0.8140165226944902,5
2016-07-31,7.766980863538463,5
2016-08-01,0.6910304495196622,5
2016-08-02,0.0028859662005960296,5
2016-08-03,0.14612051401283302,5
2016-08-04,0.7453476628850814,5
2016-08-05,1.5148715767893135,5
2016-08-06,0.0028859662005960296,5
2016-08-07,0.0,5
2016-08-08,0.0,5
2016-08-09,0.0,5
2016-08-10,0.005771932401192059,5
2016-08-11,0.0028859662005960296,5
2016-08-12,0.0,5
2016-08-13,0.0,5
2016-08-14,0.0,5
2016-08-15,0.0,5
2016-08-16,0.0,5
2016-08-17,0.0,5
2016-08-18,0.0,5
2016-08-19,0.0,5
2016-08-20,0.0,5
2016-08-21,0.06892941737382112,5
2016-08-22,0.0028859662005960296,5
2016-08-23,0.05351678167193773,5
2016-08-24,0.821569372953002,5
2016-08-25,0.0,5
2016-08-26,0.0028859662005960296,5
2016-08-27,0.0,5
2016-08-28,0.0028859662005960296,5
2016-08-29,0.0,5
2016-08-30,0.0028859662005960296,5
2016-08-31,0.20165945324840956,5
2016-09-01,0.03292323820098543,5
2016-09-02,0.0,5
2016-09-03,0.2156365167489601,5
2016-09-04,2.7683516925453935,5
2016-09-05,0.0,5
2016-09-06,0.0,5
2016-09-07,0.0,5
2016-09-08,0.0,5
2016-09-09,0.2044849994618783,5
2016-09-10,2.0643628257499738,5
2016-09-11,0.0028859662005960296,5
2016-09-12,0.0,5
2016-09-13,0.0,5
2016-09-14,0.0,5
2016-09-15,0.0,5
2016-09-16,0.18022022731120313,5
2016-09-17,0.16212086997406677,5
2016-09-18,0.20678825212146337,5
2016-09-19,0.23046266740689797,5
2016-09-20,4.822608922943965,5
2016-09-21,19.00584503944495,5
2016-09-22,0.4100604886713835,5
2016-09-23,0.0,5
2016-09-24,0.0,5
2016-09-25,10.259495903410873,5
2016-09-26,14.905216136825652,5
2016-09-27,0.34579460781252225,5
2016-09-28,0.5268838893743064,5
2016-09-29,0.14343265748053563,5
2016-09-30,0.2497362300473302,5
2016-10-01,1.1050551109085012,5
2016-10-02,3.5199296176282378,5
2016-10-03,1.1151617984925282,5
2016-10-04,0.9396262558465241,5
2016-10-05,12.383227964551041,5
2016-10-06,0.5244331046835713,5
2016-10-07,0.9343500252606809,5
2016-10-08,0.0,5
2016-10-09,0.0,5
2016-10-10,3.691433228093409,5
2016-10-11,1.6788390595934777,5
2016-10-12,2.7171773805013846,5
2016-10-13,0.2715073835127116,5
2016-10-14,0.02240660591648995,5
2016-10-15,0.0,5
2016-10-16,0.0028859662005960296,5
2016-10-17,0.0,5
2016-10-18,0.0,5
2016-10-19,0.0,5
2016-10-20,0.0,5
2016-10-21,0.0,5
2016-10-22,1.575142902826064,5
2016-10-23,0.19294113465949417,5
2016-10-24,0.24085901126586545,5
2016-10-25,0.6805445445331035,5
2016-10-26,2.6126690094869165,5
2016-10-27,0.030036704551867188,5
2016-10-28,16.44871723580882,5
2016-10-29,32.79402648876162,5
2016-10-30,2.5424715256995003,5
2016-10-31,1.0335996829586829,5
2016-11-01,0.03620098446836155,5
2016-11-02,0.6420013534346727,5
2016-11-03,0.17484064242531336,5
2016-11-04,0.0,5
2016-11-05,0.20165945324840956,5
2016-11-06,0.0506308154713417,5
2016-11-07,0.9929362286000085,5
2016-11-08,0.9985723611879174,5
2016-11-09,12.150964472275136,5
2016-11-10,0.4004786115333928,5
2016-11-11,0.13785883474764224,5
2016-11-12,14.28251133798662,5
2016-11-13,6.5508167520500376,5
2016-11-14,34.22705043752904,5
2016-11-15,28.21000094300199,5
2016-11-16,5.330463066286627,5
2016-11-17,1.571685245781296,5
2016-11-18,0.9321753500603099,5
2016-11-19,40.32555801671754,5
2016-11-20,0.0,5
2016-11-21,0.0,5
2016-11-22,0.9231251039432193,5
2016-11-23,26.186323547511563,5
2016-11-24,9.412395996476402,5
2016-11-25,11.070737178099197,5
2016-11-26,0.35890616033054895,5
2016-11-27,0.5294934279836507,5
2016-11-28,0.0,5
2016-11-29,0.0,5
2016-11-30,7.62635790628391,5
2016-12-01,10.395376118803519,5
2016-12-02,0.04525123058545193,5
2016-12-03,0.6485140360774413,5
2016-12-04,0.03620098446836155,5
2016-12-05,13.81097503205677,5
2016-12-06,15.205111555980654,5
2016-12-07,0.0,5
2016-12-08,0.0,5
2016-12-09,0.0,5
2016-12-10,55.24489712826296,5
2016-12-11,24.043025980946425,5
2016-12-12,47.95433883507556,5
2016-12-13,6.708735411435235,5
2016-12-14,1.3498527662404025,5
2016-12-15,9.559888543302078,5
2016-12-16,7.218545551299343,5
2016-12-17,4.2836831552029055,5
2016-12-18,3.818782743677025,5
2016-12-19,2.5522625672066424,5
2016-12-20,11.30798847935452,5
2016-12-21,4.1378145307312995,5
2016-12-22,0.0,5
2016-12-23,0.0,5
2016-12-24,0.025973695805364266,5
2016-12-25,20.937931630761277,5
2016-12-26,5.893465185461706,5
2016-12-27,0.0,5
2016-12-28,0.0,5
2016-12-29,0.0,5
2016-12-30,0.11203302958244975,5
2016-12-31,0.0,5
2017-01-01,0.0,5
2017-01-02,0.0,5
2017-01-03,0.3585056946638392,5
2017-01-04,2.375533371504441,5
2017-01-05,0.0,5
2017-01-06,0.0,5
2017-01-07,0.0,5
2017-01-08,0.0,5
2017-01-09,0.0,5
2017-01-10,0.0,5
2017-01-11,0.0,5
2017-01-12,0.8880403882226975,5
2017-01-13,14.84105635484746,5
2017-01-14,6.011285806583206,5
2017-01-15,3.257744479921008,5
2017-01-16,5.444332473992352,5
2017-01-17,0.0,5
2017-01-18,0.0,5
2017-01-19,0.0,5
2017-01-20,0.0,5
2017-01-21,0.0,5
2017-01-22,0.0,5
2017-01-23,0.5153519360792688,5
2017-01-24,0.0,5
2017-01-25,0.0,5
2017-01-26,0.0,5
2017-01-27,0.0,5
2017-01-28,0.0,5
2017-01-29,0.1000845883967765,5
2017-01-30,0.5160952062028161,5
2017-01-31,0.0,5
2017-02-01,0.0,5
2017-02-02,9.636673284292513,5
2017-02-03,9.36565673787621,5
2017-02-04,24.776453718618477,5
2017-02-05,20.458008627845736,5
2017-02-06,0.37106009080070584,5
2017-02-07,1.6497987735934267,5
2017-02-08,7.086804872808522,5
2017-02-09,27.711071632510926,5
2017-02-10,1.2566965755845891,5
2017-02-11,0.0,5
2017-02-12,0.0,5
2017-02-13,0.5496533294063879,5
2017-02-14,3.9962106394148282,5
2017-02-15,0.9624876140042469,5
2017-02-16,0.7170113893276784,5
2017-02-17,0.0,5
2017-02-18,4.411713918932048,5
2017-02-19,0.0,5
2017-02-20,0.023087729604768237,5
2017-02-21,2.0160952814474804,5
2017-02-22,0.635294198756814,5
2017-02-23,0.0720096214214208,5
2017-02-24,1.2780801876162868,5
2017-02-25,0.0,5
2017-02-26,0.0,5
2017-02-27,0.0,5
2017-02-28,0.0,5
2017-03-01,0.16769913197677738,5
2017-03-02,0.13169295280394172,5
2017-03-03,0.0,5
2017-03-04,0.0,5
2017-03-05,0.0,5
2017-03-06,0.0,5
2017-03-07,0.7926882997989428,5
2017-03-08,0.49473652202707197,5
2017-03-09,7.621780008918232,5
2017-03-10,0.0,5
2017-03-11,0.0028859662005960296,5
2017-03-12,0.0,5
2017-03-13,0.0,5
2017-03-14,0.0,5
2017-03-15,0.6201589030535014,5
2017-03-16,1.1473372135359854,5
2017-03-17,0.10339412606073169,5
2017-03-18,2.411594262751163,5
2017-03-19,7.404767007734556,5
2017-03-20,16.401296491420435,5
2017-03-21,1.4604018867342021,5
2017-03-22,0.0028859662005960296,5
2017-03-23,0.0028859662005960296,5
2017-03-24,0.0,5
2017-03-25,0.3585056946638392,5
2017-03-26,0.6827181871999395,5
2017-03-27,21.124806901242543,5
2017-03-28,8.620208191158685,5
2017-03-29,8.458652376395273,5
2017-03-30,0.0028859662005960296,5
2017-03-31,2.416215405871586,5
2017-04-01,12.711487449302714,5
2017-04-02,11.05700984222793,5
2017-04-03,14.031861619856922,5
2017-04-04,0.2960300093491506,5
2017-04-05,0.16769913197677738,5
2017-04-06,0.0,5
2017-04-07,0.0,5
2017-04-08,0.0,5
2017-04-09,0.0,5
2017-04-10,0.005771932401192059,5
2017-04-11,4.628147505545947,5
2017-04-12,0.0028859662005960296,5
2017-04-13,4.282715197828512,5
2017-04-14,3.1104478576225913,5
2017-04-15,1.3439800156222719,5
2017-04-16,1.1397448443160945,5
2017-04-17,0.08657898601788089,5
2017-04-18,2.4684298790158765,5
2017-04-19,0.07503512121549677,5
2017-04-20,1.8043515910490253,5
2017-04-21,0.005771932401192059,5
2017-04-22,0.0,5
2017-04-23,1.5817203223800527,5
2017-04-24,14.333241288430635,5
2017-04-25,1.1055450505289033,5
2017-04-26,0.0,5
2017-04-27,0.046175459209536474,5
2017-04-28,0.5459007332260192,5
2017-04-29,1.0418511448593144,5
2017-04-30,0.034631594407152355,5
2017-05-01,1.0023625181210023,5
2017-05-02,1.2535596445874408,5
2017-05-03,0.14021156790013176,5
2017-05-04,0.09299721475324202,5
2017-05-05,0.0,5
2017-05-06,0.017315797203576178,5
2017-05-07,4.14729383495669,5
2017-05-08,12.798166147012378,5
2017-05-09,3.499298481069152,5
2017-05-10,0.0028859662005960296,5
2017-05-11,0.014429831002980148,5
2017-05-12,0.13863965795695182,5
2017-05-13,0.0028859662005960296,5
2017-05-14,0.0,5
2017-05-15,0.0,5
2017-05-16,0.39375547289017176,5
2017-05-17,7.401233675273776,5
2017-05-18,0.3625581768879219,5
2017-05-19,2.3081431406664676,5
2017-05-20,8.676599923023504,5
2017-05-21,5.577643891637412,5
2017-05-22,5.629355869544008,5
2017-05-23,7.972785274132769,5
2017-05-24,0.5477157481050055,5
2017-05-25,5.477659672510477,5
2017-05-26,0.3408432211821304,5
2017-05-27,0.06873244260256689,5
2017-05-28,0.0,5
2017-05-29,0.0,5
2017-05-30,0.005771932401192059,5
2017-05-31,0.0,5
2017-06-01,0.0,5
2017-06-02,0.005771932401192059,5
2017-06-03,0.0,5
2017-06-04,0.0,5
2017-06-05,0.0028859662005960296,5
2017-06-06,0.0,5
2017-06-07,0.0028859662005960296,5
2017-06-08,0.0028859662005960296,5
2017-06-09,0.0028859662005960296,5
2017-06-10,0.14441159035814388,5
2017-06-11,0.0028859662005960296,5
2017-06-12,0.0,5
2017-06-13,0.0,5
2017-06-14,0.040403526808344414,5
2017-06-15,6.967707302787095,5
2017-06-16,0.0,5
2017-06-17,0.0,5
2017-06-18,1.174686061555555,5
2017-06-19,0.0028859662005960296,5
2017-06-20,0.0,5
2017-06-21,0.6629087713110696,5
2017-06-22,3.187969464295076,5
2017-06-23,3.3553833390863645,5
2017-06-24,7.05404731498105,5
2017-06-25,0.9310759961334586,5
2017-06-26,7.74262982199427,5
2017-06-27,4.911162265436176,5
2017-06-28,15.446173616799788,5
2017-06-29,0.20165945324840956,5
2017-06-30,0.0,5
2017-07-01,0.0,5
2017-07-02,0.3679275526120318,5
2017-07-03,1.3250050255492147,5
2017-07-04,1.7929810337259324,5
2017-07-05,5.855823089418195,5
2017-07-06,6.301991251244593,5
2017-07-07,4.416121729885419,5
2017-07-08,6.352240528116289,5
2017-07-09,5.672225023983836,5
2017-07-10,5.115858179672479,5
2017-07-11,0.7306701791553378,5
2017-07-12,2.060439782733281,5
2017-07-13,1.2237645130023282,5
2017-07-14,3.3309018805765067,5
2017-07-15,2.4248593321593717,5
2017-07-16,1.9265770099604063,5
2017-07-17,2.809178390989756,5
2017-07-18,0.017315797203576178,5
2017-07-19,0.9749039295455658,5
2017-07-20,0.168238343756347,5
2017-07-21,0.0,5
2017-07-22,0.09876971460295628,5
2017-07-23,0.47876506884684344,5
2017-07-24,2.4834254976371652,5
2017-07-25,2.1164256327031326,5
2017-07-26,0.0,5
2017-07-27,0.056010400357231455,5
2017-07-28,2.1839438019763526,5
2017-07-29,10.134202021029584,5
2017-07-30,6.629110280501934,5
2017-07-31,2.5724871523637045,5
2017-08-01,0.1344396354989397,5
2017-08-02,0.0028859662005960296,5
2017-08-03,0.06584647640197086,5
2017-08-04,0.0,5
2017-08-05,0.0028859662005960296,5
2017-08-06,0.018100492234180775,5
2017-08-07,0.0028859662005960296,5
2017-08-08,0.0028859662005960296,5
2017-08-09,0.0,5
2017-08-10,0.0,5
2017-08-11,0.0,5
2017-08-12,0.0,5
2017-08-13,0.12254909441842302,5
2017-08-14,0.0,5
2017-08-15,0.0,5
2017-08-16,0.0,5
2017-08-17,0.0,5
2017-08-18,0.20282596927189622,5
2017-08-19,0.33696037750233576,5
2017-08-20,0.0843381812544095,5
2017-08-21,0.008657898601788089,5
2017-08-22,0.49188399819565887,5
2017-08-23,1.7845107505753772,5
2017-08-24,1.965916098581524,5
2017-08-25,1.7804501042443077,5
2017-08-26,1.1875242490000628,5
2017-08-27,0.468738219221976,5
2017-08-28,0.0,5
2017-08-29,0.0,5
2017-08-30,0.0,5
2017-08-31,0.0,5
2017-09-01,0.005771932401192059,5
2017-09-02,0.934172520902438,5
2017-09-03,1.9219169784549401,5
2017-09-04,2.7717583721256713,5
2017-09-05,0.0028859662005960296,5
2017-09-06,0.0,5
2017-09-07,0.0,5
2017-09-08,0.4002924918377967,5
2017-09-09,0.14514090516556266,5
2017-09-10,1.231235398791714,5
2017-09-11,0.9964404848913542,5
2017-09-12,0.03292267075246322,5
2017-09-13,0.0028859662005960296,5
2017-09-14,0.0028859662005960296,5
2017-09-15,0.0,5
2017-09-16,0.0,5
2017-09-17,0.07489558762201683,5
2017-09-18,0.0028859662005960296,5
2017-09-19,0.8535359233664412,5
2017-09-20,2.096002947092077,5
2017-09-21,0.0028859662005960296,5
2017-09-22,0.0,5
2017-09-23,0.0,5
2017-09-24,0.0028859662005960296,5
2017-09-25,0.48963751894696544,5
2017-09-26,0.3304190662690189,5
2017-09-27,0.0,5
2017-09-28,0.031745628206556326,5
2017-09-29,8.658032375189665,5
2017-09-30,13.336442054374391,5
2017-10-01,7.880410964262712,5
2017-10-02,0.1778795059844206,5
2017-10-03,0.0,5
2017-10-04,0.017315797203576178,5
2017-10-05,0.168676362508819,5
2017-10-06,0.0,5
2017-10-07,0.0,5
2017-10-08,0.0,5
2017-10-09,0.0,5
2017-10-10,0.0,5
2017-10-11,0.0,5
2017-10-12,0.0,5
2017-10-13,0.0,5
2017-10-14,0.0,5
2017-10-15,1.527991047026449,5
2017-10-16,0.763558734558774,5
2017-10-17,5.677917315128103,5
2017-10-18,9.997591766162461,5
2017-10-19,0.0028859662005960296,4
2017-10-20,0.0,4
2017-10-21,0.0,4
2017-10-22,0.0,4
2017-10-23,0.011543864802384118,4
2017-10-24,0.7977058754936877,4
2017-10-25,0.0,4
2017-10-26,0.0,4
2017-10-27,0.0,4
2017-10-28,0.0,4
2017-10-29,1.3386542609141423,4
2017-10-30,17.577380224650152,4
2017-10-31,2.931930997770559,3
2017-11-01,1.3144278980875035,4
2017-11-02,2.0950108543187613,4
2017-11-03,0.0,4
2017-11-04,0.9920045301237903,4
2017-11-05,0.23953519464947046,4
2017-11-06,26.890252913282602,4
2017-11-07,1.020024168209159,4
2017-11-08,1.7685511488575636,4
2017-11-09,5.463307640996226,4
2017-11-10,6.2093194956519095,4
2017-11-11,1.357717391096444,4
2017-11-12,16.665749261112577,4
2017-11-13,2.200924926070787,4
2017-11-14,0.0,4
2017-11-15,0.0,4
2017-11-16,0.0,4
2017-11-17,0.0,4
2017-11-18,0.0,4
2017-11-19,0.8907727527535239,4
2017-11-20,28.791133199126484,4
2017-11-21,27.674116003127967,4
2017-11-22,0.044813211832980426,4
2017-11-23,2.181686818196329,4
2017-11-24,15.201909150545516,4
2017-11-25,0.0,4
2017-11-26,0.09251238986655688,4
2017-11-27,0.0,4
2017-11-28,0.3290001468679474,4
2017-11-29,49.414785781212515,4
2017-11-30,1.4438706163394588,4
2017-12-01,24.523970643634897,4
2017-12-02,76.99674769430675,4
2017-12-03,31.116953022208065,4
2017-12-04,9.699655822516563,4
2017-12-05,7.804372757867743,4
2017-12-06,20.856732243003364,4
2017-12-07,0.8603836231089534,4
2017-12-08,1.090201990040994,4
2017-12-09,14.964539816895881,4
2017-12-10,2.90268165088203,4
2017-12-11,28.73382741069798,4
2017-12-12,0.2943238054375408,4
2017-12-13,1.5062168369108506,4
2017-12-14,1.3469046412551189,4
2017-12-15,0.313692482830863,4
2017-12-16,1.8595284678747173,4
2017-12-17,0.0,4
2017-12-18,0.0028859662005960296,4
2017-12-19,0.008657898601788089,4
2017-12-20,0.9885083364425636,4
2017-12-21,0.0,4
2017-12-22,0.0,4
2017-12-23,0.0,4
2017-12-24,0.0,4
2017-12-25,0.0,4
2017-12-26,6.587322316254152,4
2017-12-27,0.2520437855613523,4
2017-12-28,0.0,4
2017-12-29,7.5673487585078005,4
2017-12-30,1.6634889847049252,4
2017-12-31,0.05194739161072853,4
2018-01-01,6.621540348741909,4
2018-01-02,27.51449497802612,4
2018-01-03,0.43403604332080425,4
2018-01-04,6.017352598198293,4
2018-01-05,2.027663499046049,4
2018-01-06,0.11203302958245107,4
2018-01-07,0.0,4
2018-01-08,0.0,4
2018-01-09,0.9832351513472996,4
2018-01-10,2.117544611708839,4
2018-01-11,1.3089113285997234,4
2018-01-12,0.6974907496117926,4
2018-01-13,0.0,4
2018-01-14,0.0,4
2018-01-15,0.0,4
2018-01-16,0.0,4
2018-01-17,0.0,4
2018-01-18,0.0,4
2018-01-19,0.0,4
2018-01-20,0.0,4
2018-01-21,2.307880409398492,4
2018-01-22,1.7643064989294661,4
2018-01-23,0.0,4
2018-01-24,0.0,4
2018-01-25,0.0,4
2018-01-26,0.06637722261370868,4
2018-01-27,1.093236307494057,4
2018-01-28,3.585056946638434,4
2018-01-29,2.6212553698380643,4
2018-01-30,3.8340790916774434,4
2018-01-31,43.90450810304337,4
2018-02-01,18.99978997410729,4
2018-02-02,18.50777846812538,4
2018-02-03,3.433689540032234,4
2018-02-04,4.8767448013327686,4
2018-02-05,52.535709763132445,4
2018-02-06,37.489713747226816,4
2018-02-07,15.83497623597015,4
2018-02-08,8.21191023598125,4
2018-02-09,22.495826679723745,4
2018-02-10,2.0700656429188875,4
2018-02-11,0.011543864802384118,4
2018-02-12,0.005771932401192059,4
2018-02-13,0.0028859662005960296,4
2018-02-14,0.005771932401192059,4
2018-02-15,0.34126863280589936,4
2018-02-16,0.3152391969131837,4
2018-02-17,45.53920152289521,4
2018-02-18,7.933593064194402,4
2018-02-19,0.5377585419957651,4
2018-02-20,0.7712621764552464,4
2018-02-21,0.0,4
2018-02-22,0.23261480836127996,4
2018-02-23,9.432628193293574,4
2018-02-24,13.033681309355531,4
2018-02-25,1.965941527378548,4
2018-02-26,0.07808830767814692,4
2018-02-27,0.8738576307431183,4
2018-02-28,0.0,4
2018-03-01,3.130962911039389,4
2018-03-02,0.10081751422454094,4
2018-03-03,1.3699636267870363,4
2018-03-04,2.0996824066958455,4
2018-03-05,10.594013159025636,4
2018-03-06,6.314122350533051,4
2018-03-07,1.1814552926759572,4
2018-03-08,12.220265702193878,4
2018-03-09,13.296229408110548,4
2018-03-10,5.809539317680138,4
2018-03-11,8.439168937393505,4
2018-03-12,14.461426843605313,4
2018-03-13,0.0,4
2018-03-14,0.6049050853472455,4
2018-03-15,0.0,4
2018-03-16,0.0,4
2018-03-17,11.48964767967658,4
2018-03-18,0.5776096717342449,4
2018-03-19,0.06721981774947064,4
2018-03-20,0.0,4
2018-03-21,0.9110302562450474,4
2018-03-22,4.190601522058376,4
2018-03-23,15.162951840391177,4
2018-03-24,3.5682763376884705,4
2018-03-25,0.3528857245852233,4
2018-03-26,0.5878085356037834,4
2018-03-27,0.0,4
2018-03-28,25.83814330348844,4
2018-03-29,0.005771932401192059,4
2018-03-30,2.3685114459750696,4
2018-03-31,0.0,4
2018-04-01,0.0,4
2018-04-02,0.0,4
2018-04-03,0.0,4
2018-04-04,22.601980031289397,4
2018-04-05,31.380157711284046,4
2018-04-06,1.813179653538901,4
2018-04-07,9.432166049531144,4
2018-04-08,17.819799655482143,4
2018-04-09,7.510670819803124,4
2018-04-10,0.0,4
2018-04-11,7.253153782236197,4
2018-04-12,10.09682014025788,4
2018-04-13,1.5375797102845303,4
2018-04-14,2.0667590416030888,4
2018-04-15,0.5501065082902703,4
2018-04-16,15.233866946556486,4
2018-04-17,15.940051026587664,4
2018-04-18,1.0569814926090582,4
2018-04-19,2.1459576080050664,4
2018-04-20,0.0,4
2018-04-21,0.0,4
2018-04-22,0.0,4
2018-04-23,1.1971394107452547,4
2018-04-24,2.141529680466376,4
2018-04-25,1.3709371300702675,4
2018-04-26,0.0,4
2018-04-27,0.8284718144952778,4
2018-04-28,6.491220956646126,4
2018-04-29,0.0,4
2018-04-30,0.0,4
2018-05-01,0.0028859662005960296,4
2018-05-02,0.0028859662005960296,4
2018-05-03,0.0028859662005960296,4
2018-05-04,0.40615602309875976,4
2018-05-05,3.4378412909282874,4
2018-05-06,0.24373866120336826,4
2018-05-07,1.3698707277549929,4
2018-05-08,14.520367333302584,4
2018-05-09,32.40656693355699,4
2018-05-10,4.016776102151906,4
2018-05-11,0.8517257245071652,4
2018-05-12,0.0028859662005960296,4
2018-05-13,0.0028859662005960296,4
2018-05-14,1.8187286255906878,4
2018-05-15,12.84909966626576,4
2018-05-16,3.245979606019756,4
2018-05-17,0.0,4
2018-05-18,12.132529846597203,4
2018-05-19,0.0028859662005960296,4
2018-05-20,1.2266456561310213,4
2018-05-21,0.0,4
2018-05-22,0.0,4
2018-05-23,0.0,4
2018-05-24,0.0,4
2018-05-25,2.9288761692923346,4
2018-05-26,15.808757147156738,4
2018-05-27,2.890232340033267,4
2018-05-28,0.5834545906664989,4
2018-05-29,6.873966547691027,4
2018-05-30,3.282061404407081,4
2018-05-31,0.6102151415202737,4
2018-06-01,0.0,4
2018-06-02,0.0,4
2018-06-03,0.0028859662005960296,4
2018-06-04,0.7201524305747665,4
2018-06-05,0.3210111293143758,4
2018-06-06,0.0028859662005960296,4
2018-06-07,0.0,4
2018-06-08,0.025973695805364266,4
2018-06-09,0.8874725234072021,4
2018-06-10,0.0028859662005960296,4
2018-06-11,0.0,4
2018-06-12,0.0,4
2018-06-13,0.0,4
2018-06-14,3.1398107945092257,4
2018-06-15,0.2705049608717133,4
2018-06-16,2.258537285842812,4
2018-06-17,0.025973695805364266,4
2018-06-18,7.74455915017866,4
2018-06-19,2.8982699299321153,4
2018-06-20,0.0,4
2018-06-21,0.0028859662005960296,4
2018-06-22,0.0028859662005960296,4
2018-06-23,0.0028859662005960296,4
2018-06-24,0.0028859662005960296,4
2018-06-25,0.0028859662005960296,4
2018-06-26,0.0532947233128665,4
2018-06-27,0.0028859662005960296,4
2018-06-28,0.0,4
2018-06-29,0.5639339509506047,4
2018-06-30,1.7417235533121245,4
2018-07-01,0.11203302958245107,4
2018-07-02,0.0,4
2018-07-03,0.0,4
2018-07-04,0.014429831002980148,4
2018-07-05,0.1301471794635782,4
2018-07-06,0.0028859662005960296,4
2018-07-07,0.0028859662005960296,4
2018-07-08,0.0028859662005960296,4
2018-07-09,0.0,4
2018-07-10,0.0028859662005960296,4
2018-07-11,0.0,4
2018-07-12,2.6410012462745205,4
2018-07-13,0.06721981774947064,4
2018-07-14,0.0028859662005960296,4
2018-07-15,0.0,4
2018-07-16,0.0028859662005960296,4
2018-07-17,0.0,4
2018-07-18,0.0,4
2018-07-19,0.0028859662005960296,4
2018-07-20,0.0028859662005960296,4
2018-07-21,0.0028859662005960296,4
2018-07-22,0.0,4
2018-07-23,0.0,4
2018-07-24,0.05205887178543128,4
2018-07-25,0.05194739161072853,4
2018-07-26,4.10542678994807,4
2018-07-27,0.0,4
2018-07-28,0.0,4
2018-07-29,0.0028859662005960296,4
2018-07-30,0.0,4
2018-07-31,0.0,4
2018-08-01,1.3946038192886954,4
2018-08-02,7.564819872690311,4
2018-08-03,8.991403344693403,4
2018-08-04,3.4313033172079095,4
2018-08-05,0.6497915715782162,4
2018-08-06,2.5145197097043295,4
2018-08-07,6.458440010464196,4
2018-08-08,0.6773978477461025,4
2018-08-09,0.0028859662005960296,4
2018-08-10,0.07214915501490074,4
2018-08-11,0.0028859662005960296,4
2018-08-12,0.0028859662005960296,4
2018-08-13,0.0,4
2018-08-14,0.0,4
2018-08-15,0.0,4
2018-08-16,0.0028859662005960296,4
2018-08-17,0.034631594407152355,4
2018-08-18,2.387354860939719,4
2018-08-19,3.786134009093691,4
2018-08-20,0.0028859662005960296,4
2018-08-21,0.4309008052864304,4
2018-08-22,0.0,4
2018-08-23,0.0,4
2018-08-24,0.0028859662005960296,4
2018-08-25,0.0028859662005960296,4
2018-08-26,0.008657898601788089,4
2018-08-27,2.6763881874172344,4
2018-08-28,7.063657083565603,4
2018-08-29,1.278193849510679,4
2018-08-30,0.5880058276605516,4
2018-08-31,0.05040875711227047,4
2018-09-01,0.0028859662005960296,4
2018-09-02,0.0,4
2018-09-03,0.0,4
2018-09-04,0.23087729604768237,4
2018-09-05,16.664782939821425,4
2018-09-06,0.15140265845871342,4
2018-09-07,0.0,4
2018-09-08,0.044813211832980426,4
2018-09-09,0.0,4
2018-09-10,0.0,4
2018-09-11,0.0,4
2018-09-12,0.8415441070813372,4
2018-09-13,2.032017203537456,4
2018-09-14,0.0028859662005960296,4
2018-09-15,0.7478262323260729,4
2018-09-16,1.8909699784113019,4
2018-09-17,6.949515690626778,4
2018-09-18,4.5015844732315955,4
2018-09-19,5.1120597304095075,4
2018-09-20,0.29414741831563873,4
2018-09-21,4.534176260222968,4
2018-09-22,0.4536788140104342,4
2018-09-23,0.0,4
2018-09-24,0.0,4
2018-09-25,0.0,4
2018-09-26,0.0,4
2018-09-27,0.0,4
2018-09-28,0.0,4
2018-09-29,5.236690005097326,4
2018-09-30,0.49885173799696025,4
2018-10-01,0.0,4
2018-10-02,0.0,4
2018-10-03,0.0,4
2018-10-04,0.0,4
2018-10-05,27.962295697849317,4
2018-10-06,3.0152826741024326,4
2018-10-07,1.5799152772232425,4
2018-10-08,1.6407052745874018,4
2018-10-09,0.0,4
2018-10-10,0.0028859662005960296,4
2018-10-11,0.0,4
2018-10-12,3.22616045518531,4
2018-10-13,0.0,4
2018-10-14,0.0028859662005960296,4
2018-10-15,9.053751763268696,4
2018-10-16,0.19112506157877981,4
2018-10-17,2.940103229700436,4
2018-10-18,5.792648705517571,4
2018-10-19,3.758099065647789,4
2018-10-20,13.689166833613772,4
2018-10-21,0.4222429066846423,4
2018-10-22,0.0,4
2018-10-23,0.0,4
2018-10-24,0.0,4
2018-10-25,5.754324472202532,4
2018-10-26,18.923081316688087,4
2018-10-27,6.959424258247692,4
2018-10-28,9.11452849847052,4
2018-10-29,0.5618023354152264,4
2018-10-30,0.6640019146752044,4
2018-10-31,0.7904905002204771,3
2018-11-01,0.23426492303444077,4
2018-11-02,0.7673468720419672,4
2018-11-03,0.0,4
2018-11-04,0.17027200583516575,4
2018-11-05,4.9307728080015325,4
2018-11-06,13.377465248340593,4
2018-11-07,2.6244398471572126,4
2018-11-08,17.711967898011675,4
2018-11-09,54.605579821830304,4
2018-11-10,19.842891211781236,4
2018-11-11,0.867287057797447,4
2018-11-12,1.5372326848552962,4
2018-11-13,3.2291882648587107,4
2018-11-14,0.4545851744192743,4
2018-11-15,0.022406605916490213,4
2018-11-16,0.0,4
2018-11-17,0.0490614254101325,4
2018-11-18,2.48434027461037,4
2018-11-19,0.06721981774947064,4
2018-11-20,2.8172274696875874,4
2018-11-21,7.816537076976845,4
2018-11-22,4.120294072379884,4
2018-11-23,1.204239050214531,4
2018-11-24,1.638549186831643,4
2018-11-25,0.3301320932394992,4
2018-11-26,0.0,4
2018-11-27,11.726954477296438,4
2018-11-28,2.4684367160561314,4
2018-11-29,0.0,4
2018-11-30,0.0,4
2018-12-01,0.6553138424595161,4
2018-12-02,2.737900397001771,4
2018-12-03,44.19137757327183,4
2018-12-04,1.9040526707369718,4
2018-12-05,4.555342970071212,4
2018-12-06,1.9385544512497257,4
2018-12-07,10.6143920811269,4
2018-12-08,27.117091526932214,4
2018-12-09,2.800581491567976,4
2018-12-10,0.07808830767814692,4
2018-12-11,3.7064692141961073,4
2018-12-12,14.02025586406234,4
2018-12-13,0.0,4
2018-12-14,0.0,4
2018-12-15,0.0,4
2018-12-16,0.07808830767814692,4
2018-12-17,0.0,4
2018-12-18,0.0,4
2018-12-19,0.0,4
2018-12-20,10.585838993576797,4
2018-12-21,0.0,4
2018-12-22,6.010077434912065,4
2018-12-23,0.0,4
2018-12-24,5.38100056529171,4
2018-12-25,3.5159907834181845,4
2018-12-26,30.18565076479001,4
2018-12-27,27.703604641489765,4
2018-12-28,47.545103833577286,4
2018-12-29,44.17030654704921,4
2018-12-30,10.348834939208555,4
2018-12-31,8.196266279746407,4
2019-01-01,1.0585838993576797,4
2019-01-02,0.0,4
2019-01-03,0.0,4
2019-01-04,0.0,4
2019-01-05,0.0,4
2019-01-06,0.0023087729604768237,4
2019-01-07,0.0,4
2019-01-08,0.0,4
2019-01-09,0.0,4
2019-01-10,0.05205887178543128,4
2019-01-11,0.07808830767814692,4
2019-01-12,0.0,4
2019-01-13,0.5199557845268422,4
2019-01-14,0.0,4
2019-01-15,0.0,4
2019-01-16,1.7138977418171957,4
2019-01-17,0.13443963549894128,4
2019-01-18,0.0,4
2019-01-19,0.0,4
2019-01-20,0.0,4
2019-01-21,0.0,4
2019-01-22,0.0,4
2019-01-23,0.0,4
2019-01-24,0.0,4
2019-01-25,0.0,4
2019-01-26,0.0,4
2019-01-27,0.0,4
2019-01-28,0.0,4
2019-01-29,3.481504470092984,4
2019-01-30,0.10081751422454094,4
2019-01-31,2.915296819984152,3
2019-02-01,0.0,4
2019-02-02,0.0,4
2019-02-03,0.0,4
2019-02-04,0.0,4
2019-02-05,5.717986343937312,4
2019-02-06,20.12584294891692,4
2019-02-07,5.153553114027346,4
2019-02-08,13.246039304409345,4
2019-02-09,6.745246061770752,4
2019-02-10,5.811010960088954,4
2019-02-11,0.0,4
2019-02-12,0.0,4
2019-02-13,14.500855630111003,4
2019-02-14,12.183865301840923,4
2019-02-15,0.0,4
2019-02-16,0.0023087729604768237,4
2019-02-17,3.2572486616207716,4
2019-02-18,0.47051429944696443,4
2019-02-19,9.0472027382725,4
2019-02-20,2.687735255481736,4
2019-02-21,8.190099080497664,4
2019-02-22,1.069538350408658,4
2019-02-23,3.968082621784604,4
2019-02-24,11.527239991348583,4
2019-02-25,0.011543864802384118,4
2019-02-26,9.504525887672724,4
2019-02-27,2.6935598614362237,4
2019-02-28,0.0,4
2019-03-01,21.859103385000807,4
2019-03-02,0.0,4
2019-03-03,0.0,4
2019-03-04,0.0,4
2019-03-05,0.0,4
2019-03-06,10.106754820684408,4
2019-03-07,0.0,4
2019-03-08,2.6212553698380643,4
2019-03-09,14.260155991891242,4
2019-03-10,1.7440236547316386,4
2019-03-11,5.254165901421979,4
2019-03-12,0.0,4
2019-03-13,0.26887927099788256,4
2019-03-14,0.8583384511321456,4
2019-03-15,20.142385254550405,4
2019-03-16,31.505159365623285,4
2019-03-17,24.073809537471536,4
2019-03-18,0.04155791328858282,4
2019-03-19,7.6770288414968295,4
2019-03-20,23.486506055220463,4
2019-03-21,13.08913366103055,4
2019-03-22,1.3664328108378545,4
2019-03-23,0.9429945546333487,4
2019-03-24,1.8836901149828709,4
2019-03-25,0.7505863799559173,4
2019-03-26,0.0,4
2019-03-27,0.0,4
2019-03-28,0.9875161097535223,4
2019-03-29,3.7661559234884976,4
2019-03-30,0.0,4
2019-03-31,0.6504589977931079,4
2019-04-01,0.6989971691384989,4
2019-04-02,6.8959361065435285,4
2019-04-03,8.971927249729779,4
2019-04-04,0.24119124191587124,4
2019-04-05,0.0,4
2019-04-06,0.05040875711227047,4
2019-04-07,0.0,4
2019-04-08,0.0023087729604768237,4
2019-04-09,0.3509334899924772,4
2019-04-10,55.312387812521266,4
2019-04-11,2.7967835584071206,4
2019-04-12,0.0,4
2019-04-13,0.10642651653133939,4
2019-04-14,1.5012425964048444,4
2019-04-15,4.993159975093472,4
2019-04-16,17.907276817985142,4
2019-04-17,2.446458181824097,4
2019-04-18,7.978327735251091,4
2019-04-19,0.13245595242405503,4
2019-04-20,0.0,4
2019-04-21,0.0,4
2019-04-22,0.0,4
2019-04-23,0.0,4
2019-04-24,4.819606921009223,4
2019-04-25,0.6049050853472455,4
2019-04-26,0.0,4
2019-04-27,0.09927723730050342,4
2019-04-28,0.0,4
2019-04-29,2.9671327314201776,4
2019-04-30,7.138141075381033,4
2019-05-01,0.020778956644291413,4
2019-05-02,5.614352979918866,4
2019-05-03,0.9205837405086815,4
2019-05-04,3.9211560353857875,4
2019-05-05,0.4536788140104342,4
2019-05-06,0.0,4
2019-05-07,4.608303696124268,4
2019-05-08,18.424388585879367,4
2019-05-09,0.7443638906096046,4
2019-05-10,1.0632502948772935,4
2019-05-11,0.0,4
2019-05-12,0.0,4
2019-05-13,0.0,4
2019-05-14,0.0023087729604768237,4
2019-05-15,2.2508952975320593,4
2019-05-16,4.699856468593188,4
2019-05-17,5.878054738339685,4
2019-05-18,18.956497596043647,4
2019-05-19,12.556507169156491,4
2019-05-20,0.5861347664344893,4
2019-05-21,0.0,4
2019-05-22,0.0,4
2019-05-23,0.0,4
2019-05-24,0.07808830767814692,4
2019-05-25,0.0,4
2019-05-26,0.0,4
2019-05-27,0.05040875711227047,4
2019-05-28,0.0,4
2019-05-29,0.0,4
2019-05-30,0.0,4
2019-05-31,0.0,4
2019-06-01,0.0,4
2019-06-02,0.0023087729604768237,4
2019-06-03,0.0,4
2019-06-04,1.0585838993576797,4
2019-06-05,0.0023087729604768237,4
2019-06-06,1.0122062935279625,4
2019-06-07,0.8629559970530992,4
2019-06-08,0.33609908874735317,4
2019-06-09,0.0,4
2019-06-10,0.05079300513049013,4
2019-06-11,1.4356230329808,4
2019-06-12,2.384840076960461,4
2019-06-13,0.7538621845029088,4
2019-06-14,0.5040875711227046,4
2019-06-15,0.0023087729604768237,4
2019-06-16,0.0,4
2019-06-17,0.0023087729604768237,4
2019-06-18,0.1845148242094863,4
2019-06-19,0.0,4
2019-06-20,0.0,4
2019-06-21,0.6761323998831361,4
2019-06-22,2.7880915199736456,4
2019-06-23,0.004617545920953647,4
2019-06-24,0.09193519662643768,4
2019-06-25,0.10642651653133939,4
2019-06-26,0.0,4
2019-06-27,0.0,4
2019-06-28,0.0,4
2019-06-29,0.006926318881430472,4
2019-06-30,1.3363614342368608,4
2019-07-01,0.0,4
2019-07-02,0.0023087729604768237,4
2019-07-03,0.0,4
2019-07-04,0.0,4
2019-07-05,0.07183736367042429,4
2019-07-06,1.0398135804449233,4
2019-07-07,0.0,4
2019-07-08,0.05205887178543128,4
2019-07-09,0.0,4
2019-07-10,0.0023087729604768237,4
2019-07-11,0.0023087729604768237,4
2019-07-12,0.0,4
2019-07-13,0.0,4
2019-07-14,0.20663682238825515,4
2019-07-15,0.0,4
2019-07-16,0.0,4
2019-07-17,0.0,4
2019-07-18,0.39211737802374086,4
2019-07-19,3.7317721768066465,4
2019-07-20,3.704814121011573,4
2019-07-21,3.412144061177001,4
2019-07-22,3.679072552415462,4
2019-07-23,0.818456377476569,4
2019-07-24,0.22406605916490213,4
2019-07-25,0.0,4
2019-07-26,0.0,4
2019-07-27,0.0,4
2019-07-28,0.0,4
2019-07-29,1.7005154915409535,4
2019-07-30,0.5153519360792749,4
2019-07-31,2.923707912511687,4
2019-08-01,0.0,4
2019-08-02,0.0023087729604768237,4
2019-08-03,0.0,4
2019-08-04,0.08039708063862375,4
2019-08-05,2.342426269995002,4
2019-08-06,3.4257311859788753,4
2019-08-07,3.753630269911575,4
2019-08-08,0.5222530598581787,4
2019-08-09,0.0,4
2019-08-10,0.0,4
2019-08-11,0.0,4
2019-08-12,0.0,4
2019-08-13,0.0023087729604768237,4
2019-08-14,0.5558532455889358,4
2019-08-15,0.9900634816199689,4
2019-08-16,0.41647097428345026,4
2019-08-17,0.07645490959137793,4
2019-08-18,0.10312628718501776,4
2019-08-19,0.0,4
2019-08-20,0.0,4
2019-08-21,0.974601870569669,4
2019-08-22,1.1089926564699504,4
2019-08-23,5.18325113874017,4
2019-08-24,1.8948983409198177,4
2019-08-25,1.30214716950949,4
2019-08-26,1.2692223586524407,4
2019-08-27,0.011543864802384118,4
2019-08-28,0.0,4
2019-08-29,0.31697077663354134,4
2019-08-30,0.0,4
2019-08-31,0.0,4
2019-09-01,0.0,4
2019-09-02,0.0,4
2019-09-03,0.0,4
2019-09-04,0.0,4
2019-09-05,0.44648502276964896,4
2019-09-06,1.7143681293038144,4
2019-09-07,2.907468616909284,4
2019-09-08,0.10081751422454094,4
2019-09-09,0.0,4
2019-09-10,0.0,4
2019-09-11,0.0,4
2019-09-12,0.0,4
2019-09-13,0.0,4
2019-09-14,0.0,4
2019-09-15,0.0,4
2019-09-16,0.0,4
2019-09-17,0.0,4
2019-09-18,0.0,4
2019-09-19,0.0,4
2019-09-20,0.0,4
2019-09-21,0.0,4
2019-09-22,0.3707054880519789,4
2019-09-23,1.6774529570387118,4
2019-09-24,0.8616337019670937,4
2019-09-25,0.27347239211950614,4
2019-09-26,0.4342909781960837,4
2019-09-27,26.51988893685859,4
2019-09-28,2.1107047510647092,4
2019-09-29,0.640862123333943,4
2019-09-30,1.7845923114786229,4
2019-10-01,3.7156757403112604,4
2019-10-02,0.0,4
2019-10-03,0.0,4
2019-10-04,1.1410876063365996,4
2019-10-05,3.1098113936902196,4
2019-10-06,0.0,4
2019-10-07,0.0,4
2019-10-08,0.0,4
2019-10-09,0.0,4
2019-10-10,29.525053464739983,4
2019-10-11,0.48304962063519336,4
2019-10-12,0.0,4
2019-10-13,0.0,4
2019-10-14,0.0,4
2019-10-15,0.0,4
2019-10-16,0.0,4
2019-10-17,0.0,4
2019-10-18,0.0,4
2019-10-19,0.26887927099788256,4
2019-10-20,0.1683901062178156,4
2019-10-21,0.9034627659658894,4
2019-10-22,0.5186058050826232,4
2019-10-23,0.023087729604768237,4
2019-10-24,1.6217031998363165,4
2019-10-25,0.0,4
2019-10-26,0.03694036736762918,4
2019-10-27,41.66567578290597,4
2019-10-28,1.9155571950656076,4
2019-10-29,0.0,4
2019-10-30,0.0,4
2019-10-31,0.0,4
2019-11-01,0.1662316531543313,4
2019-11-02,48.816600350896415,4
2019-11-03,1.9782371278463886,4
2019-11-04,0.0,4
2019-11-05,0.0,4
2019-11-06,0.0,4
2019-11-07,1.1482347478229706,4
2019-11-08,0.15122627133681138,4
2019-11-09,0.0,4
2019-11-10,0.0,4
2019-11-11,0.05079300513049013,4
2019-11-12,20.22742533158872,4
2019-11-13,42.02268457236058,4
2019-11-14,40.739744363969116,4
2019-11-15,14.222621873183495,4
2019-11-16,6.04332282490087,4
2019-11-17,1.8218394625734944,4
2019-11-18,9.662940086778178,4
2019-11-19,33.65901634939546,4
2019-11-20,14.904569188505317,4
2019-11-21,12.765242028303565,4
2019-11-22,9.495687212054133,4
2019-11-23,17.287252595250678,4
2019-11-24,19.677254367885542,4
2019-11-25,0.8817005910060101,4
2019-11-26,0.6553138424595161,4
2019-11-27,0.0,4
2019-11-28,0.0,4
2019-11-29,4.756439038618235,4
2019-11-30,13.492679958215644,4
2019-12-01,15.022149365006861,4
2019-12-02,42.222045508042356,4
2019-12-03,15.046886859569682,4
2019-12-04,3.326838018350495,4
2019-12-05,1.6985151539794563,4
2019-12-06,2.6853561109899586,4
2019-12-07,49.99719632207993,4
2019-12-08,2.0025699103768733,4
2019-12-09,0.5466181537470285,4
2019-12-10,0.0,4
2019-12-11,0.0,4
2019-12-12,0.0,4
2019-12-13,0.0,4
2019-12-14,0.0,4
2019-12-15,0.9387355317707693,4
2019-12-16,0.0,4
2019-12-17,0.0023087729604768237,4
2019-12-18,0.0,4
2019-12-19,0.0,4
2019-12-20,0.0,4
2019-12-21,0.044813211832980426,4
2019-12-22,0.0,4
2019-12-23,0.08962642366596085,4
2019-12-24,0.0969684643400266,4
2019-12-25,5.862285001413149,4
2019-12-26,5.137613419435548,4
2019-12-27,0.0,4
2019-12-28,3.232377447501034,4
2019-12-29,5.983244903391165,4
2019-12-30,11.09341400333577,4
2019-12-31,28.677571036149697,4
2020-01-01,3.461490879306782,4
2020-01-02,0.09004214545859612,4
2020-01-03,14.06318865034909,4
2020-01-04,29.527736912269148,4
2020-01-05,7.115956541468323,4
2020-01-06,1.6085882435733319,4
2020-01-07,0.0,4
2020-01-08,0.0,4
2020-01-09,0.0,4
2020-01-10,0.0,4
2020-01-11,0.0,4
2020-01-12,0.0,4
2020-01-13,0.03924914032810601,4
2020-01-14,8.057422537940385,4
2020-01-15,1.457648409992076,4
2020-01-16,0.0,4
2020-01-17,0.3047580307829407,4
2020-01-18,70.63076466995797,4
2020-01-19,11.591496278331809,4
2020-01-20,22.789021165947553,4
2020-01-21,30.185402562168637,4
2020-01-22,24.862085544359985,4
2020-01-23,18.363006096619124,4
2020-01-24,31.911295033164134,4
2020-01-25,100.48078620122124,4
2020-01-26,47.76124226872432,4
2020-01-27,1.1090649201188658,4
2020-01-28,9.856207170860635,4
2020-01-29,10.585838993576797,4
2020-01-30,0.0,4
2020-01-31,0.0,4
2020-02-01,0.0,4
2020-02-02,5.3153505275042185,4
2020-02-03,15.22918674198095,4
2020-02-04,0.0,4
2020-02-05,0.31697077663354134,4
2020-02-06,7.712539838177381,4
2020-02-07,3.2132745578014092,4
2020-02-08,0.769655645002444,4
2020-02-09,3.3408930545175184,4
2020-02-10,7.9256102051783435,4
2020-02-11,2.0477024632808742,4
2020-02-12,14.096570786783936,4
2020-02-13,1.2378367466896014,4
2020-02-14,3.1165338977606556,4
2020-02-15,19.5426123618187,4
2020-02-16,2.318802827164441,4
2020-02-17,0.2935946498748496,4
2020-02-18,0.0,4
2020-02-19,0.0,4
2020-02-20,0.0,4
2020-02-21,0.0,4
2020-02-22,14.082223013081085,4
2020-02-23,30.75723102232782,4
2020-02-24,0.11236137902692506,4
2020-02-25,0.27811436283978985,4
2020-02-26,2.141340062084113,4
2020-02-27,4.50770995536076,4
2020-02-28,81.02417557540352,4
2020-02-29,18.6094745911198,4
2020-03-01,13.834881872506719,4
2020-03-02,57.884246688000545,4
2020-03-03,4.723272369296333,4
2020-03-04,1.52658650892079,4
2020-03-05,2.657353959794178,4
2020-03-06,22.427489568998325,4
2020-03-07,1.221235053016679,4
2020-03-08,6.713612423736514,4
2020-03-09,1.8244008213247684,4
2020-03-10,4.564325958558591,4
2020-03-11,0.027705275525721888,4
2020-03-12,2.5588653913366763,4
2020-03-13,2.4975494921656947,4
2020-03-14,1.8842926963503444,4
2020-03-15,2.1106930802704436,4
2020-03-16,0.0,4
2020-03-17,0.0,4
2020-03-18,1.6349149066473276,4
2020-03-19,1.1815115626206274,4
2020-03-20,0.0,4
2020-03-21,30.177223000259715,4
2020-03-22,3.0339662927874977,4
2020-03-23,6.486365228770831,4
2020-03-24,0.0023087729604768237,4
2020-03-25,0.0,4
2020-03-26,0.0,4
2020-03-27,0.13443963549894128,4
2020-03-28,0.0,4
2020-03-29,0.0,4
2020-03-30,0.0,4
2020-03-31,16.773461352141073,4
2020-04-01,0.20235207456583032,4
2020-04-02,8.303331022000355,4
2020-04-03,0.8675735429740529,4
2020-04-04,6.785696894482339,4
2020-04-05,1.5626714704803844,4
2020-04-06,0.2520437855613523,4
2020-04-07,0.10158601026098026,4
2020-04-08,13.373227470837598,4
2020-04-09,1.683670049081676,4
2020-04-10,3.3232077206072086,4
2020-04-11,1.0043047049897604,4
2020-04-12,2.136409756309687,4
2020-04-13,0.33838266660530336,4
2020-04-14,0.0,4
2020-04-15,0.0,4
2020-04-16,0.0,4
2020-04-17,7.567690705698422,4
2020-04-18,0.3123532307125877,4
2020-04-19,0.0,4
2020-04-20,0.0,4
2020-04-21,0.0,4
2020-04-22,0.0,4
2020-04-23,0.0,4
2020-04-24,0.0,4
2020-04-25,0.6336222121960624,4
2020-04-26,0.0023087729604768237,4
2020-04-27,0.5627795644703663,4
2020-04-28,0.8065401137963275,4
2020-04-29,0.09193519662643768,4
2020-04-30,0.3528612997858932,4
2020-05-01,0.0023087729604768237,4
2020-05-02,0.15122627133681138,4
2020-05-03,0.0,4
2020-05-04,0.0,4
2020-05-05,0.0,4
2020-05-06,0.0,4
2020-05-07,0.025396502565245064,4
2020-05-08,7.524056007484489,4
2020-05-09,0.0023087729604768237,4
2020-05-10,0.0,4
2020-05-11,0.0023087729604768237,4
2020-05-12,0.0,4
2020-05-13,0.28137345080038956,4
2020-05-14,0.0,4
2020-05-15,15.305141329121573,4
2020-05-16,10.063022015819286,4
2020-05-17,17.01300387129737,4
2020-05-18,0.0,4
2020-05-19,2.3525939005360033,4
2020-05-20,1.4840878188628568,4
2020-05-21,1.2939387482784823,4
2020-05-22,0.6270152343856522,4
2020-05-23,0.004617545920953647,4
2020-05-24,0.07808830767814692,4
2020-05-25,32.48389604987221,4
2020-05-26,1.509024790647961,4
2020-05-27,0.0023087729604768237,4
2020-05-28,0.0023087729604768237,4
2020-05-29,0.0023087729604768237,4
2020-05-30,0.0,4
2020-05-31,0.0023087729604768237,4
2020-06-01,0.0023087729604768237,4
2020-06-02,0.05271753007274729,4
2020-06-03,0.0,4
2020-06-04,0.0,4
2020-06-05,0.0,4
2020-06-06,0.0,4
2020-06-07,0.0,4
2020-06-08,0.0023087729604768237,4
2020-06-09,0.10081751422454094,4
2020-06-10,0.0,4
2020-06-11,0.0,4
2020-06-12,0.0,4
2020-06-13,0.0,4
2020-06-14,0.0023087729604768237,4
2020-06-15,18.672117666569616,4
2020-06-16,12.924757032086404,4
2020-06-17,2.3075242462152707,4
2020-06-18,3.048387597853292,4
2020-06-19,1.178280270083585,4
2020-06-20,0.0023087729604768237,4
2020-06-21,0.0,4
2020-06-22,0.0023087729604768237,4
2020-06-23,0.0023087729604768237,4
2020-06-24,0.10312628718501776,4
2020-06-25,0.0,4
2020-06-26,0.0023087729604768237,4
2020-06-27,0.0023087729604768237,4
2020-06-28,0.10081751422454094,4
2020-06-29,2.9196914055557004,4
2020-06-30,4.640849164036585,4
2020-07-01,2.421929114349459,4
2020-07-02,0.4705387242462945,4
2020-07-03,15.575974428645178,4
2020-07-04,1.4306138823399102,4
2020-07-05,0.426382211302262,4
2020-07-06,3.3705994265698296,4
2020-07-07,0.0023087729604768237,4
2020-07-08,0.0023087729604768237,4
2020-07-09,0.0,4
2020-07-10,0.10642651653133939,4
2020-07-11,0.3528612997858932,4
2020-07-12,0.07157196177478153,4
2020-07-13,0.0,4
2020-07-14,0.0,4
2020-07-15,1.6807736923876275,4
2020-07-16,1.9611462596367437,4
2020-07-17,1.093236307494057,4
2020-07-18,0.0,4
2020-07-19,1.8076173829460007,4
2020-07-20,0.4705387242462945,4
2020-07-21,0.0023087729604768237,4
2020-07-22,0.0023087729604768237,4
2020-07-23,0.15122627133681138,4
2020-07-24,0.0023087729604768237,4
2020-07-25,0.0,4
2020-07-26,0.011543864802384118,4
2020-07-27,2.0524394034969133,4
2020-07-28,0.2039438014095587,4
2020-07-29,0.0,4
2020-07-30,0.01847018368381459,4
2020-07-31,22.721163873259037,4
2020-08-01,11.639262683335438,4
2020-08-02,0.6547090122822337,4
2020-08-03,0.40327005689816375,4
2020-08-04,0.020778956644291413,4
2020-08-05,1.918299662781036,4
2020-08-06,0.6286795763895181,4
2020-08-07,0.24119124191587124,4
2020-08-08,0.006926318881430472,4
2020-08-09,0.13443963549894128,4
2020-08-10,0.0,4
2020-08-11,0.0,4
2020-08-12,0.0,4
2020-08-13,0.0,4
2020-08-14,0.0023087729604768237,4
2020-08-15,0.0023087729604768237,4
2020-08-16,0.0,4
2020-08-17,0.0,4
2020-08-18,0.0,4
2020-08-19,0.0,4
2020-08-20,0.37364719433992627,4
2020-08-21,0.0,4
2020-08-22,2.423651492671535,4
2020-08-23,1.1921424643924081,4
2020-08-24,0.364412102498019,4
2020-08-25,4.335153111655259,4
2020-08-26,1.457648409992076,4
2020-08-27,0.011543864802384118,4
2020-08-28,2.5290934907267717,4
2020-08-29,0.9578386487820545,4
2020-08-30,0.0023087729604768237,4
2020-08-31,0.0,4
2020-09-01,0.0,4
2020-09-02,0.0,4
2020-09-03,0.0,4
2020-09-04,0.0023087729604768237,4
2020-09-05,0.0,4
2020-09-06,0.0023087729604768237,4
2020-09-07,0.0,4
2020-09-08,0.0,4
2020-09-09,0.0023087729604768237,4
2020-09-10,0.0,4
2020-09-11,0.0,4
2020-09-12,0.0,4
2020-09-13,0.15617661535629385,4
2020-09-14,0.08039708063862375,4
2020-09-15,0.0,4
2020-09-16,0.0,4
2020-09-17,0.0,4
2020-09-18,0.0,4
2020-09-19,0.0,4
2020-09-20,0.0,4
2020-09-21,0.0,4
2020-09-22,0.8444858133692846,4
2020-09-23,7.218409043351588,4
2020-09-24,11.480352111226336,4
2020-09-25,6.945482704441252,4
2020-09-26,0.0,4
2020-09-27,6.4019121532583485,4
2020-09-28,0.0,4
2020-09-29,0.0,4
2020-09-30,2.3751002271479624,4
2020-10-01,0.0,4
2020-10-02,0.0,4
2020-10-03,0.0,4
2020-10-04,0.006926318881430472,4
2020-10-05,0.027705275525721888,4
2020-10-06,0.0,4
2020-10-07,0.0,4
2020-10-08,0.0,4
2020-10-09,0.0,4
2020-10-10,1.5697353787499047,4
2020-10-11,7.361223562923012,4
2020-10-12,21.057007635711713,4
2020-10-13,1.2200476866940648,4
2020-10-14,7.70471302424383,4
2020-10-15,2.0605158477967827,4
2020-10-16,12.177884190067706,4
2020-10-17,9.560323802789439,4
2020-10-18,1.689963434635636,4
2020-10-19,3.1680513729903637,4
2020-10-20,0.9951154253183176,4
2020-10-21,12.443303131349513,4
2020-10-22,7.666592549501303,4
2020-10-23,3.587822157828161,4
2020-10-24,11.072806085771429,4
2020-10-25,10.913550828795977,4
2020-10-26,15.097544375429088,4
2020-10-27,0.0,4
2020-10-28,0.0,4
2020-10-29,2.186472614988114,4
2020-10-30,0.46830688571947604,4
2020-10-31,66.65061626193656,4
2020-11-01,3.3355360460444174,4
2020-11-02,0.0,4
2020-11-03,0.0023087729604768237,4
2020-11-04,0.0,4
2020-11-05,0.1367484084594181,4
2020-11-06,0.016161410723337766,4
2020-11-07,0.009235091841907295,4
2020-11-08,0.8850008203523317,4
2020-11-09,0.0,4
2020-11-10,0.08962642366596085,4
2020-11-11,0.0,4
2020-11-12,0.0023087729604768237,4
2020-11-13,4.707624319259283,4
2020-11-14,3.092087050957681,4
2020-11-15,6.0546538157571295,4
2020-11-16,2.814940728657367,4
2020-11-17,1.8560591735697767,4
2020-11-18,12.529520463834835,4
2020-11-19,1.7138977418171957,4
2020-11-20,11.26449841138053,4
2020-11-21,0.4187797472439271,4
2020-11-22,3.9960800217806707,4
2020-11-23,6.672988282026787,4
2020-11-24,2.971438884928927,4
2020-11-25,8.992524698729245,4
2020-11-26,1.0929035093955282,4
2020-11-27,0.0,4
2020-11-28,1.7410981351727648,4
2020-11-29,2.801016197072002,4
2020-11-30,0.044813211832980426,4
2020-12-01,0.0,4
2020-12-02,0.8896183662732854,4
2020-12-03,7.358204375825011,4
2020-12-04,3.648829202808188,4
2020-12-05,1.6351514281125001,4
2020-12-06,48.87997643585711,4
2020-12-07,0.0,4
2020-12-08,0.8329419485669005,4
2020-12-09,8.686701095986292,4
2020-12-10,51.59485353660579,4
2020-12-11,19.05406953466516,4
2020-12-12,1.1089926564699504,4
2020-12-13,0.0,4
2020-12-14,0.0,4
2020-12-15,0.0,4
2020-12-16,0.0,4
2020-12-17,0.0,4
2020-12-18,0.0,4
2020-12-19,0.01847018368381459,4
2020-12-20,0.9383989442560383,4
2020-12-21,4.195386603669659,4
2020-12-22,9.369928040329414,4
2020-12-23,5.454211198257047,4
2020-12-24,4.632360699968228,4
2020-12-25,8.494067697426683,4
2020-12-26,0.0023087729604768237,4
2020-12-27,0.5466181537470285,4
2020-12-28,0.0,4
2020-12-29,0.0,4
2020-12-30,0.0,4
2020-12-31,0.0,4
2021-01-01,3.4277954836343913,4
2021-01-02,4.549267868649343,4
2021-01-03,45.14937918123323,4
2021-01-04,5.37702364957306,4
2021-01-05,0.4705387242462945,4
2021-01-06,2.9741166696239576,4
2021-01-07,0.0,4
2021-01-08,5.4494227836280755,4
2021-01-09,10.360619175995017,4
2021-01-10,15.569778112703979,4
2021-01-11,0.0,4
2021-01-12,0.0,4
2021-01-13,19.457780245336398,4
2021-01-14,0.0,4
2021-01-15,0.28965822764217397,4
2021-01-16,2.135553880948001,4
2021-01-17,10.737065264913609,4
2021-01-18,0.0,4
2021-01-19,0.0,4
2021-01-20,0.0,4
2021-01-21,0.0,4
2021-01-22,2.9289264973976077,4
2021-01-23,2.720630133170763,4
2021-01-24,1.3829082326096171,4
2021-01-25,0.0,4
2021-01-26,0.0,4
2021-01-27,0.0,4
2021-01-28,0.0,4
2021-01-29,0.0,4
2021-01-30,0.0,4
2021-01-31,2.369211584276712,4
2021-02-01,0.0,4
2021-02-02,0.0,4
2021-02-03,0.0,4
2021-02-04,0.0,4
2021-02-05,0.0,4
2021-02-06,5.381061560419258,4
2021-02-07,11.107498322974955,4
2021-02-08,73.5607030202465,4
2021-02-09,11.224448916484825,4
2021-02-10,4.36520963134099,4
2021-02-11,0.10411774357086256,4
2021-02-12,1.6336985488288993,4
2021-02-13,0.5153519360792749,4
2021-02-14,0.044813211832980426,4
2021-02-15,2.411153745583514,4
2021-02-16,20.672195592496152,4
2021-02-17,13.682608818056112,4
2021-02-18,19.230331109953813,4
2021-02-19,13.340580440873874,4
2021-02-20,24.506055433624457,4
2021-02-21,11.834792686396552,4
2021-02-22,7.873663423336703,4
2021-02-23,23.27919450088465,4
2021-02-24,11.304739286167816,4
2021-02-25,4.089328215708219,4
2021-02-26,0.0,4
2021-02-27,1.3736766897380341,4
2021-02-28,6.299917123029616,4
2021-03-01,5.522063951130101,4
2021-03-02,0.7417267682046538,4
2021-03-03,0.0,4
2021-03-04,0.0,4
2021-03-05,0.0,4
2021-03-06,0.0,4
2021-03-07,22.0224153277145,4
2021-03-08,57.98356742874253,4
2021-03-09,25.158893513809563,4
2021-03-10,29.475763675543277,4
2021-03-11,58.26079924081539,4
2021-03-12,2.904018641307879,4
2021-03-13,0.0,4
2021-03-14,0.0023087729604768237,4
2021-03-15,0.0,4
2021-03-16,0.0023087729604768237,4
2021-03-17,0.0,4
2021-03-18,0.0023087729604768237,4
2021-03-19,12.48047949548505,4
2021-03-20,1.4363315516158504,4
2021-03-21,0.9456618506521998,4
2021-03-22,0.5153030864806148,4
2021-03-23,0.0,4
2021-03-24,0.0,4
2021-03-25,2.369211584276712,4
2021-03-26,2.6212553698380643,4
2021-03-27,0.0,4
2021-03-28,9.633502892903495,4
2021-03-29,0.12126812142435836,4
2021-03-30,6.533210794931262,4
2021-03-31,6.910403925006118,4
2021-04-01,8.930594042011528,4
2021-04-02,3.4283300698647934,4
2021-04-03,23.606867185565882,4
2021-04-04,8.133597947685947,4
2021-04-05,2.194630110975777,4
2021-04-06,0.0,4
2021-04-07,3.63864758538236,4
2021-04-08,6.687334912806837,4
2021-04-09,2.9925084385713876,4
2021-04-10,0.0,4
2021-04-11,0.0,4
2021-04-12,0.0023087729604768237,4
2021-04-13,0.0,4
2021-04-14,0.0,4
2021-04-15,0.08039708063862375,4
2021-04-16,0.0,4
2021-04-17,0.3213653622050895,4
2021-04-18,5.821484523639031,4
2021-04-19,0.03924914032810601,4
2021-04-20,12.453660025125096,4
2021-04-21,0.0,4
2021-04-22,0.06464564289335106,4
2021-04-23,1.952207691953673,4
2021-04-24,0.0,4
2021-04-25,0.0,4
2021-04-26,0.24242116085006649,4
2021-04-27,15.520459597178867,4
2021-04-28,0.0023087729604768237,4
2021-04-29,0.38783861946176407,4
2021-04-30,0.6332913734959016,4
2021-05-01,1.6171285142535747,4
2021-05-02,2.1879276941159604,4
2021-05-03,8.565131406407083,4
2021-05-04,0.0,4
2021-05-05,0.3123532307125877,4
2021-05-06,0.07808830767814692,4
2021-05-07,0.7216289352486405,4
2021-05-08,5.004355049933428,4
2021-05-09,0.09030754735423888,4
2021-05-10,0.9673873328804119,4
2021-05-11,2.706316535086712,4
2021-05-12,0.0,4
2021-05-13,0.0,4
2021-05-14,0.0023087729604768237,4
2021-05-15,0.0,4
2021-05-16,0.0,4
2021-05-17,0.08962642366596085,4
2021-05-18,0.0,4
2021-05-19,0.07808830767814692,4
2021-05-20,0.05205887178543128,4
2021-05-21,0.0023087729604768237,4
2021-05-22,0.0,4
2021-05-23,0.0,4
2021-05-24,0.0023087729604768237,4
2021-05-25,0.8161476045160921,4
2021-05-26,0.0,4
2021-05-27,0.023087729604768237,4
2021-05-28,0.9110302562450474,4
2021-05-29,0.0023087729604768237,4
2021-05-30,0.0,4
2021-05-31,0.0,4
2021-06-01,0.0,4
2021-06-02,0.0,4
2021-06-03,0.0,4
2021-06-04,0.0,4
2021-06-05,3.4504984335675077,4
2021-06-06,1.5321642778990507,4
2021-06-07,1.9626547550597349,4
2021-06-08,3.0861985488050685,4
2021-06-09,2.2458677786330408,4
2021-06-10,1.67783773491425,4
2021-06-11,5.637379672407608,4
2021-06-12,25.521895802973805,4
2021-06-13,0.044813211832980426,4
2021-06-14,0.0,4
2021-06-15,0.0,4
2021-06-16,0.0,4
2021-06-17,0.0,4
2021-06-18,0.004617545920953647,4
2021-06-19,0.4204555868769333,4
2021-06-20,0.2705184178992217,4
2021-06-21,0.0,4
2021-06-22,0.0,4
2021-06-23,0.0023087729604768237,4
2021-06-24,0.4421810691051455,4
2021-06-25,0.0,4
2021-06-26,0.0,4
2021-06-27,0.0023087729604768237,4
2021-06-28,0.0,4
2021-06-29,0.0023087729604768237,4
2021-06-30,0.0,4
2021-07-01,0.0,4
2021-07-02,0.0,4
2021-07-03,0.0,4
2021-07-04,0.0,4
2021-07-05,0.0023087729604768237,4
2021-07-06,0.0,4
2021-07-07,0.0,4
2021-07-08,0.0,4
2021-07-09,0.0,4
2021-07-10,0.0023087729604768237,4
2021-07-11,0.0,4
2021-07-12,0.0,4
2021-07-13,1.042853275341632,4
2021-07-14,0.2672206778085869,4
2021-07-15,0.1535350442972882,4
2021-07-16,0.0,4
2021-07-17,0.5205887178543128,4
2021-07-18,0.0023087729604768237,4
2021-07-19,0.0023087729604768237,4
2021-07-20,0.3667208754584958,4
2021-07-21,0.0,4
2021-07-22,0.0,4
2021-07-23,0.08039708063862375,4
2021-07-24,0.004617545920953647,4
2021-07-25,0.0,4
2021-07-26,0.10411774357086256,4
2021-07-27,0.0023087729604768237,4
2021-07-28,0.05310177809096694,4
2021-07-29,0.0,4
2021-07-30,0.0,4
2021-07-31,0.009235091841907295,4
2021-08-01,2.1614882852451798,4
2021-08-02,0.13476472538453185,4
2021-08-03,0.0,4
2021-08-04,0.0023087729604768237,4
2021-08-05,1.917986070524586,4
2021-08-06,3.039514288628643,4
2021-08-07,1.3298278418897849,4
2021-08-08,3.9492307283038195,4
2021-08-09,0.0,4
2021-08-10,0.33609908874735317,4
2021-08-11,0.0,4
2021-08-12,0.0,4
2021-08-13,0.11104406245229304,4
2021-08-14,0.0,4
2021-08-15,0.2734968169188362,4
2021-08-16,0.13245595242405503,4
2021-08-17,0.40327005689816375,4
2021-08-18,0.6323024063657435,4
2021-08-19,0.0023087729604768237,4
2021-08-20,0.022406605916490213,4
2021-08-21,0.0,4
2021-08-22,0.0023087729604768237,4
2021-08-23,0.0,4
2021-08-24,0.0,4
2021-08-25,0.0023087729604768237,4
2021-08-26,0.0,4
2021-08-27,0.0,4
2021-08-28,0.0,4
2021-08-29,1.0082583736661466,4
2021-08-30,1.3682032501402044,4
2021-08-31,13.949541537614053,4
2021-09-01,11.388903727465356,4
2021-09-02,13.17946423052409,4
2021-09-03,4.458597054990261,4
2021-09-04,1.379560102313929,4
2021-09-05,0.0,4
2021-09-06,0.0,4
2021-09-07,0.2602943589271564,4
2021-09-08,0.0,4
2021-09-09,0.0,4
2021-09-10,0.0,4
2021-09-11,0.0,4
2021-09-12,0.0,4
2021-09-13,0.0,4
2021-09-14,0.0,4
2021-09-15,0.0,4
2021-09-16,0.0,4
2021-09-17,0.408905973259979,4
2021-09-18,0.0,4
2021-09-19,0.0,4
2021-09-20,0.0,4
2021-09-21,0.0,4
2021-09-22,0.0023087729604768237,4
2021-09-23,0.0,4
2021-09-24,0.4550332421087081,4
2021-09-25,0.0,4
2021-09-26,0.0,4
2021-09-27,0.0,4
2021-09-28,3.9494690491364532,4
2021-09-29,1.1594014135822206,4
2021-09-30,0.0,4
2021-10-01,0.0,4
2021-10-02,4.083109326093908,4
2021-10-03,0.20165945324841192,4
2021-10-04,0.0,4
2021-10-05,6.7626912283115175,4
2021-10-06,2.475503658117387,4
2021-10-07,8.108561279698614,4
2021-10-08,1.374309623065505,4
2021-10-09,1.8626179610193794,4
2021-10-10,10.272176236506233,4
2021-10-11,32.071740467347524,4
2021-10-12,67.54200072615413,4
2021-10-13,6.0566495446336654,4
2021-10-14,5.998739795557506,4
2021-10-15,0.0,4
2021-10-16,0.01847018368381459,4
2021-10-17,6.9928286796454575,4
2021-10-18,11.186614117967855,4
2021-10-19,61.71246160734298,4
2021-10-20,12.060940366483425,4
2021-10-21,9.872577934416952,4
2021-10-22,0.14563072605752136,4
2021-10-23,0.0,4
2021-10-24,0.0,4
2021-10-25,0.0,4
2021-10-26,0.08962642366596085,4
2021-10-27,0.044813211832980426,4
2021-10-28,3.032443202003503,4
2021-10-29,0.6807499458040898,4
2021-10-30,16.967468732560032,4
2021-10-31,21.304424149004962,4
2021-11-01,31.234170385483573,4
2021-11-02,27.45654956169033,4
2021-11-03,1.1630740418063996,4
2021-11-04,0.6952355168944213,4
2021-11-05,2.8857957247303707,4
2021-11-06,5.603960252083031,4
2021-11-07,0.317640402692679,4
2021-11-08,0.004617545920953647,4
2021-11-09,24.001376770602807,4
2021-11-10,4.924038824321312,4
2021-11-11,13.504365699233151,4
2021-11-12,11.666354718424657,4
2021-11-13,8.181022983730172,4
2021-11-14,0.11502292623120591,4
2021-11-15,1.9189325961085066,4
2021-11-16,0.020778956644291413,4
2021-11-17,2.162751952055875,4
2021-11-18,0.006926318881430472,4
2021-11-19,0.062336869932874246,4
2021-11-20,11.68890589542357,4
2021-11-21,27.92864592832296,4
2021-11-22,29.48824450781579,4
2021-11-23,6.099459610584726,4
2021-11-24,0.0,4
2021-11-25,0.0,4
2021-11-26,0.0,4
2021-11-27,9.746218120819194,4
2021-11-28,11.879180809575136,4
2021-11-29,5.637069452571499,4
2021-11-30,11.704233685621885,4
2021-12-01,22.87283353443499,4
2021-12-02,2.3979221920077616,4
2021-12-03,6.38499475128456,4
2021-12-04,22.108136882340094,4
2021-12-05,0.0023087729604768237,4
2021-12-06,3.9758294234565685,4
2021-12-07,17.893364473917142,4
2021-12-08,51.700534019116795,4
2021-12-09,13.493351381846129,4
2021-12-10,2.6212553698380643,4
2021-12-11,0.0,4
2021-12-12,0.0,4
2021-12-13,0.0023087729604768237,4
2021-12-14,0.9096664009813452,4
2021-12-15,0.313692482830863,4
2021-12-16,0.0,4
2021-12-17,0.0,4
2021-12-18,0.20778956644291413,4
2021-12-19,12.748595211351326,4
2021-12-20,8.8165417960644,4
2021-12-21,15.407878887187831,4
2021-12-22,0.0,4
2021-12-23,4.702704924337869,4
2021-12-24,2.232745305637433,4
2021-12-25,0.0,4
2021-12-26,0.0,4
2021-12-27,0.0,4
2021-12-28,3.041336487373428,4
2021-12-29,3.8423054806897956,4
2021-12-30,6.123184522716541,4
2021-12-31,0.4705387242462945,4
2022-01-01,1.6398544612410852,4
2022-01-02,0.0,4
2022-01-03,0.0,4
2022-01-04,0.0,4
2022-01-05,0.0,4
2022-01-06,0.0,4
2022-01-07,24.204358483313246,4
2022-01-08,27.32332904795398,4
2022-01-09,59.66469451262334,4
2022-01-10,17.637430733149497,4
2022-01-11,1.254769931323452,4
2022-01-12,0.022406605916490213,4
2022-01-13,0.0,4
2022-01-14,0.0,4
2022-01-15,4.183926840318449,4
2022-01-16,0.0,4
2022-01-17,0.0,4
2022-01-18,0.0,4
2022-01-19,0.0,4
2022-01-20,0.0,4
2022-01-21,0.313692482830863,4
2022-01-22,5.2458109690224495,4
2022-01-23,1.5626714704803844,4
2022-01-24,25.607648613033394,4
2022-01-25,7.8141021501576375,4
2022-01-26,0.8329419485669005,4
2022-01-27,0.0,4
2022-01-28,0.0,4
2022-01-29,0.08962642366596085,4
2022-01-30,0.0,4
2022-01-31,12.65631348611482,4
2022-02-01,16.847539914222992,4
2022-02-02,40.92584128088483,4
2022-02-03,35.26951504961417,4
2022-02-04,18.38400682788159,4
2022-02-05,11.628528552297595,4
2022-02-06,6.939621845655454,4
2022-02-07,3.461542574853323,4
2022-02-08,0.0,4
2022-02-09,13.804121274274161,4
2022-02-10,16.590762426896102,4
2022-02-11,33.14605911674859,4
2022-02-12,11.454207000380794,4
2022-02-13,12.753928135198212,4
2022-02-14,10.373208272963776,4
2022-02-15,22.336365645766662,4
2022-02-16,11.755725373791968,4
2022-02-17,17.850287303844397,4
2022-02-18,17.066308603939177,4
2022-02-19,20.025586258244708,4
2022-02-20,40.40006530083843,4
2022-02-21,0.6049783597452358,4
2022-02-22,4.38011287228422,4
2022-02-23,6.559173616262392,4
2022-02-24,5.091656867217174,4
2022-02-25,4.29046202381893,4
2022-02-26,8.115809895075545,4
2022-02-27,0.877755160399881,4
2022-02-28,2.3975068330644524,4
2022-03-01,0.0,4
2022-03-02,0.0,4
2022-03-03,0.0,4
2022-03-04,0.0,4
2022-03-05,2.277558517470413,4
2022-03-06,0.0,4
2022-03-07,0.0,4
2022-03-08,0.0,4
2022-03-09,0.0,4
2022-03-10,10.294846214254385,4
2022-03-11,25.171490127490028,4
2022-03-12,0.0,4
2022-03-13,0.33838266660530336,4
2022-03-14,0.0,4
2022-03-15,0.0,4
2022-03-16,0.0,4
2022-03-17,0.28337059090278427,4
2022-03-18,0.0,4
2022-03-19,0.0,4
2022-03-20,0.0,4
2022-03-21,3.772605403046295,4
2022-03-22,13.660773177425297,4
2022-03-23,4.737357332474247,4
2022-03-24,1.457648409992076,4
2022-03-25,1.1651435076574912,4
2022-03-26,0.0,4
2022-03-27,0.0,4
2022-03-28,0.0,4
2022-03-29,8.166218652187816,4
2022-03-30,0.24647266508139237,4
2022-03-31,0.0,4
2022-04-01,11.024050110913185,4
2022-04-02,0.364412102498019,4
2022-04-03,14.832031178035914,4
2022-04-04,4.84147507604511,4
2022-04-05,0.0,4
2022-04-06,0.9186708425760987,4
2022-04-07,0.0,4
2022-04-08,0.1568462414154315,4
2022-04-09,0.10081751422454094,4
2022-04-10,0.0,4
2022-04-11,0.0,4
2022-04-12,0.0,4
2022-04-13,0.0,4
2022-04-14,1.366802960905903,4
2022-04-15,43.112918823960435,4
2022-04-16,0.0,4
2022-04-17,0.0,4
2022-04-18,0.0,4
2022-04-19,0.0,4
2022-04-20,0.0,4
2022-04-21,0.0,4
2022-04-22,0.0,4
2022-04-23,0.0,4
2022-04-24,0.0,4
2022-04-25,0.0,4
2022-04-26,0.0,4
2022-04-27,0.0,4
2022-04-28,0.0,4
2022-04-29,0.0,4
2022-04-30,0.0,4
2022-05-01,0.0,4
2022-05-02,0.0,4
2022-05-03,0.0,4
2022-05-04,0.0,4
2022-05-05,0.0,4
2022-05-06,4.980938664953668,4
2022-05-07,3.1253429409607687,4
2022-05-08,0.33838266660530336,4
2022-05-09,0.0,4
2022-05-10,0.0,4
2022-05-11,0.3585056946638434,4
2022-05-12,0.0,4
2022-05-13,0.0,4
2022-05-14,0.0,4
2022-05-15,0.0,4
2022-05-16,0.15617661535629385,4
2022-05-17,0.022406605916490213,4
2022-05-18,0.1713375613203332,4
2022-05-19,0.0,4
2022-05-20,0.0,4
2022-05-21,0.0,4
2022-05-22,0.1792528473319217,4
2022-05-23,0.0,4
2022-05-24,2.0823548714172513,4
2022-05-25,4.451153764352438,4
2022-05-26,3.7152980114108076,4
2022-05-27,4.514430383786511,4
2022-05-28,1.0026772961634394,4
2022-05-29,0.0,4
2022-05-30,2.457584716946699,4
2022-05-31,0.0,4
2022-06-01,0.15122627133681138,4
2022-06-02,0.0,4
2022-06-03,0.0,4
2022-06-04,0.46852984606888154,4
2022-06-05,0.0,4
2022-06-06,0.0,4
2022-06-07,0.0,4
2022-06-08,0.0,4
2022-06-09,0.0,4
2022-06-10,0.0,4
2022-06-11,0.0,4
2022-06-12,0.2240416343655721,4
2022-06-13,0.0,4
2022-06-14,0.0,4
2022-06-15,0.0,4
2022-06-16,0.30245254267362276,4
2022-06-17,0.0,4
2022-06-18,0.0,4
2022-06-19,0.0,4
2022-06-20,1.2457900928741255,4
2022-06-21,0.0,4
2022-06-22,0.0,4
2022-06-23,0.0,4
2022-06-24,0.0,4
2022-06-25,0.0,4
2022-06-26,0.0,4
2022-06-27,0.15122627133681138,4
2022-06-28,0.0,4
2022-06-29,0.0,4
2022-06-30,0.0,4
2022-07-01,0.0,4
2022-07-02,0.0,4
2022-07-03,0.0,4
2022-07-04,0.0,4
2022-07-05,0.0,4
2022-07-06,0.0,4
2022-07-07,0.26887927099788256,4
2022-07-08,0.10411774357086256,4
2022-07-09,0.0,4
2022-07-10,0.650735897317891,4
2022-07-11,0.0,4
2022-07-12,0.4065702862444853,4
2022-07-13,1.0672068716013412,4
2022-07-14,0.0023087729604768237,4
2022-07-15,1.8675189255828828,4
2022-07-16,0.0,4
2022-07-17,0.0,4
2022-07-18,0.0,4
2022-07-19,0.0,4
2022-07-20,0.0,4
2022-07-21,0.0,4
2022-07-22,0.0,4
2022-07-23,0.0,4
2022-07-24,0.0,4
2022-07-25,0.10411774357086256,4
2022-07-26,0.0023087729604768237,4
2022-07-27,0.10081751422454094,4
2022-07-28,0.0,4
2022-07-29,0.0,4
2022-07-30,0.0,4
2022-07-31,0.0,4
2022-08-01,0.0,4
2022-08-02,0.0,4
2022-08-03,0.0,4
2022-08-04,0.0,4
2022-08-05,0.0,4
2022-08-06,0.0,4
2022-08-07,0.0,4
2022-08-08,0.0,4
2022-08-09,0.0,4
2022-08-10,0.0,4
2022-08-11,0.0,4
2022-08-12,0.0,4
2022-08-13,0.0,4
2022-08-14,0.33838266660530336,4
2022-08-15,0.0,4
2022-08-16,0.0,4
2022-08-17,0.0,4
2022-08-18,0.2912858769143728,4
2022-08-19,0.10081751422454094,4
2022-08-20,0.0,4
2022-08-21,0.0,4
2022-08-22,0.0,4
2022-08-23,0.0,4
2022-08-24,0.0,4
2022-08-25,17.147343418662214,4
2022-08-26,3.2654025465383305,4
2022-08-27,0.06721981774947064,4
2022-08-28,0.0,4
2022-08-29,0.33838266660530336,4
2022-08-30,0.28337059090278427,4
2022-08-31,1.729206185226509,4
2022-09-01,0.2688548461985525,4
2022-09-02,0.0,4
2022-09-03,0.0,4
2022-09-04,0.0,4
2022-09-05,0.022406605916490213,4
2022-09-06,0.7676821593961827,4
2022-09-07,0.0,4
2022-09-08,0.0,4
2022-09-09,0.0,4
2022-09-10,0.0,4
2022-09-11,0.10411774357086256,4
2022-09-12,0.0,4
2022-09-13,0.0,4
2022-09-14,0.0,4
2022-09-15,0.33838266660530336,4
2022-09-16,0.0,4
2022-09-17,9.301945249842529,4
2022-09-18,8.430927591146984,4
2022-09-19,0.5153519360792749,4
2022-09-20,0.0,4
2022-09-21,0.0,4
2022-09-22,0.0,4
2022-09-23,0.0,4
2022-09-24,0.10411774357086256,4
2022-09-25,0.0,4
2022-09-26,0.33838266660530336,4
2022-09-27,0.0,4
2022-09-28,0.364412102498019,4
2022-09-29,15.232916776938783,4
2022-09-30,4.971622255508688,4
2022-10-01,0.9677159227707638,4
2022-10-02,0.0,4
2022-10-03,3.4277954836343913,4
2022-10-04,14.913902499859873,4
2022-10-05,26.70982223422238,4
2022-10-06,0.13443963549894128,4
2022-10-07,1.1713246151722039,4
2022-10-08,0.0,4
2022-10-09,0.0,4
2022-10-10,0.0,4
2022-10-11,0.0,4
2022-10-12,0.0,4
2022-10-13,0.0,4
2022-10-14,0.0,4
2022-10-15,0.0,4
2022-10-16,5.153828306757697,4
2022-10-17,0.22406605916490213,4
2022-10-18,0.2935946498748496,4
2022-10-19,1.019725944957535,4
2022-10-20,0.15122627133681138,4
2022-10-21,0.9832121560890188,4
2022-10-22,0.0,4
2022-10-23,2.5084987863592025,4
2022-10-24,0.13443963549894128,4
2022-10-25,1.0692157497787542,4
2022-10-26,0.06721981774947064,4
2022-10-27,0.2576637556399724,4
2022-10-28,0.0,4
2022-10-29,12.07046592773908,4
2022-10-30,0.7057225995717864,4
2022-10-31,0.6049050853472455,4
2022-11-01,1.093236307494057,4
2022-11-02,17.720717427437602,4
2022-11-03,17.976476365977533,4
2022-11-04,4.688014411441153,4
2022-11-05,0.2520437855613523,4
2022-11-06,0.0,4
2022-11-07,0.0,4
2022-11-08,0.0,4
2022-11-09,0.30245254267362276,4
2022-11-10,6.161499104643518,4
2022-11-11,3.093880041256936,4
2022-11-12,19.42437794725597,4
2022-11-13,1.2961979013371023,4
2022-11-14,0.0,4
2022-11-15,6.147744025359338,4
2022-11-16,27.05243418261514,4
2022-11-17,2.8368361134281477,4
2022-11-18,0.0,4
2022-11-19,0.0,4
2022-11-20,0.0,4
2022-11-21,0.8850008203523317,4
2022-11-22,4.790592426260487,4
2022-11-23,6.54512320709552,4
2022-11-24,23.415370711977662,4
2022-11-25,26.590094355479458,4
2022-11-26,13.596412343291972,4
2022-11-27,1.6971111059793258,4
2022-11-28,20.821083727577022,4
2022-11-29,15.382017403005145,4
2022-11-30,19.55124260600901,4
2022-12-01,37.739072590461404,4
2022-12-02,12.30821155949944,4
2022-12-03,39.99828316449097,4
2022-12-04,12.45612299817568,4
2022-12-05,3.882700931550737,4
2022-12-06,0.06721981774947064,4
2022-12-07,2.9261770479878466,4
2022-12-08,8.816205622160671,4
2022-12-09,5.816042700330367,4
2022-12-10,1.613080227592655,4
2022-12-11,5.978546023348061,4
2022-12-12,2.9741166696239576,4
2022-12-13,7.796766114958692,4
2022-12-14,17.76501961578324,4
2022-12-15,3.7788011138752573,4
2022-12-16,0.20165945324841192,4
2022-12-17,0.13443963549894128,4
2022-12-18,7.20927794769408,4
2022-12-19,6.4515326392112105,4
2022-12-20,33.457350975963465,4
2022-12-21,30.090110134122902,4
2022-12-22,7.095610671102806,4
2022-12-23,6.658470115347622,4
2022-12-24,15.317883423930136,4
2022-12-25,7.815534023234619,4
2022-12-26,2.7882230711357243,4
2022-12-27,4.577840530300108,4
2022-12-28,0.26887927099788256,4
2022-12-29,0.0,4
2022-12-30,0.10411774357086256,4
2022-12-31,0.0,4
2023-01-01,2.5059592224329332,4
2023-01-02,1.0307038721585497,4
2023-01-03,6.472350666777512,4
2023-01-04,1.8480899483828104,4
2023-01-05,0.644122751900936,4
2023-01-06,32.636560533697015,4
2023-01-07,41.68020958898257,4
2023-01-08,19.090264874193142,4
2023-01-09,4.458914577381552,4
2023-01-10,1.3113471092261233,4
2023-01-11,0.0,4
2023-01-12,4.436507971465062,4
2023-01-13,1.8035241654831566,4
2023-01-14,0.0,4
2023-01-15,0.0,4
2023-01-16,0.0,4
2023-01-17,0.0,4
2023-01-18,1.8534469568559118,4
2023-01-19,2.2292741026958005,4
2023-01-20,6.990812196346286,4
2023-01-21,29.656600965478937,4
2023-01-22,34.04842164370484,4
2023-01-23,5.582947004468185,4
2023-01-24,24.344043438430866,4
2023-01-25,17.13963688775387,4
2023-01-26,32.9819471988357,4
2023-01-27,12.832825957895071,4
2023-01-28,8.604136671932242,4
2023-01-29,0.0,4
2023-01-30,0.0,4
2023-01-31,0.0,4
2023-02-01,0.05205887178543128,4
2023-02-02,0.0,4
2023-02-03,0.0,4
2023-02-04,0.0,4
2023-02-05,0.0,4
2023-02-06,0.10411774357086256,4
2023-02-07,1.6919133330265166,4
2023-02-08,11.15072893338301,4
2023-02-09,9.462701707639035,4
2023-02-10,0.11203302958245107,4
2023-02-11,0.40327005689816375,4
2023-02-12,0.0,4
2023-02-13,0.0,4
2023-02-14,0.022406605916490213,4
2023-02-15,0.0,4
2023-02-16,0.0,4
2023-02-17,2.08381435023359,4
2023-02-18,0.40327005689816375,4
2023-02-19,0.5544963282349752,4
2023-02-20,2.026623371407641,4
2023-02-21,0.0,4
2023-02-22,1.0979236899080205,4
2023-02-23,0.5544963282349752,4
2023-02-24,0.0,4
2023-02-25,0.0,4
2023-02-26,0.0,4
2023-02-27,0.0,4
2023-02-28,0.0,4
2023-03-01,0.0,4
2023-03-02,0.0,4
2023-03-03,0.0,4
2023-03-04,0.0,4
2023-03-05,0.0,4
2023-03-06,0.0,4
2023-03-07,3.6277410535959382,4
2023-03-08,4.716066360884887,4
2023-03-09,0.0,4
2023-03-10,4.637605654328882,4
2023-03-11,0.0,4
2023-03-12,0.0,4
2023-03-13,0.30245254267362276,4
2023-03-14,0.4055788298586406,4
2023-03-15,3.774268204443768,4
2023-03-16,9.81353921023247,4
2023-03-17,7.459097794421867,4
2023-03-18,14.430847681967478,4
2023-03-19,0.9857929611282492,4
2023-03-20,1.882154896985178,4
2023-03-21,0.0,4
2023-03-22,0.0,4
2023-03-23,3.595805209869047,4
2023-03-24,24.842634938751235,4
2023-03-25,0.0,4
2023-03-26,2.599166286312865,4
2023-03-27,0.0,4
2023-03-28,9.433554754070325,4
2023-03-29,0.6767653332106067,4
2023-03-30,0.0,4
2023-03-31,0.30245254267362276,4
2023-04-01,2.707061332842427,4
2023-04-02,1.254769931323452,4
2023-04-03,0.30245254267362276,4
2023-04-04,0.0,4
2023-04-05,0.0,4
2023-04-06,10.256301652656212,4
2023-04-07,25.17397831157055,4
2023-04-08,3.04544399944773,4
2023-04-09,5.155402301084987,4
2023-04-10,2.6006708008393384,4
2023-04-11,0.0,4
2023-04-12,4.659094256603614,4
2023-04-13,0.049430757753934074,4
2023-04-14,1.844268004033628,4
2023-04-15,31.954785943753976,4
2023-04-16,5.345637026861146,4
2023-04-17,1.3535306664212134,4
2023-04-18,0.009235091841907295,4
2023-04-19,0.0,4
2023-04-20,0.15122627133681138,4
2023-04-21,0.0,4
2023-04-22,1.7960310765973793,4
2023-04-23,2.3716553463042476,4
2023-04-24,3.734537301403351,4
2023-04-25,0.022406605916490213,4
2023-04-26,0.7001270542924964,4
2023-04-27,0.0,4
2023-04-28,7.714541621799005,4
2023-04-29,16.378948829787493,4
2023-04-30,3.837339269005975,4
2023-05-01,20.64324435541066,4
2023-05-02,16.316618135435327,4
2023-05-03,11.673233097161432,4
2023-05-04,0.2912858769143728,4
2023-05-05,0.0,4
2023-05-06,0.0023087729604768237,4
2023-05-07,0.9370596921377631,4
2023-05-08,0.13443963549894128,4
2023-05-09,0.974601870569669,4
2023-05-10,1.01514799981591,4
2023-05-11,0.0,4
2023-05-12,6.319155809726956,4
2023-05-13,2.8412487961615738,4
2023-05-14,1.6411556531864253,4
2023-05-15,0.0,4
2023-05-16,0.0,4
2023-05-17,0.7548536408887536,4
2023-05-18,0.0,4
2023-05-19,0.0,4
2023-05-20,0.0,4
2023-05-21,1.4286657701822725,4
2023-05-22,1.4116161727388834,4
2023-05-23,5.620851741001518,4
2023-05-24,10.02357643908195,4
2023-05-25,0.5825717538287456,4
2023-05-26,3.071473435340446,4
2023-05-27,0.0,4
2023-05-28,0.0,4
2023-05-29,0.0,4
2023-05-30,0.0,4
2023-05-31,0.2520437855613523,4
2023-06-01,0.0,4
2023-06-02,0.0,4
2023-06-03,0.8069125126741848,4
2023-06-04,0.0,4
2023-06-05,0.0,4
2023-06-06,0.0,4
2023-06-07,0.0,4
2023-06-08,0.0,4
2023-06-09,0.0,4
2023-06-10,0.0,4
2023-06-11,0.0,4
2023-06-12,0.0,4
2023-06-13,0.0,4
2023-06-14,0.0,4
2023-06-15,0.0,4
2023-06-16,0.011543864802384118,4
2023-06-17,7.915257284346032,4
2023-06-18,14.036993650301552,4
2023-06-19,0.022406605916490213,4
2023-06-20,0.004617545920953647,4
2023-06-21,0.0,4
2023-06-22,0.06721981774947064,4
2023-06-23,0.0,4
2023-06-24,0.0,4
2023-06-25,0.0023087729604768237,4
2023-06-26,0.006926318881430472,4
2023-06-27,0.0,4
2023-06-28,0.0,4
2023-06-29,0.0023087729604768237,4
2023-06-30,0.004617545920953647,4
2023-07-01,6.344307199449436,4
2023-07-02,1.4078983111671217,4
2023-07-03,0.8069125126741848,4
2023-07-04,1.1192657433867725,4
2023-07-05,0.1568462414154315,4
2023-07-06,0.0,4
2023-07-07,0.0,4
2023-07-08,0.0,4
2023-07-09,0.0,4
2023-07-10,0.0,4
2023-07-11,0.009235091841907295,4
2023-07-12,0.0,4
2023-07-13,0.0,4
2023-07-14,0.5986770255324597,4
2023-07-15,0.0,4
2023-07-16,0.0,4
2023-07-17,0.0,4
2023-07-18,0.0,4
2023-07-19,0.0,4
2023-07-20,25.0900390298748,4
2023-07-21,7.896074965776089,4
2023-07-22,1.0362270916891432,4
2023-07-23,2.9406674192434545,4
2023-07-24,5.268762844710695,4
2023-07-25,0.0023087729604768237,4
2023-07-26,3.978956446916848,4
2023-07-27,0.431296632893274,4
2023-07-28,0.0023087729604768237,4
2023-07-29,0.0,4
2023-07-30,1.2546731807754252,4
2023-07-31,0.3080725127522429,4
2023-08-01,0.0023087729604768237,4
2023-08-02,0.004617545920953647,4
2023-08-03,0.0023087729604768237,4
2023-08-04,0.006926318881430472,4
2023-08-05,0.004617545920953647,4
2023-08-06,0.0,4
2023-08-07,0.0,4
2023-08-08,1.2099567194904717,4
2023-08-09,8.781186172050052,4
2023-08-10,2.784158184134729,4
2023-08-11,0.4078876028191174,4
2023-08-12,0.0,4
2023-08-13,0.0,4
2023-08-14,0.9913885064075392,4
2023-08-15,2.1314605392855945,4
2023-08-16,10.50438919889436,4
2023-08-17,3.5238345760840537,4
2023-08-18,0.0,4
2023-08-19,0.0,4
2023-08-20,0.0,4
2023-08-21,25.430639014059963,4
2023-08-22,1.583849980503428,4
2023-08-23,0.06952859070994746,4
2023-08-24,0.0,4
2023-08-25,0.0,4
2023-08-26,2.1525386825095345,4
2023-08-27,22.893086545783703,4
2023-08-28,38.312316551053655,4
2023-08-29,2.827964763601866,4
2023-08-30,0.3607892725217936,4
2023-08-31,0.0,4
2023-09-01,0.33838266660530336,4
2023-09-02,0.0,4
2023-09-03,0.004617545920953647,4
2023-09-04,0.0,4
2023-09-05,0.0,4
2023-09-06,0.3160012557913398,4
2023-09-07,1.1999886842141834,4
2023-09-08,0.0023087729604768237,4
2023-09-09,0.0,4
2023-09-10,0.0023087729604768237,4
2023-09-11,0.0,4
2023-09-12,0.650735897317891,4
2023-09-13,0.0,4
2023-09-14,0.0,4
2023-09-15,1.2184321942888592,4
2023-09-16,1.2714588679640018,4
2023-09-17,0.0,4
2023-09-18,0.0,4
2023-09-19,0.0,4
2023-09-20,0.0,4
2023-09-21,0.0,4
2023-09-22,0.0,4
2023-09-23,0.0,4
2023-09-24,0.0,4
2023-09-25,0.0023087729604768237,4
2023-09-26,0.0,3
2023-09-27,0.020778956644291413,4
2023-09-28,0.0850146265595774,4
2023-09-29,0.05205887178543128,4
2023-09-30,0.774282618088826,4
2023-10-01,0.0,4
2023-10-02,2.0385874066567156,4
2023-10-03,0.004617545920953647,4
2023-10-04,5.262058519214186,4
2023-10-05,0.0023087729604768237,4
2023-10-06,0.0,4
2023-10-07,1.113610202390904,4
2023-10-08,0.0023087729604768237,4
2023-10-09,0.2487814380418692,4
2023-10-10,1.938012650580758,4
2023-10-11,0.15122627133681138,4
2023-10-12,0.6247064614251754,4
2023-10-13,0.004617545920953647,4
2023-10-14,21.476439302787693,4
2023-10-15,3.6057959886196334,4
2023-10-16,3.4279210455360225,4
2023-10-17,0.0023087729604768237,4
2023-10-18,1.1713246151722039,4
2023-10-19,12.054070088690493,4
2023-10-20,0.0,4
2023-10-21,1.9759164384647967,4
2023-10-22,2.15640989006838,4
2023-10-23,0.7676821593961827,4
2023-10-24,0.0,4
2023-10-25,0.08962642366596085,4
2023-10-26,6.893861127142772,4
2023-10-27,12.58964211907713,4
2023-10-28,31.69664416585233,4
2023-10-29,0.1792528473319217,4
2023-10-30,0.0,4
2023-10-31,3.0571553213215865,4
2023-11-01,17.347651901008682,4
2023-11-02,1.786908503240597,4
2023-11-03,7.344853493438813,4
2023-11-04,0.0,4
2023-11-05,5.415225613287673,4
2023-11-06,0.0,4
2023-11-07,0.006926318881430472,4
2023-11-08,0.0,4
2023-11-09,0.0,4
2023-11-10,0.0,4
2023-11-11,0.0023087729604768237,4
2023-11-12,0.011543864802384118,4
2023-11-13,0.0,4
2023-11-14,0.0,4
2023-11-15,0.0,4
2023-11-16,0.0,4
2023-11-17,0.0,4
2023-11-18,0.8962642366596085,4
2023-11-19,0.0,4
2023-11-20,5.332772208124671,4
2023-11-21,18.983394738330585,4
2023-11-22,0.0,4
2023-11-23,0.0,4
2023-11-24,0.0,4
2023-11-25,16.679874032477542,4
2023-11-26,0.0,4
2023-11-27,1.707074278990556,4
2023-11-28,8.895422548846616,4
2023-11-29,1.433888916583705,4
2023-11-30,0.20165945324841192,4
2023-12-01,0.20165945324841192,4
2023-12-02,11.189719168257033,4
2023-12-03,0.44250041017616587,4
2023-12-04,0.0,4
2023-12-05,0.0,4
2023-12-06,7.713223732558623,4
2023-12-07,0.0,4
2023-12-08,0.0,4
2023-12-09,0.9133390292055242,4
2023-12-10,37.72629896773189,4
2023-12-11,0.0,4
2023-12-12,0.009235091841907295,4
2023-12-13,20.135403292471437,4
2023-12-14,0.41647097428345026,4
2023-12-15,0.013852637762860944,4
2023-12-16,0.020778956644291413,4
2023-12-17,0.0,4
2023-12-18,0.0023087729604768237,4
2023-12-19,12.391933472629812,4
2023-12-20,26.37544961635063,4
2023-12-21,0.18617916621335218,4
2023-12-22,45.96904505289723,4
2023-12-23,10.299697397089012,4
2023-12-24,1.1713246151722039,4
2023-12-25,0.3047613156340996,4
2023-12-26,4.836331109502286,4
2023-12-27,30.261732235900205,4
2023-12-28,2.653611513392179,4
2023-12-29,0.004617545920953647,4
2023-12-30,0.025396502565245064,4
2023-12-31,16.996876705041416,4
2024-01-01,2.657311234017472,4
2024-01-02,3.8329406352571573,4
2024-01-03,14.616566826146988,4
2024-01-04,9.88147741983991,4
2024-01-05,27.111826864957624,4
2024-01-06,5.153828306757697,4
2024-01-07,12.142230017011517,4
2024-01-08,0.9426548186250783,4
2024-01-09,0.0023087729604768237,4
2024-01-10,11.775038392784904,4
2024-01-11,0.006926318881430472,4
2024-01-12,0.004617545920953647,4
2024-01-13,0.0023087729604768237,4
2024-01-14,0.0023087729604768237,4
2024-01-15,0.004617545920953647,4
2024-01-16,0.009235091841907295,4
2024-01-17,0.0023087729604768237,4
2024-01-18,0.0023087729604768237,4
2024-01-19,0.0023087729604768237,4
2024-01-20,0.8069125126741848,4
2024-01-21,31.303438717024054,4
2024-01-22,26.445299801530712,4
2024-01-23,11.127510360819581,4
2024-01-24,8.224807276142442,4
2024-01-25,23.847291637263588,4
2024-01-26,74.10904179873623,4
2024-01-27,15.454637465549474,4
2024-01-28,22.776658439376,4
2024-01-29,16.081718622220706,4
2024-01-30,8.323612830976785,4
2024-01-31,28.615121361705114,4
2024-02-01,14.879205707297967,4
2024-02-02,9.051598352908313,4
2024-02-03,20.042868600871287,4
2024-02-04,0.013852637762860944,4
2024-02-05,0.2912858769143728,4
2024-02-06,2.351884322186315,4
2024-02-07,15.89262541815021,4
2024-02-08,0.2603253028442533,4
2024-02-09,9.471470615021527,4
2024-02-10,13.144865125821399,4
2024-02-11,19.70447107553369,4
2024-02-12,9.919369982987172,4
2024-02-13,0.011543864802384118,4
2024-02-14,1.823950347883644,4
2024-02-15,0.0023087729604768237,4
2024-02-16,6.734316935202834,4
2024-02-17,1.033293093614134,4
2024-02-18,1.9160809429047219,4
2024-02-19,0.34667200316648505,3
2024-02-20,1.5146449390726762,3
2024-02-21,10.694726797421513,3
2024-02-22,2.352891280771107,3
2024-02-23,6.554219585938803,3
2024-02-24,5.132065953451715,3
2024-02-25,0.7281536302876025,3
2024-02-26,1.3106765345176845,3
2024-02-27,0.7281536302876025,3
2024-02-28,0.7420062680504635,3
2024-02-29,3.8229756435661972,4
2024-03-01,0.027705275525722026,3
2024-03-02,3.489659833990116,3
2024-03-03,0.0,3
2024-03-04,0.1456307260575205,3
2024-03-05,0.0,3
2024-03-06,0.07272634825502032,3
2024-03-07,0.5001748033861617,3
2024-03-08,2.1477522172337355,3
2024-03-09,0.0,3
2024-03-10,1.165045808460164,3
2024-03-11,9.519229362751,3
2024-03-12,3.573225733058639,3
2024-03-13,0.0,3
2024-03-14,0.0,3
2024-03-15,0.0,3
2024-03-16,0.0,3
2024-03-17,0.0,3
2024-03-18,0.006926318881430507,3
2024-03-19,0.582522904230082,3
2024-03-20,0.1456307260575205,3
2024-03-21,2.0760760647052114,3
2024-03-22,2.6553675032331356,3
2024-03-23,0.03347720792691412,3
2024-03-24,0.0,3
2024-03-25,0.24934747973149823,3
2024-03-26,0.0,3
2024-03-27,0.1456307260575205,3
2024-03-28,25.96050991281929,4
2024-03-29,0.004617545920953647,4
2024-03-30,28.787869097640723,4
2024-03-31,7.506212982024222,4
2024-04-01,0.0,4
2024-04-02,0.0,4
2024-04-03,0.0,4
2024-04-04,0.0,4
2024-04-05,0.022406605916490213,4
2024-04-06,0.0,4
2024-04-07,0.044813211832980426,4
2024-04-08,0.7842312070771574,4
2024-04-09,0.0,4
2024-04-10,1.01514799981591,4
2024-04-11,1.2147605147139735,4
2024-04-12,0.9818729039707434,4
2024-04-13,2.8682000302932216,4
2024-04-14,5.265861336340149,4
2024-04-15,9.366962588591294,4
2024-04-16,0.8290444189101379,4
2024-04-17,3.8730562672075495,4
2024-04-18,0.0,4
2024-04-19,17.996807479155024,4
2024-04-20,0.7170113893276868,4
2024-04-21,0.15617661535629385,4
2024-04-22,0.0,4
2024-04-23,0.0,4
2024-04-24,0.0,4
2024-04-25,0.46852984606888154,4
2024-04-26,7.332583266419595,4
2024-04-27,0.0,4
2024-04-28,0.0,4
2024-04-29,0.044813211832980426,4
2024-04-30,0.022406605916490213,4
2024-05-01,0.0,4
2024-05-02,0.0,4
2024-05-03,0.0,4
2024-05-04,0.0,4
2024-05-05,0.0,4
2024-05-06,6.380868889267319,4
2024-05-07,0.0,4
2024-05-08,0.6553138424595161,4
2024-05-09,0.41647097428345026,4
2024-05-10,0.3585056946638434,4
2024-05-11,21.234382344733707,4
2024-05-12,2.4700290985012527,4
2024-05-13,0.0,4
2024-05-14,0.0,4
2024-05-15,0.05205887178543128,4
2024-05-16,1.0082972662420595,4
2024-05-17,0.0,4
2024-05-18,0.0,4
2024-05-19,0.0,4
2024-05-20,0.0,4
2024-05-21,0.0,4
2024-05-22,0.0,4
2024-05-23,0.0,4
2024-05-24,0.0,4
2024-05-25,0.0,4
2024-05-26,1.6882905030502913,4
2024-05-27,6.685591374425286,4
2024-05-28,2.800825739561277,4
2024-05-29,0.0,4
2024-05-30,0.33838266660530336,4
2024-05-31,0.488398664121338,3
2024-06-01,0.827035540732725,4
2024-06-02,0.7561928930070289,4
2024-06-03,0.0,4
2024-06-04,0.0,4
2024-06-05,0.4536788140104342,4
2024-06-06,0.5466181537470285,4
2024-06-07,0.0,4
2024-06-08,0.0,4
2024-06-09,0.0,4
2024-06-10,0.06721981774947064,4
2024-06-11,0.0,4
2024-06-12,0.0,4
2024-06-13,0.0,4
2024-06-14,0.0,4
2024-06-15,0.0,4
2024-06-16,0.0,4
2024-06-17,0.0,4
2024-06-18,0.0,4
2024-06-19,0.0,4
2024-06-20,0.0,4
2024-06-21,0.0,4
2024-06-22,0.0,4
2024-06-23,0.48135836457631065,4
2024-06-24,0.0,4
2024-06-25,0.0,4
2024-06-26,0.0,4
2024-06-27,0.0,4
2024-06-28,0.0,4
2024-06-29,0.0,4
2024-06-30,0.0,4
2024-07-01,0.0,4
2024-07-02,0.0,4
2024-07-03,0.10411774357086256,4
2024-07-04,0.0,4
2024-07-05,0.0,4
2024-07-06,0.0,4
2024-07-07,0.0,4
2024-07-08,0.0,4
2024-07-09,0.0,4
2024-07-10,0.0,4
2024-07-11,0.0,4
2024-07-12,0.0,4
2024-07-13,0.44250041017616587,4
2024-07-14,0.0,4
2024-07-15,0.0,4
2024-07-16,0.07808830767814692,4
2024-07-17,0.0,4
2024-07-18,0.0,4
2024-07-19,0.0,4
2024-07-20,0.0,4
2024-07-21,0.0,4
2024-07-22,0.0,4
2024-07-23,0.0,4
2024-07-24,0.0,4
2024-07-25,0.07808830767814692,4
2024-07-26,0.0,4
2024-07-27,0.05205887178543128,4
2024-07-28,0.0,4
2024-07-29,0.0,4
2024-07-30,0.10411774357086256,4
2024-07-31,9.448685229055776,4
2024-08-01,4.048022647764556,4
2024-08-02,0.33838266660530336,4
2024-08-03,13.703065501908432,4
2024-08-04,8.05841207773629,4
2024-08-05,10.48366825686823,4
2024-08-06,0.46852984606888154,4
2024-08-07,0.0,4
2024-08-08,0.0,4
2024-08-09,0.0,4
2024-08-10,0.0023087729604768237,4
2024-08-11,3.0806293256236956,4
2024-08-12,0.0,4
2024-08-13,0.0,4
2024-08-14,0.03694036736762918,4
2024-08-15,0.0,4
2024-08-16,0.0,4
2024-08-17,0.0,4
2024-08-18,0.0,4
2024-08-19,0.0,4
2024-08-20,0.0,4
2024-08-21,0.0,4
2024-08-22,0.05205887178543128,4
2024-08-23,0.02602943589271564,4
2024-08-24,0.0,4
2024-08-25,0.0023087729604768237,4
2024-08-26,0.9268750555989295,4
2024-08-27,0.6553138424595161,4
2024-08-28,0.0,4
2024-08-29,0.0,4
2024-08-30,0.0,4
2024-08-31,0.0,4
2024-09-01,0.0,4
2024-09-02,0.0,4
2024-09-03,0.0,4
2024-09-04,0.0,4
2024-09-05,0.07808830767814692,4
2024-09-06,0.0,4
2024-09-07,0.0,4
2024-09-08,0.0,4
2024-09-09,0.025396502565245064,4
2024-09-10,0.0,4
2024-09-11,0.0,4
2024-09-12,0.0,4
2024-09-13,0.0,4
2024-09-14,0.0,4
2024-09-15,0.0,4
2024-09-16,0.0,4
2024-09-17,0.23888246895539442,4
2024-09-18,0.004617545920953647,4
2024-09-19,0.24086615203028067,4
2024-09-20,0.27513596382017536,4
2024-09-21,0.0,4
2024-09-22,0.0,4
2024-09-23,0.0,4
2024-09-24,0.0,4
2024-09-25,0.0,4
2024-09-26,0.0,4
2024-09-27,0.0,4
2024-09-28,1.696899180682495,4
2024-09-29,0.8738576307431183,4
2024-09-30,4.233749971299402,4
2024-10-01,0.8771090104907798,4
2024-10-02,0.0,4
2024-10-03,0.0,4
2024-10-04,0.0,4
2024-10-05,0.7911575259585879,4
2024-10-06,0.0,4
2024-10-07,0.0,4
2024-10-08,0.0,4
2024-10-09,1.4197541603388095,4
2024-10-10,21.94759238487273,4
2024-10-11,20.44365681784545,4
2024-10-12,5.42136453104013,4
2024-10-13,0.7842312070771574,4
2024-10-14,0.004617545920953647,4
2024-10-15,2.6772351477030547,4
2024-10-16,0.07808830767814692,4
2024-10-17,0.10642651653133939,4
2024-10-18,0.0,4
2024-10-19,0.0,4
2024-10-20,1.032129356495378,4
2024-10-21,14.181029846375896,4
2024-10-22,2.8792788376315825,4
2024-10-23,0.0,4
2024-10-24,0.0,4
2024-10-25,0.07183736367042429,4
2024-10-26,7.898017019596412,4
2024-10-27,9.144201216195519,4
2024-10-28,0.2445796139135508,4
2024-10-29,35.85865844300584,4
2024-10-30,41.24217773204902,4
2024-10-31,1.503135388811618,4
2024-11-01,18.775238452747523,4
2024-11-02,1.636912754953138,4
2024-11-03,8.84773841250405,4
2024-11-04,2.9945712559241784,4
2024-11-05,4.75720654222079,4
2024-11-06,7.036777778046495,4
2024-11-07,7.863766109514192,4
2024-11-08,2.298729419007758,4
2024-11-09,10.647658358303733,4
2024-11-10,26.82683044623465,4
2024-11-11,0.0,4
2024-11-12,0.0,4
2024-11-13,0.46175459209536474,4
2024-11-14,33.2320465454093,4
2024-11-15,0.7169381149296966,4
2024-11-16,0.0,4
2024-11-17,0.08962642366596085,4
2024-11-18,0.6336222121960624,4
2024-11-19,11.962790792585258,4
2024-11-20,6.620626915137261,4
2024-11-21,5.473379752072849,4
2024-11-22,25.97013757372955,4
2024-11-23,17.631380543640997,4
2024-11-24,6.491422118534067,4
2024-11-25,5.277674387273405,4
2024-11-26,0.0,4
2024-11-27,0.0,4
2024-11-28,0.0,4
2024-11-29,0.0,4
2024-11-30,0.07388073473525836,4
2024-12-01,29.742150953161417,4
2024-12-02,30.543479053519096,4
2024-12-03,0.044813211832980426,4
2024-12-04,3.7362339364503927,4
2024-12-05,0.9008817825805622,4
2024-12-06,0.24647266508139237,4
2024-12-07,14.164860748548001,4
2024-12-08,7.136466866311382,4
2024-12-09,0.0023087729604768237,4
2024-12-10,0.0,4
2024-12-11,10.018443420199644,4
2024-12-12,20.21735635866461,4
2024-12-13,10.065984776282335,4
2024-12-14,5.836420132859434,4
2024-12-15,5.612776622331565,4
2024-12-16,0.9073820528201983,4
2024-12-17,15.282123306629282,4
2024-12-18,36.92411175451728,4
2024-12-19,10.113806609714393,4
2024-12-20,2.175554148465387,4
2024-12-21,3.346122227806857,4
2024-12-22,0.6969135563716734,4
2024-12-23,29.48570407980885,4
2024-12-24,72.60394082659741,4
2024-12-25,8.232497482375353,4
2024-12-26,0.3528857245852233,4
2024-12-27,0.26887927099788256,4
2024-12-28,0.0,4
2024-12-29,0.12819444030578883,4
2024-12-30,4.003779225048928,4
2024-12-31,2.7724816411748754,4
2025-01-01,1.7600544139766285,4
2025-01-02,3.405608700911872,4
2025-01-03,1.772259666767893,4
2025-01-04,16.64713796017873,4
2025-01-05,12.337909557123876,4
2025-01-06,8.93012855262131,4
2025-01-07,67.50936443703506,4
2025-01-08,11.444256549925218,4
2025-01-09,27.241479546964932,4
2025-01-10,53.728242532380094,4
2025-01-11,0.17300765213876926,4
2025-01-12,18.828932933802072,4
2025-01-13,7.803801709285442,4
2025-01-14,1.408350725691424,4
2025-01-15,2.820414168255197,4
2025-01-16,0.9947790161496837,4
2025-01-17,1.6102021953721442,4
2025-01-18,0.0,4
2025-01-19,0.0,4
2025-01-20,0.0,4
2025-01-21,0.0,4
2025-01-22,8.604136671932242,4
2025-01-23,0.0,4
2025-01-24,0.0,4
2025-01-25,0.0,4
2025-01-26,0.0,4
2025-01-27,0.0,4
2025-01-28,0.0,4
2025-01-29,0.0,4
2025-01-30,0.0,4
2025-01-31,0.0,4
2025-02-01,0.0,4
2025-02-02,0.0,4
2025-02-03,0.0,4
2025-02-04,0.0,4
2025-02-05,0.0,4
2025-02-06,0.0,4
2025-02-07,0.0,4
2025-02-08,0.0,4
2025-02-09,1.613080227592655,4
2025-02-10,0.0,4
2025-02-11,0.0,4
2025-02-12,0.0,4
2025-02-13,0.0,4
2025-02-14,0.0,4
2025-02-15,0.0,4
2025-02-16,0.0,4
2025-02-17,0.0,4
2025-02-18,0.0,4
2025-02-19,0.0,4
2025-02-20,0.0,4
2025-02-21,0.44813211832980426,4
2025-02-22,0.40327005689816375,4
2025-02-23,0.0,4
2025-02-24,1.55755858062005,4
2025-02-25,1.8606767194907303,4
2025-02-26,0.0,4
2025-02-27,0.10411774357086256,4
2025-02-28,0.006926318881430472,4
2025-03-01,5.425712515822827,4
2025-03-02,2.828753124718236,4
2025-03-03,8.432481478152352,4
2025-03-04,10.007466070824432,4
2025-03-05,7.478754160514097,4
2025-03-06,3.8573747332360395,4
2025-03-07,1.811271156839323,4
2025-03-08,0.5601651479122554,4
2025-03-09,16.287770641338632,4
2025-03-10,0.0,4
2025-03-11,0.0,4
2025-03-12,5.108706148959769,4
2025-03-13,0.0,4
2025-03-14,0.0,4
2025-03-15,11.140335321811774,4
2025-03-16,9.501058614865933,4
2025-03-17,21.712895171154987,4
2025-03-18,16.06527551517125,4
2025-03-19,0.6597077871084015,4
2025-03-20,3.612139942724744,4
2025-03-21,1.8597482910686878,4
2025-03-22,1.2491634182723401,4
2025-03-23,14.69896106799639,4
2025-03-24,10.182568936678633,4
2025-03-25,6.453089406407058,4
2025-03-26,9.926957409988033,4
2025-03-27,16.560309518844235,4
2025-03-28,0.6049050853472455,4
2025-03-29,0.01847018368381459,4
2025-03-30,0.0,4
2025-03-31,0.0,4
2025-04-01,2.543039859924654,4
2025-04-02,3.282232953736248,4
2025-04-03,0.1792528473319217,4
2025-04-04,0.08962642366596085,4
2025-04-05,22.223606503934327,4
2025-04-06,6.4870224873475175,4
2025-04-07,28.123350078783798,4
2025-04-08,0.972324219872386,4
2025-04-09,0.0,4
2025-04-10,0.3931430378855659,4
2025-04-11,2.2072904642083184,4
2025-04-12,0.4939263486341266,4
2025-04-13,2.923707912511687,4
2025-04-14,0.011543864802384118,4
2025-04-15,5.596328716933863,4
2025-04-16,0.25858257157340425,4
2025-04-17,16.533423211563722,4
2025-04-18,1.833139861023879,4
2025-04-19,7.69525816612676,4
2025-04-20,4.015361982427224,4
2025-04-21,1.1192657433867725,4
2025-04-22,0.10411774357086256,4
2025-04-23,2.4084536756297323,4
2025-04-24,0.06721981774947064,4
2025-04-25,2.0614077443170995,4
2025-04-26,1.6153890005531317,4
2025-04-27,2.2216697903044413,4
2025-04-28,3.0048497909060257,4
2025-04-29,5.099261547638831,4
2025-04-30,0.09193519662643768,4
2025-05-01,0.49455928196159715,4
2025-05-02,0.07808830767814692,4
2025-05-03,0.0,4
2025-05-04,0.8329419485669005,4
2025-05-05,4.1649181629456,4
2025-05-06,0.989788189982332,4
2025-05-07,0.0,4
2025-05-08,0.0,4
2025-05-09,0.5601651479122554,4
2025-05-10,0.07808830767814692,4
2025-05-11,0.0,4
2025-05-12,4.7934627046873555,4
2025-05-13,2.8337245045976314,4
2025-05-14,2.682484776233312,4
2025-05-15,12.642135678051398,4
2025-05-16,3.9511526346098558,4
2025-05-17,1.7720472116137436,4
2025-05-18,1.1838941398364131,4
2025-05-19,0.0,4
2025-05-20,0.40327005689816375,4
2025-05-21,0.0,4
2025-05-22,0.013852637762860942,4
2025-05-23,4.174482983011354,4
2025-05-24,1.8108474191071187,4
2025-05-25,1.8131814544508749,4
2025-05-26,2.376376740713876,4
2025-05-27,2.0942432723931828,4
2025-05-28,0.0,4
2025-05-29,11.273330968358136,4
2025-05-30,0.8930204357443512,4
2025-05-31,10.69047912272648,4
2025-06-01,1.605630035852595,4
2025-06-02,10.280694349512144,4
2025-06-03,3.918703189750799,4
2025-06-04,0.405602484354774,4
2025-06-05,0.0,4
2025-06-06,1.067818991199587,4
2025-06-07,0.5235671168739273,4
2025-06-08,0.022406605916490213,4
2025-06-09,0.0,4
2025-06-10,0.078498280656212,4
2025-06-11,2.2550489312995703,4
2025-06-12,0.0023087729604768237,4
2025-06-13,1.7410304985240004,4
2025-06-14,0.33838266660530336,4
2025-06-15,0.6642828914831179,4
2025-06-16,0.09193519662643768,4
2025-06-17,1.330210678682145,4
2025-06-18,0.7733432708605247,4
2025-06-19,0.2912858769143728,4
2025-06-20,0.0,4
2025-06-21,0.0,4
2025-06-22,0.0,4
2025-06-23,0.0,4
2025-06-24,0.0,4
2025-06-25,0.0,4
2025-06-26,0.0,4
2025-06-27,0.0,4
2025-06-28,0.6049050853472455,4
2025-06-29,0.30245254267362276,4
2025-06-30,0.0,4
2025-07-01,0.0,4
2025-07-02,0.0,4
2025-07-03,0.35621991696164734,4
2025-07-04,1.0695156445618181,4
2025-07-05,0.0,4
2025-07-06,0.0,4
2025-07-07,0.0,4
2025-07-08,0.0,4
2025-07-09,0.40327005689816375,4
2025-07-10,0.8480980270849103,4
2025-07-11,2.9916081439499065,4
2025-07-12,6.267661702966799,4
2025-07-13,0.3809123005803336,4
2025-07-14,1.4564293845718639,4
2025-07-15,0.0,4
2025-07-16,0.0,4
2025-07-17,0.0,4
2025-07-18,0.0,4
2025-07-19,0.0,4
2025-07-20,0.5544963282349752,4
2025-07-21,0.15122627133681138,4
2025-07-22,0.0,4
2025-07-23,0.0,4
2025-07-24,0.0,4
2025-07-25,0.0,4
2025-07-26,0.09424916826716812,5
2025-07-27,0.0,5
2025-07-28,0.09424916826716812,5
2025-07-29,0.038634344520722924,5
2025-07-30,0.13288351278789104,5
2025-07-31,0.0,5
2025-08-01,0.0,5
2025-08-02,0.20817874684671972,5
2025-08-03,0.0,5
2025-08-04,0.0,5
2025-08-05,0.0,5
2025-08-06,0.011543864802384118,4
2025-08-07,0.2365736959949176,4
2025-08-08,0.0,4
2025-08-09,0.0,4
2025-08-10,0.6373011811919114,4
2025-08-11,0.9370596921377631,4
2025-08-12,0.0,4
2025-08-13,0.0,4
2025-08-14,0.0,4
2025-08-15,0.6049050853472455,4
2025-08-16,0.0,4
2025-08-17,0.0,4
2025-08-18,0.0023087729604768237,4
2025-08-19,1.5219689629998363,4
2025-08-20,0.0,4
2025-08-21,0.30245254267362276,4
2025-08-22,0.0,4
2025-08-23,0.0,4
2025-08-24,0.0,4
2025-08-25,0.0,4
2025-08-26,0.0,4
2025-08-27,0.0,4
2025-08-28,0.0,4
2025-08-29,1.246066154814959,4
2025-08-30,9.659783851487513,4
2025-08-31,5.368432271711148,4
2025-09-01,11.508888976236943,4
2025-09-02,22.596581930899344,4
2025-09-03,5.284125470080632,5
2025-09-04,0.4701400377521441,5
2025-09-05,0.10067618603349707,5
2025-09-06,0.0,5
2025-09-07,0.0,5
2025-09-08,0.0,5
2025-09-09,0.0,5
2025-09-10,0.0,5
2025-09-11,0.0,5
2025-09-12,0.0,5
2025-09-13,5.221577553406629,5
2025-09-14,1.8153715224401452,5
2025-09-15,0.26846982942265885,5
2025-09-16,0.0,5
2025-09-17,0.13443963549893975,5
2025-09-18,1.6547312784697639,5
2025-09-19,1.852512111350017,5
2025-09-20,0.0,5
2025-09-21,0.0,5
2025-09-22,0.0,5
2025-09-23,4.671633348210377,5
2025-09-24,2.833063506621639,5
2025-09-25,2.078701359275655,5
2025-09-26,1.8629821682593557,5
2025-09-27,0.18849833653433623,5
2025-09-28,0.0,5
2025-09-29,0.17925284733191968,5
2025-09-30,0.0,5
2025-10-01,0.0,5
2025-10-02,0.038634344520722924,5
2025-10-03,1.613594540547578,5
2025-10-04,9.29680827517614,5
2025-10-05,3.44629778294953,5
2025-10-06,0.27354544526554936,5
2025-10-07,0.0,5
2025-10-08,0.843721052739445,5
2025-10-09,0.46885505408165506,5
2025-10-10,2.2292305605948197,5
2025-10-11,1.1647861001105821,5
2025-10-12,0.20165945324840961,5
2025-10-13,0.0,5
2025-10-14,3.4926855063114917,5
2025-10-15,7.493518547964715,5
2025-10-16,0.11590303356216877,5
2025-10-17,0.1545373780828917,5
2025-10-18,0.23419004521937276,5
2025-10-19,19.40172769056522,5
2025-10-20,8.910881201316888,5
2025-10-21,4.340170184241344,5
2025-10-22,1.5097811560736998,5
2025-10-23,3.3564547846151744,5
2025-10-24,0.6255643849943946,5
2025-10-25,5.789702829658916,5
2025-10-26,2.2101924646129483,5
2025-10-27,0.4705387242462891,5
2025-10-28,0.0,5
2025-10-29,1.3423491471132942,5
2025-10-30,7.902890048047111,5
2025-10-31,12.318488845475992,5
2025-11-01,10.60368633733355,5
2025-11-02,0.6711745735566471,5
2025-11-03,0.7718507595901442,5
2025-11-04,19.052751822324414,5
2025-11-05,7.749070422808936,5
2025-11-06,0.0,5
2025-11-07,0.5115183700871164,5
2025-11-08,3.9991185343213345,5
2025-11-09,1.498956861988988,5
2025-11-10,2.3153941106951725,5
2025-11-11,0.49816503343935425,5
2025-11-12,0.0,5
2025-11-13,0.42497778972795214,5
2025-11-14,2.8532801853855885,5
2025-11-15,8.974937528504242,5
2025-11-16,2.0672609039374015,5
2025-11-17,0.815829880643738,5
2025-11-18,0.0,5
2025-11-19,26.993823771497944,5
2025-11-20,1.2118724202628053,5
2025-11-21,0.40270474413398827,5
2025-11-22,1.6450895251368793,5
2025-11-23,0.4969539124011564,5
2025-11-24,7.018830755040484,5
2025-11-25,14.404241794872398,5
2025-11-26,3.8959673937168238,5
2025-11-27,14.73279369153743,5
2025-11-28,1.1875501135739677,5
2025-11-29,4.611070407401814,5
2025-11-30,0.40270474413398827,5
2025-12-01,0.0,3
2025-12-02,0.0,3
2025-12-03,19.601572592774925,3
2025-12-04,12.521217359183149,3
2025-12-05,0.4318044379277705,3
2025-12-06,0.018470183683818146,3
2025-12-07,0.5761600649105911,3
2025-12-08,0.6749550284912562,3
2025-12-09,0.0,3
2025-12-10,0.12005619394481795,3
2025-12-11,0.31811050664445584,3
2025-12-12,0.1085123291424316,3
2025-12-13,0.0,3
2025-12-14,14.264429874820715,3
2025-12-15,10.481168989591287,3
2025-12-16,0.6362210132889117,3
2025-12-17,5.918505198144423,3
2025-12-18,1.438423598781483,3
2025-12-19,0.31811050664445584,3
2025-12-20,1.2327953199871118,3
2025-12-21,0.002308772960477268,3
2025-12-22,0.10389478322147706,3
2025-12-23,0.21446580437368234,3
2025-12-24,0.0,3
2025-12-25,0.15905525332222792,3
2025-12-26,0.0,3
2025-12-27,0.0,3
2025-12-28,0.0,3
2025-12-29,0.0,3
2025-12-30,0.5264002349888172,3
2025-12-31,0.0,3
2026-01-01,0.0,2
